{
  "upper_weights": [
    0.12159612768349992,
    0.24757960166405862,
    0.43800226113254787,
    0.3900971146108729,
    0.5999999999999999,
    0.5999999999999999,
    0.37310004278147696,
    0.27370993996858567
  ],
  "lower_weights": [
    -0.3,
    0.2558120955752737,
    0.3,
    0.3,
    0.3,
    0.3,
    0.3,
    0.3
  ],
  "leading_edge_weight": 0.5,
  "TE_thickness": 0.00011420947558929111,
  "name": "design"
}