{
  "design_name": "Hybrid_SweepTwistThicker_Anhedral",
  "design_params": {
    "le_sweep_deg": 74.40602339631053,
    "root_chord_in": 34.354040513714864,
    "twist_root_deg": -6.7920779617714375,
    "twist_tip_deg": -5.268169992781713,
    "dihedral_deg": -6.19123427041613,
    "naca": {
      "m": 4,
      "p": 4,
      "t": 15,
      "chord_length": 1.0
    }
  },
  "sim_conditions": {
    "aoa_deg": 10.0,
    "mach": 0.3,
    "reynolds": 3000000.0
  },
  "vlm_results": {
    "CL": 0.12006736403781029,
    "CDi": 0.015391289772859902,
    "CM": -0.1657635260405583,
    "L_D": 7.800994316248275
  },
  "corrected_results": {
    "CL": -0.003838067298281955,
    "CDi": -0.002954640702178336,
    "CM": 0.01561356441628706,
    "L_D": 1.2989962858943576
  }
}