{
  "design_name": "HighSweep_AggressiveWashout_NACA0018_LargeChord",
  "design_params": {
    "le_sweep_deg": 74.77007813337886,
    "root_chord_in": 50.0,
    "twist_root_deg": -9.752769332821922,
    "twist_tip_deg": -2.706394588390151,
    "dihedral_deg": 10.50130026584679,
    "naca": {
      "m": 0,
      "p": 0,
      "t": 18,
      "chord_length": 1.0
    }
  },
  "sim_conditions": {
    "aoa_deg": 10.0,
    "mach": 0.3,
    "reynolds": 3000000.0
  },
  "vlm_results": {
    "CL": 0.06119884743521807,
    "CDi": 0.004344364187001756,
    "CM": -0.0648520056037688,
    "L_D": 14.086951461924786
  },
  "corrected_results": {
    "CL": -0.27479210181228586,
    "CDi": -0.013746053268458493,
    "CM": 0.34688208782675345,
    "L_D": 19.990618139304036
  }
}