{
  "SA": 28.749788289972958,
  "AR": 10.527445672718306,
  "TR": 0.3209379538363547,
  "kink": 0.3760206362564248,
  "rootadj": 0.997374587542759,
  "DA_kink": 4.898507161750268,
  "DA_tip": 4.950193211150471,
  "t_root": 0.15196897287777725,
  "r_t2": 0.6723842532234661,
  "r_t3": 0.9638546666559457,
  "r_t4": 0.9715008076482254,
  "r_d1": 0.7025862655568537,
  "r_d2": 0.8699564813495427,
  "r_d4": 0.49190036188502995,
  "tw1": -3.0858761973948305,
  "tw2": -3.696164151279265,
  "tw3": -1.193992620868516,
  "tw4": -1.6455821046826133,
  "cst_upper": [
    0.2612226902526355,
    0.0539086121957959,
    0.48370041218156096,
    0.16385283059944822,
    -0.192180202092388,
    0.3618877775276434,
    0.5350201222617135,
    0.07665471207077845,
    0.5632177555924263,
    0.18081914055638304
  ],
  "cst_lower": [
    -0.16531823553036865,
    -0.15587513461709745,
    -0.08691283937155023,
    -0.2940517527930894,
    -0.13149312133863472,
    -0.052963052111912295,
    0.09382760160694403,
    -0.008418918728563596,
    0.23742729598717022,
    -0.27545664074939075
  ],
  "_score": -0.049057980375605305
}