{
  "upper_weights": [
    -0.2994381172348023,
    -0.06631228110274992,
    0.19938768941485735,
    0.41149302893551293,
    0.3544431342788725,
    -0.21924309685198914,
    0.06682396679280711,
    -0.25945873610194997
  ],
  "lower_weights": [
    -0.21358486967427082,
    0.07342411106977753,
    0.18968465952348074,
    0.2695448339622973,
    -0.14279606022093502,
    -0.27857292006206863,
    0.26079274638699373,
    -0.26754054093836294
  ],
  "leading_edge_weight": -0.2926601461028548,
  "TE_thickness": 0.009593633505859756,
  "_score": 2.330294376420439
}