{
  "design_name": "SweptCamberWashout",
  "design_params": {
    "le_sweep_deg": 68.45647130125465,
    "root_chord_in": 32.516317547354056,
    "twist_root_deg": -1.9918337716453474,
    "twist_tip_deg": -2.534279459136208,
    "dihedral_deg": 2.2518461497294013,
    "naca": {
      "m": 2,
      "p": 4,
      "t": 10,
      "chord_length": 1.0
    }
  },
  "sim_conditions": {
    "aoa_deg": 10.0,
    "mach": 0.3,
    "reynolds": 3000000.0
  },
  "vlm_results": {
    "CL": 0.37837914501442016,
    "CDi": 0.04458482105547834,
    "CM": -0.3773643745637083,
    "L_D": 8.486725662610391
  },
  "corrected_results": {
    "CL": 0.14466835494156774,
    "CDi": 0.014879113347016373,
    "CM": -0.1092192265315141,
    "L_D": 9.722915039865416
  }
}