{
  "design_name": "Balanced Swept Washout CamberThin",
  "design_params": {
    "le_sweep_deg": 68.53926903530017,
    "root_chord_in": 24.549548982849238,
    "twist_root_deg": -7.321763090938199,
    "twist_tip_deg": -6.797535869020838,
    "dihedral_deg": -13.84801533235127,
    "naca": {
      "m": 2,
      "p": 4,
      "t": 6,
      "chord_length": 1.0
    }
  },
  "sim_conditions": {
    "aoa_deg": 10.0,
    "mach": 0.3,
    "reynolds": 3000000.0
  },
  "vlm_results": {
    "CL": 0.12952983641638313,
    "CDi": 0.007060907060517254,
    "CM": -0.1487496715929447,
    "L_D": 18.344645426744123
  },
  "corrected_results": {
    "CL": 0.12931906662986134,
    "CDi": 0.005591060488167542,
    "CM": -0.13119209288798844,
    "L_D": 23.129613228749985
  }
}