{
  "upper_weights": [
    0.6,
    0.36542345749991945,
    0.30436019859798946,
    0.27173572644439953,
    0.16795278459571306,
    0.08550417567556322,
    0.09353124103298603,
    0.14242012141215502
  ],
  "lower_weights": [
    -0.3,
    -0.2326900202943577,
    -0.21482937290839896,
    -0.09489582126425834,
    0.016146863355521957,
    -0.045094304900489095,
    -0.15120842714941718,
    -0.3
  ],
  "leading_edge_weight": 0.3308563820863421,
  "TE_thickness": 0.007391861824214787,
  "name": "design"
}