{
  "design_name": "Hybrid High Sweep Camber Washout",
  "design_params": {
    "le_sweep_deg": 71.37106894728808,
    "root_chord_in": 28.624963048336113,
    "twist_root_deg": -10.0,
    "twist_tip_deg": -10.0,
    "dihedral_deg": -5.675359799135776,
    "naca": {
      "m": 2,
      "p": 0,
      "t": 10,
      "chord_length": 1.0
    }
  },
  "sim_conditions": {
    "aoa_deg": 10.0,
    "mach": 0.3,
    "reynolds": 3000000.0
  },
  "vlm_results": {
    "CL": -0.002337672588881591,
    "CDi": 6.729185376716038e-06,
    "CM": 0.00216741933968172,
    "L_D": -347.3931030300159
  },
  "corrected_results": {
    "CL": 0.03547237780995431,
    "CDi": -0.00010210960452302144,
    "CM": -0.02391757149886651,
    "L_D": -347.3951150399057
  }
}