{
  "design_name": "Hybrid_Sweep_Washout_NACA2407",
  "design_params": {
    "le_sweep_deg": 77.94323468898816,
    "root_chord_in": 33.09673760063708,
    "twist_root_deg": -5.316529757664547,
    "twist_tip_deg": -9.700661005324884,
    "dihedral_deg": -15.0,
    "naca": {
      "m": 2,
      "p": 4,
      "t": 6,
      "chord_length": 1.0
    }
  },
  "sim_conditions": {
    "aoa_deg": 10.0,
    "mach": 0.3,
    "reynolds": 3000000.0
  },
  "vlm_results": {
    "CL": 0.12088359474565441,
    "CDi": 0.006657923019747753,
    "CM": -0.13632809505080565,
    "L_D": 18.15635212169129
  },
  "corrected_results": {
    "CL": 0.04095898582165452,
    "CDi": -4.124242920574083e-05,
    "CM": -0.017942202855207205,
    "L_D": -993.1273838727508
  }
}