{
  "SA": 30.500953807787127,
  "AR": 8.602718186936382,
  "TR": 0.2147325694688595,
  "kink": 0.41603543158762424,
  "rootadj": 0.9362365684874914,
  "DA_kink": 1.8342090425431508,
  "DA_tip": 4.1990924576012985,
  "t_root": 0.15476205237665103,
  "r_t2": 0.6761949169904616,
  "r_t3": 0.9404620708657074,
  "r_t4": 0.9395884299833301,
  "r_d1": 0.7596696353753819,
  "r_d2": 0.8286543933057661,
  "r_d4": 0.11694489326741155,
  "tw1": -2.312043234533228,
  "tw2": -2.0242059061570945,
  "tw3": -1.8251742218233016,
  "tw4": -1.9863999777559405,
  "cst_upper": [
    0.15681890637847695,
    0.15187206648064108,
    0.16703575300495047,
    0.16648056847669918,
    0.1683481716542146,
    0.1618418147289125,
    0.15722689360780762,
    0.16012156557828078,
    0.16046624929399042,
    0.16300424911935732
  ],
  "cst_lower": [
    0.009017400885038324,
    -0.01149574779701993,
    0.03123766177273079,
    0.006721660137840707,
    -0.013516481259268338,
    0.011275888344888975,
    -0.006942626478890546,
    0.016835062586777593,
    0.015121690824622613,
    0.02901913910283862
  ],
  "_score": -0.29719417268452875
}