{
  "upper_weights": [
    0.43981171894962523,
    0.34747762020709183,
    0.581413012554718,
    0.5999886496805453,
    0.4027634800795103,
    0.3222806678464683,
    0.4198874128313079,
    0.006130219789554793
  ],
  "lower_weights": [
    -0.21461538546879022,
    -0.18669349342143168,
    0.018141551300003556,
    0.1500364279792468,
    0.17256273221840915,
    0.3,
    0.29847777663815495,
    0.3
  ],
  "leading_edge_weight": 0.2726570077060626,
  "TE_thickness": 0.01,
  "name": "SmoothLEHighLiftCamberHook"
}