{
  "upper_weights": [
    0.1927775750353145,
    0.2896618273388872,
    0.28738854854890966,
    0.21909336845077648,
    0.06225199628880429,
    0.04797032749592639,
    -0.046051048324681154,
    -0.0380205400084172
  ],
  "lower_weights": [
    -0.129422879742818,
    -0.0022612970185271752,
    0.04065283021492294,
    0.010306518900726092,
    -0.08046512304910766,
    -0.1756093120911298,
    -0.22161802794422253,
    -0.14432528110634868
  ],
  "leading_edge_weight": 0.4402380357512493,
  "TE_thickness": 0.004942368373819278,
  "name": "design"
}