{
  "upper_weights": [
    0.4598187316497237,
    0.4884860151396572,
    0.4095317310476421,
    0.2628481791557235,
    0.22011427117923704,
    0.2623291831814593,
    0.5171061882735757,
    0.5999598219624338
  ],
  "lower_weights": [
    -0.12925030065937934,
    -0.2334304418333754,
    -0.2641384307643457,
    -0.28165925390023777,
    -0.25003568300847495,
    -0.19534350670566877,
    -0.08625324824498162,
    0.07252520799157458
  ],
  "leading_edge_weight": -0.12187550512254641,
  "TE_thickness": 2.6320851374790585e-06,
  "name": "iter_00690"
}