{
  "upper_weights": [
    0.10282780319732875,
    0.06260438014461925,
    0.4787467282218558,
    0.11058170618455525,
    0.41301083486867307,
    0.5534217963651504,
    0.29155414787567946,
    0.3862605308244936
  ],
  "lower_weights": [
    -0.07265671279986889,
    0.1101446276676889,
    0.1175996820770148,
    0.16029705566726957,
    0.09042939742596534,
    0.17054916106152068,
    0.3,
    0.27980665522335657
  ],
  "leading_edge_weight": 0.4855302234749314,
  "TE_thickness": 0.0016104115287870345,
  "name": "AftCamberRefined_HighLift"
}