{
  "upper_weights": [
    -0.18205447152972037,
    -0.261808024378266,
    0.12459579482977812,
    0.5159729353576348,
    0.4739060109685585,
    0.3009911339925038,
    -0.02040235116668826,
    0.062351246344909295
  ],
  "lower_weights": [
    -0.16695198460563276,
    0.2965636810767364,
    -0.1402412798189461,
    -0.08528455421759903,
    0.2133941643739346,
    0.21058885457881377,
    -0.20519891279734734,
    -0.2791905308048888
  ],
  "leading_edge_weight": -0.21542238408880388,
  "TE_thickness": 0.0003785722388976642,
  "name": "design"
}