{
  "design_name": "HighCamber_MaxWashout_ExploratorySweep",
  "design_params": {
    "le_sweep_deg": 69.32528278263685,
    "root_chord_in": 35.608818927816756,
    "twist_root_deg": -10.0,
    "twist_tip_deg": -10.0,
    "dihedral_deg": -11.683437215664286,
    "naca": {
      "m": 4,
      "p": 4,
      "t": 6,
      "chord_length": 1.0
    }
  },
  "sim_conditions": {
    "aoa_deg": 10.0,
    "mach": 0.3,
    "reynolds": 3000000.0
  },
  "vlm_results": {
    "CL": -0.004059661998018047,
    "CDi": 0.024388311103103865,
    "CM": -0.08178933668363035,
    "L_D": -0.1664593329507503
  },
  "corrected_results": {
    "CL": -0.05884945831766832,
    "CDi": 0.006464802112407502,
    "CM": 0.051386204380168096,
    "L_D": -9.103056411382203
  }
}