{
  "upper_weights": [
    0.3130181187837752,
    0.4160274514208706,
    0.334945369748581,
    0.24214270787551695,
    0.20739496222835394,
    0.18144491029546844,
    0.11536633239923914,
    0.04301464237289679
  ],
  "lower_weights": [
    -0.18401940948568044,
    -0.0778198536770124,
    -0.11132931178264643,
    -0.12242629431749723,
    -0.12017460342969138,
    -0.17280484472219632,
    -0.0801609783379313,
    -0.06824776066699674
  ],
  "leading_edge_weight": 0.17988190137254428,
  "TE_thickness": 0.01,
  "name": "Cambered_Efficient_LE_Cusp"
}