{
  "upper_weights": [
    0.5893198713113869,
    0.40577689872397554,
    0.24499134837518266,
    0.23133619449318044,
    0.22715348065515178,
    0.23681800924984558,
    0.28582258031217217,
    0.31612448178221864
  ],
  "lower_weights": [
    -0.20342959334030836,
    -0.1775395047555137,
    -0.08875208645157757,
    -0.19286269246416649,
    -0.1770646424124281,
    -0.2348463765798222,
    -0.3,
    -0.3
  ],
  "leading_edge_weight": 0.5,
  "TE_thickness": 0.006560809874285504,
  "name": "design"
}