{
  "upper_weights": [
    0.29637397308217517,
    0.5722230103310146,
    0.5853557950214654,
    0.5636188964039076,
    -0.09528842092455025,
    0.3854742736750074,
    0.4365291980029464,
    0.5546800180973919
  ],
  "lower_weights": [
    -0.12867204135107604,
    -0.23913300337406737,
    -0.26013064168605193,
    -0.05251908104098966,
    -0.3,
    0.16805272328454082,
    -0.2898194670628465,
    0.3
  ],
  "leading_edge_weight": 0.22866375733021002,
  "TE_thickness": 0.009577512254504464,
  "name": "HPA_HighCamber_Reflex_V1"
}