{
  "upper_weights": [
    0.5889665743847483,
    0.5495692630930162,
    0.5995074980028856,
    0.596757464329192,
    0.5935982496136893,
    0.5421721744666403,
    0.5331897739659544,
    0.37455675917121717
  ],
  "lower_weights": [
    -0.2741605095397468,
    0.05810610616501083,
    0.23504371570194776,
    0.13921330892411565,
    0.04751504689700908,
    -0.117483563090787,
    -0.2000313175035741,
    -0.20692928663660734
  ],
  "leading_edge_weight": 0.4758608435057696,
  "TE_thickness": 0.008454581164970094,
  "name": "iter_00696"
}