{
  "upper_weights": [
    0.5985782371411226,
    0.4526058369891848,
    0.3406227378490464,
    0.23068666579161592,
    0.07018835239121587,
    -0.045075560522802746,
    -0.01957665425729721,
    0.05226498930739973
  ],
  "lower_weights": [
    -0.12073893178807399,
    0.04654322985115703,
    0.0886525783306933,
    0.06690125811474706,
    0.10650412398173187,
    -0.04501851835522054,
    -0.1964003094994437,
    -0.3
  ],
  "leading_edge_weight": -0.40848858277013506,
  "TE_thickness": 0.00560024588401221,
  "name": "design"
}