{
  "design_name": "Exploitation_MaxWashout_NACA2409",
  "design_params": {
    "le_sweep_deg": 71.17429235366873,
    "root_chord_in": 31.12323784361762,
    "twist_root_deg": -8.491165586896674,
    "twist_tip_deg": -3.912608092453784,
    "dihedral_deg": -14.191000302496063,
    "naca": {
      "m": 2,
      "p": 4,
      "t": 7,
      "chord_length": 1.0
    }
  },
  "sim_conditions": {
    "aoa_deg": 10.0,
    "mach": 0.3,
    "reynolds": 3000000.0
  },
  "vlm_results": {
    "CL": 0.10347031267724856,
    "CDi": 0.007820624471527234,
    "CM": -0.1277063784173521,
    "L_D": 13.23044125874549
  },
  "corrected_results": {
    "CL": 0.052460998029905975,
    "CDi": 0.000844704381968132,
    "CM": -0.041035768443727326,
    "L_D": 62.10574864981009
  }
}