{
  "upper_weights": [
    0.4231701600651982,
    0.44597451223761125,
    0.598063315037541,
    0.44793987489663406,
    0.5818063230426775,
    0.4231701600651982,
    0.44597451223761125,
    0.598063315037541
  ],
  "lower_weights": [
    0.19862658326442273,
    0.28787088202845174,
    0.18211344004346547,
    0.19731634149174082,
    0.29870887669169394,
    0.19862658326442273,
    0.28787088202845174,
    0.18211344004346547
  ],
  "leading_edge_weight": 0.3288605691529014,
  "TE_thickness": 0.009978481278194899,
  "_score": 2.1060708094874494
}