{
  "upper_weights": [
    0.20676986666882485,
    0.4655506668277875,
    0.020869755225972737,
    0.5026178307058277,
    0.5782201622652301,
    -0.18420552723763545,
    0.4628271363770006,
    0.4990318174756163
  ],
  "lower_weights": [
    0.09068915562678387,
    0.3,
    0.3,
    -0.25994544959838756,
    0.2544711814129039,
    0.12219531315791929,
    0.09881020194656669,
    0.299362878308763
  ],
  "leading_edge_weight": 0.3745707820860275,
  "TE_thickness": 0.007387462046203574,
  "name": "design"
}