{
  "SA": 31.585328715772498,
  "AR": 10.086536012740206,
  "TR": 0.33455647798922994,
  "kink": 0.38900596202813764,
  "rootadj": 0.3844014200212757,
  "DA_kink": 3.2730121874326583,
  "DA_tip": 5.61969585997585,
  "t_root": 0.1492240135114088,
  "r_t2": 0.6457511759414961,
  "r_t3": 0.9228160166352655,
  "r_t4": 0.9648943548651375,
  "r_d1": 0.4725872606638293,
  "r_d2": 0.7511767487057486,
  "r_d4": 0.22520344834031847,
  "tw1": -2.8045923001352033,
  "tw2": -3.2248529173646285,
  "tw3": -1.75270416131744,
  "tw4": -1.5392599770306339,
  "cst_upper": [
    0.10391779641262223,
    0.08440270981599637,
    0.12104327211914179,
    0.08169863067295796,
    0.10948622292528723,
    0.10983417607006211,
    0.11700127668162989,
    0.07093036958151454,
    0.06016854817774282,
    0.06619478521531488
  ],
  "cst_lower": [
    -0.007668678823193697,
    -0.1,
    -0.025956707233448395,
    -0.060398819647876,
    -0.03328313907378368,
    -0.021083432705640767,
    -0.02661275755229964,
    -0.021509340901396813,
    -0.03923750450115684,
    -0.03151968838842073
  ],
  "_score": 17.195866440644615
}