{
  "name": "design",
  "mach": 0.82,
  "aoa": 3.0,
  "SA": 35.05136053429235,
  "AR": 9.632034566161849,
  "TR": 0.2503480817872228,
  "kink": 0.3796459043876084,
  "rootadj": 0.39905717149505626,
  "DA_kink": 2.6147547446890873,
  "DA_tip": 5.230866101799771,
  "t_root": 0.1519852281936216,
  "r_t2": 0.6967990655696359,
  "r_t3": 0.9520213751110401,
  "r_t4": 0.9379570257437964,
  "r_d1": 0.4937343722064723,
  "r_d2": 0.7230956780687575,
  "r_d4": 0.6215165206264147,
  "tw1": -2.0487084808362868,
  "tw2": -2.2268505277504986,
  "tw3": -1.7255581956119856,
  "tw4": -2.172880665216903,
  "cst_upper": [
    -0.13390194465536873,
    0.3753384317669054,
    0.279479326853072,
    0.3695301156325475,
    0.25577632725520333,
    0.329781754174278,
    0.23949751697795757,
    0.34071296958528346,
    0.21097060159713357,
    0.04102409920001499
  ],
  "cst_lower": [
    -0.116181893424844,
    -0.2311426543524173,
    -0.01452525626633576,
    -0.2400048490441569,
    0.2487007290298152,
    -0.17088596076373913,
    0.08255281077497463,
    0.22157055991653388,
    0.15429284839285584,
    0.03401184349799243
  ]
}