{
  "upper_weights": [
    0.2581382338593637,
    0.27621766984036095,
    0.14310972305619013,
    0.24295910011090077,
    0.4042823812617706,
    0.5641993320332899,
    0.5945087990615558,
    0.5128443883816092
  ],
  "lower_weights": [
    -0.07998017931271231,
    -0.2800514417154698,
    -0.2972539332940808,
    -0.2973889855291243,
    -0.2028332854468643,
    -0.1302877942674576,
    -0.010843777742066518,
    0.2544052263010195
  ],
  "leading_edge_weight": 0.4942303352728378,
  "TE_thickness": 0.00048753354510608127,
  "name": "iter_00697"
}