{
  "upper_weights": [
    0.15946621095553648,
    0.4870106303348581,
    0.07380286699677407,
    0.5999999999999999,
    0.5999999999999999,
    -0.3,
    0.5872740248284021,
    0.5396234433765126
  ],
  "lower_weights": [
    0.09058109536062076,
    0.15318998999215955,
    0.3,
    -0.3,
    0.3,
    -0.3,
    0.3,
    0.3
  ],
  "leading_edge_weight": 0.5,
  "TE_thickness": 0.0034886034229481243,
  "name": "iter_0098"
}