{
  "upper_weights": [
    0.5995503205513935,
    0.5277102731974799,
    0.43973809977522677,
    0.310651811783428,
    0.18851942548748146,
    0.10831167730791008,
    0.1324020644649923,
    0.3573733208248661
  ],
  "lower_weights": [
    -0.12151195348580698,
    0.05984602779415116,
    0.18068196647097035,
    0.13315406409795355,
    -0.012765109953316256,
    -0.13576803695830483,
    -0.2702625172556326,
    -0.2973251558370378
  ],
  "leading_edge_weight": 0.18495910359647638,
  "TE_thickness": 0.0026590113137796717,
  "name": "iter_00683"
}