{
  "design_name": "HighSweep_Symmetric_Thick_ExtremeWashout",
  "design_params": {
    "le_sweep_deg": 65.97871419555335,
    "root_chord_in": 39.7052060093772,
    "twist_root_deg": -10.0,
    "twist_tip_deg": -8.762558223614135,
    "dihedral_deg": 9.884381291173682,
    "naca": {
      "m": 0,
      "p": 0,
      "t": 18,
      "chord_length": 1.0
    }
  },
  "sim_conditions": {
    "aoa_deg": 10.0,
    "mach": 0.3,
    "reynolds": 3000000.0
  },
  "vlm_results": {
    "CL": 0.011728589474282056,
    "CDi": 0.00010203358211574632,
    "CM": -0.01277713363484802,
    "L_D": 114.94832614008602
  },
  "corrected_results": {
    "CL": -0.11470708404845853,
    "CDi": -0.0005930784038424548,
    "CM": 0.15431173640581877,
    "L_D": 193.4096458500102
  }
}