{
  "upper_weights": [
    0.49920473610011284,
    0.3834284274930586,
    0.18086903113905442,
    0.026410447286174657,
    -0.04701807178822959,
    -0.07363781773039421,
    -0.023002121675356355,
    0.20866597002916046
  ],
  "lower_weights": [
    -0.10997463644999453,
    -0.10131067771285779,
    -0.11248011336774404,
    -0.14639460623874254,
    -0.07476091259221487,
    -0.08239863674894476,
    -0.03953048780185841,
    -0.08280520124893198
  ],
  "leading_edge_weight": -0.41384062975835134,
  "TE_thickness": 0.0023873810040565863,
  "name": "design"
}