{
  "design_name": "HighSweep_FrontCamber_AggressiveWashout",
  "design_params": {
    "le_sweep_deg": 74.41042346556199,
    "root_chord_in": 23.710527182124228,
    "twist_root_deg": -5.378154639335459,
    "twist_tip_deg": -10.0,
    "dihedral_deg": -4.515377296648114,
    "naca": {
      "m": 4,
      "p": 0,
      "t": 9,
      "chord_length": 1.0
    }
  },
  "sim_conditions": {
    "aoa_deg": 10.0,
    "mach": 0.3,
    "reynolds": 3000000.0
  },
  "vlm_results": {
    "CL": 0.1537062680868288,
    "CDi": 0.007303848495326263,
    "CM": -0.14528329360499276,
    "L_D": 21.04455865769745
  },
  "corrected_results": {
    "CL": 0.14307900243683647,
    "CDi": 0.007624339950575229,
    "CM": -0.13027853708433768,
    "L_D": 18.766083800610396
  }
}