{
  "design_name": "Initial_Vortex_Performance_Baseline",
  "design_params": {
    "le_sweep_deg": 64.74985667538006,
    "root_chord_in": 25.734,
    "twist_root_deg": 0.0,
    "twist_tip_deg": 0.0,
    "dihedral_deg": 0.0,
    "naca": {
      "m": 2,
      "p": 4,
      "t": 11,
      "chord_length": 1.0
    }
  },
  "sim_conditions": {
    "aoa_deg": 0.0,
    "mach": 0.3,
    "reynolds": 3000000.0
  },
  "vlm_results": {
    "CL": 0.09176530981291008,
    "CDi": 0.0032394195588751158,
    "CM": -0.11613238627202839,
    "L_D": 28.32770135053931
  },
  "corrected_results": {
    "CL": 0.04810459768499624,
    "CDi": 0.0016123807703139097,
    "CM": -0.06057626719578655,
    "L_D": 29.834514632440634
  }
}