{
  "upper_weights": [
    0.3500985951510097,
    0.24701748091268683,
    0.12808261855603742,
    0.17118260495501114,
    0.18188881693614076,
    0.04101846571391469,
    -0.010943481042336676,
    -0.013042747688388145
  ],
  "lower_weights": [
    -0.13198969734537652,
    -0.07293749234480912,
    -0.01650609496034095,
    -0.09545589548801461,
    -0.18257585621225625,
    -0.2950000009053307,
    -0.3,
    -0.27946298924834523
  ],
  "leading_edge_weight": 0.25016992380416214,
  "TE_thickness": 0.00923730723591318,
  "name": "RefinedReflex_Variant1"
}