{
  "upper_weights": [
    0.3448328023676971,
    0.3964822316469474,
    0.3417599440046051,
    0.22443633460555018,
    0.0815550495813722,
    -0.052267807595211595,
    -0.08124480332215811,
    -0.09154540493895821
  ],
  "lower_weights": [
    -0.08387602483768608,
    0.04493805832947482,
    -0.0195633174337854,
    -0.046407883165131135,
    -0.01404361114612508,
    -0.12850645303738747,
    -0.2345865784567882,
    -0.2999741862867121
  ],
  "leading_edge_weight": -0.013098032740001554,
  "TE_thickness": 0.0013979262500191099,
  "name": "Reflexed_SmoothedUpper_LE_Explorer"
}