{
  "design_name": "Hybrid_AggressiveWashout_Anhedral_2409",
  "design_params": {
    "le_sweep_deg": 71.18022964270581,
    "root_chord_in": 34.255208207771936,
    "twist_root_deg": -7.832954269311513,
    "twist_tip_deg": -10.0,
    "dihedral_deg": -10.91326599430479,
    "naca": {
      "m": 2,
      "p": 0,
      "t": 9,
      "chord_length": 1.0
    }
  },
  "sim_conditions": {
    "aoa_deg": 10.0,
    "mach": 0.3,
    "reynolds": 3000000.0
  },
  "vlm_results": {
    "CL": 0.05583391157638425,
    "CDi": 0.0011531473642615398,
    "CM": -0.048488655062400556,
    "L_D": 48.41871325972249
  },
  "corrected_results": {
    "CL": -0.0009533543370897794,
    "CDi": 0.00030756081092450714,
    "CM": 0.031371578206874334,
    "L_D": -3.0997263085113484
  }
}