{
  "upper_weights": [
    0.338943086053124,
    0.3408657862994023,
    0.20836971201071425,
    0.18550867050125291,
    0.12921335340553314,
    0.036763392477642765,
    0.021530314153547225,
    -0.05806536318829786
  ],
  "lower_weights": [
    -0.13779493626611064,
    -0.03502805397191122,
    -0.04927578701837387,
    -0.06650028392855906,
    -0.156895070783614,
    -0.19342032556396033,
    -0.22474462447361324,
    -0.09186618257419196
  ],
  "leading_edge_weight": 0.3647906178078436,
  "TE_thickness": 0.0055868982844575164,
  "name": "design"
}