{
  "upper_weights": [
    0.5446561062330877,
    0.48916671204127343,
    0.48929250317605005,
    0.4013830068252227,
    0.29489249054644556,
    0.16622212266608832,
    0.027426062901426518,
    0.05235258795342418
  ],
  "lower_weights": [
    -0.2767001908530515,
    -0.04491157294617354,
    -0.09187741811832575,
    -0.04347695868551604,
    -0.0013263353696694735,
    0.01469763583027478,
    -0.08471019692760165,
    -0.27492841610501384
  ],
  "leading_edge_weight": -0.05429286225667368,
  "TE_thickness": 0.00842373979175022,
  "name": "iter_00661"
}