{
  "upper_weights": [
    -0.25985752828600883,
    0.2960695126685476,
    0.09614172848063107,
    0.5906998243889086,
    0.22961153409509732,
    -0.0571356078402539,
    0.4586721924174724,
    0.5561674301745778
  ],
  "lower_weights": [
    -0.04914753327143295,
    -0.2046963675138983,
    -0.19470249134732484,
    -0.19418372353388702,
    0.1741685586679107,
    0.03523477109490908,
    0.22594707472361303,
    -0.014031292667715134
  ],
  "leading_edge_weight": 0.15742137786130495,
  "TE_thickness": 0.008204270724731457,
  "name": "design"
}