{
  "design_name": "HigherSweepDifferentialTwist",
  "design_params": {
    "le_sweep_deg": 76.972213892114,
    "root_chord_in": 39.07178613704289,
    "twist_root_deg": -5.470560121711496,
    "twist_tip_deg": -9.045937079005215,
    "dihedral_deg": -7.896114592109306,
    "naca": {
      "m": 2,
      "p": 4,
      "t": 11,
      "chord_length": 1.0
    }
  },
  "sim_conditions": {
    "aoa_deg": 10.0,
    "mach": 0.3,
    "reynolds": 3000000.0
  },
  "vlm_results": {
    "CL": 0.17012291503860927,
    "CDi": 0.009177772563643482,
    "CM": -0.18882348584686895,
    "L_D": 18.536405632073347
  },
  "corrected_results": {
    "CL": -0.03873929783031662,
    "CDi": -0.006170608782968767,
    "CM": 0.07594378018077129,
    "L_D": 6.278034986959357
  }
}