{
  "upper_weights": [
    0.12559609643650566,
    0.29744819502581893,
    0.3854720923498806,
    0.4257163849999001,
    0.5236654606204747,
    0.4331330171947309,
    0.3184969759740475,
    0.1348771507091998
  ],
  "lower_weights": [
    -0.3,
    -0.2595077885333093,
    -0.2086140805434316,
    -0.09736567143301644,
    -0.006942644782508667,
    0.011033256369072708,
    -0.07232315057590966,
    -0.21055264214423397
  ],
  "leading_edge_weight": 0.5,
  "TE_thickness": 0.004489824680074138,
  "name": "iter_0553"
}