{
  "upper_weights": [
    0.44676518738070065,
    0.30708987925038406,
    0.2833918468206588,
    0.1889437761964744,
    0.08767696907536293,
    -0.06131946091447274,
    -0.024150766111537825,
    0.042726687546078224
  ],
  "lower_weights": [
    -0.1216484346901898,
    -0.13541130867529758,
    -0.15873799200824207,
    -0.20021983384407033,
    -0.18543004645080383,
    -0.15968261379091653,
    -0.18235069276484717,
    -0.2055248766195909
  ],
  "leading_edge_weight": -0.36159928159039345,
  "TE_thickness": 0.00558854087990882,
  "name": "design"
}