{
  "upper_weights": [
    0.43084966608471836,
    -0.23685975854543997,
    0.3723767246542659,
    0.2658313765608274,
    -0.16470666472318285,
    0.2591700135048574,
    0.4262649560901924,
    0.0074638414874702574
  ],
  "lower_weights": [
    -0.14868783208206063,
    -0.02690601128803244,
    -0.2790458053654053,
    -0.25020956479058226,
    0.025607233496197923,
    -0.1148099952389521,
    -0.17905276833674255,
    -0.24378393058466846
  ],
  "leading_edge_weight": 0.43096744333581294,
  "TE_thickness": 0.0034388866551988695,
  "name": "design"
}