{
  "upper_weights": [
    0.2450447515171922,
    0.3549489540034751,
    0.3100580221663324,
    0.21504849607593735,
    0.10197304307603294,
    -0.015005914150540286,
    -0.055021403780057015,
    -0.10502051997846572
  ],
  "lower_weights": [
    -0.054995723937433086,
    -0.08500496857216243,
    -0.1050029746456374,
    -0.14798022017324836,
    -0.2179842049430743,
    -0.2950064589179681,
    -0.26493760344592676,
    -0.21496643162005208
  ],
  "leading_edge_weight": 0.07989926280666797,
  "TE_thickness": 0.001998851621813837,
  "name": "ReflexOpti_V1"
}