{
  "upper_weights": [
    0.2957816490021749,
    0.3261296323380906,
    0.22324878389689745,
    0.06427887001608185,
    0.047478131692527625,
    -0.0022074751837924955,
    -0.024456021961700658,
    -0.07334848557592624
  ],
  "lower_weights": [
    -0.11521279619736202,
    -0.10653276909414161,
    -0.11692480612869025,
    -0.17163574744906704,
    -0.23794842405390415,
    -0.25773376593463804,
    -0.27228572676188934,
    -0.2395570873288044
  ],
  "leading_edge_weight": 0.10969256452706944,
  "TE_thickness": 0.006987013225838391,
  "name": "design"
}