{
  "design_name": "HighSweepCamberWashout",
  "design_params": {
    "le_sweep_deg": 70.68337163169838,
    "root_chord_in": 36.43240057525073,
    "twist_root_deg": -6.720363171833019,
    "twist_tip_deg": -7.505138682769669,
    "dihedral_deg": -0.9323950221448916,
    "naca": {
      "m": 2,
      "p": 4,
      "t": 9,
      "chord_length": 1.0
    }
  },
  "sim_conditions": {
    "aoa_deg": 10.0,
    "mach": 0.3,
    "reynolds": 3000000.0
  },
  "vlm_results": {
    "CL": 0.19804298208373686,
    "CDi": 0.010035109723318803,
    "CM": -0.2156099246940338,
    "L_D": 19.73500913732314
  },
  "corrected_results": {
    "CL": 0.01997089694120647,
    "CDi": -0.002913166464326793,
    "CM": 0.010834372689391072,
    "L_D": -6.855391611073474
  }
}