{
  "upper_weights": [
    0.2987321698400099,
    0.3488275367364453,
    0.2936335783664222,
    0.11046609925221759,
    -0.020649354551401707,
    -0.13124989877643867,
    -0.12417824445023534,
    0.0003489166740417797
  ],
  "lower_weights": [
    -0.23465096456607273,
    -0.17773413630792737,
    -0.12059572230156067,
    -0.13284706562991716,
    -0.17174948803104492,
    -0.19839479391661274,
    -0.16703945684955493,
    -0.28743587402562204
  ],
  "leading_edge_weight": 0.009521872053414714,
  "TE_thickness": 0.0012178213373152831,
  "name": "Reflexed_Explorer_01"
}