{
  "design_name": "HighSweep_MaxCamber_Thick_Large",
  "design_params": {
    "le_sweep_deg": 79.72364980637212,
    "root_chord_in": 41.80671972002497,
    "twist_root_deg": -10.0,
    "twist_tip_deg": -10.0,
    "dihedral_deg": -15.0,
    "naca": {
      "m": 4,
      "p": 4,
      "t": 13,
      "chord_length": 1.0
    }
  },
  "sim_conditions": {
    "aoa_deg": 10.0,
    "mach": 0.3,
    "reynolds": 3000000.0
  },
  "vlm_results": {
    "CL": -0.14023777866786,
    "CDi": 0.02407864800815347,
    "CM": 0.04913632900358825,
    "L_D": -5.824155019848828
  },
  "corrected_results": {
    "CL": -0.18981110939973608,
    "CDi": 0.0019562820187275414,
    "CM": 0.2078910550433165,
    "L_D": -97.02645507277025
  }
}