{
  "upper_weights": [
    -0.22349203106690652,
    0.17887622692906313,
    -0.01937310976725637,
    0.409072112924364,
    -0.21104972472234312,
    0.003642237484616173,
    0.002764597675429692,
    0.17363900545660205
  ],
  "lower_weights": [
    -0.17694605563527677,
    0.2528541215070153,
    0.1707665191502707,
    0.030308202940133477,
    0.04895984757712302,
    0.2786741461199886,
    -0.21577478159519609,
    -0.2366547954672191
  ],
  "leading_edge_weight": -0.2500603400034449,
  "TE_thickness": 0.009747300119074057,
  "_score": 2.061956151890805
}