{
  "upper_weights": [
    0.5060170057836035,
    0.007790971579285488,
    0.4751852480776089,
    0.4912005177557775,
    -0.04510467891103637,
    0.5288015682550182,
    0.18667649901817962,
    0.5493000487607804
  ],
  "lower_weights": [
    -0.022902425446547026,
    -0.04600502181510713,
    0.1540175152576056,
    -0.24530768958458748,
    -0.171559296090165,
    -0.10308507226545754,
    0.03538706691430438,
    0.2972166923158501
  ],
  "leading_edge_weight": 0.034706533407600326,
  "TE_thickness": 0.009561172597189666,
  "_score": 1.5951433066940204
}