{
  "upper_weights": [
    0.45263190277158954,
    0.37657101712484004,
    0.2622928247574427,
    0.23609384223547086,
    0.15705616196423555,
    0.10612461901087933,
    0.13357653946022346,
    0.20471154927351404
  ],
  "lower_weights": [
    -0.06994846607207925,
    0.03408963999300152,
    -0.09083602186776271,
    -0.09923932786505288,
    -0.06248556453547838,
    -0.06191962400483242,
    -0.10877115608474577,
    -0.17493783641938995
  ],
  "leading_edge_weight": -0.0017117111148857722,
  "TE_thickness": 0.008812493242405713,
  "name": "design"
}