{
  "upper_weights": [
    0.32503148158238165,
    0.3614179965911351,
    0.4499284365945649,
    0.5557396162169976,
    0.5232664439688439,
    0.32734141972831726,
    0.1768854374535635,
    0.14589836382988391
  ],
  "lower_weights": [
    -0.08879994545781283,
    0.04850343781606847,
    0.0783180351056772,
    0.020189970407978153,
    0.0023533744127033907,
    0.05006531869143138,
    0.060751324708256726,
    0.03692133020864502
  ],
  "leading_edge_weight": 0.24115416592093153,
  "TE_thickness": 0.0021704835457940132,
  "name": "design"
}