{
  "upper_weights": [
    0.18934935006774523,
    0.10779084493351038,
    0.5655547902049207,
    0.04881743895617491,
    0.4686745295083617,
    0.5999998669167608,
    -0.15983671130208021,
    0.3592114646385886
  ],
  "lower_weights": [
    -0.041678384240482425,
    0.18787185001743772,
    0.0637419660949492,
    0.18745885554129177,
    0.06909067937541952,
    0.1808488449524262,
    -0.13185101133913038,
    0.28638031615948994
  ],
  "leading_edge_weight": 0.3203366111195408,
  "TE_thickness": 0.0016777697743281593,
  "name": "iter_00574"
}