{
  "upper_weights": [
    0.4068017890080214,
    0.5060027549930859,
    0.5774078595591634,
    0.5037049778839686,
    0.47680327448888343,
    0.45332036674989334,
    0.3363868703165989,
    0.1710952269863114
  ],
  "lower_weights": [
    -0.2997817570992853,
    -0.1748238013192445,
    -0.004844325730611054,
    0.1272895323280332,
    0.04651310576909984,
    -0.10697114552380796,
    -0.20808361112371698,
    -0.2782177776615899
  ],
  "leading_edge_weight": 0.49808455485757774,
  "TE_thickness": 0.009383236872058456,
  "name": "iter_00553"
}