{
  "SA": 32.48265197156114,
  "AR": 8.911576184407634,
  "TR": 0.23272502883524074,
  "kink": 0.3940561491981572,
  "rootadj": 0.6425434550661522,
  "DA_kink": 2.6753331304453303,
  "DA_tip": 5.242954239964645,
  "t_root": 0.15696289759534973,
  "r_t2": 0.6413710316713652,
  "r_t3": 0.9349854838419653,
  "r_t4": 0.9617542526909925,
  "r_d1": 0.5506490996811669,
  "r_d2": 0.810634997145164,
  "r_d4": 0.11560457940110808,
  "tw1": -3.0745583995412007,
  "tw2": -2.848915533083761,
  "tw3": -1.791464122164263,
  "tw4": -2.4534901063498458,
  "cst_upper": [
    0.03075804048701474,
    0.18957172969418126,
    0.030354780574681398,
    0.1483417712839017,
    0.07608589005125921,
    0.21706402778761255,
    0.07263927712996716,
    0.09162690884962707,
    0.24265602525842903,
    0.24722169391671486
  ],
  "cst_lower": [
    -0.0040395376842414735,
    -0.007161803617058654,
    -0.10712774999342516,
    -0.09473253653036956,
    -0.03602278897118965,
    0.021778101252947595,
    -0.005297014913408294,
    -0.0312757167542836,
    0.07735546119566507,
    0.08304316031790422
  ],
  "_score": 13.33081672650374
}