{
  "name": "design",
  "mach": 0.82,
  "aoa": 3.0,
  "SA": 34.114021633488576,
  "AR": 10.428205278233502,
  "TR": 0.23321211381644003,
  "kink": 0.39552223342846704,
  "rootadj": 0.9473225832122751,
  "DA_kink": 3.3534018670285013,
  "DA_tip": 4.989009978937115,
  "t_root": 0.14,
  "r_t2": 0.6002693051352745,
  "r_t3": 0.9380652722637722,
  "r_t4": 0.973271472797581,
  "r_d1": 0.6497945209489964,
  "r_d2": 0.557704656066354,
  "r_d4": 0.039548036005440726,
  "tw1": -3.948982018513665,
  "tw2": -2.631361476086753,
  "tw3": -2.7475879941953902,
  "tw4": -2.123727013622187,
  "cst_upper": [
    0.2103509360500853,
    0.09475082623166126,
    0.09475797082781229,
    0.26969648333207513,
    0.133329618934727,
    0.3002386951700537,
    0.48903753817698054,
    0.030702509597347993,
    0.5577953495182886,
    0.5966467339608739
  ],
  "cst_lower": [
    -0.12038269225960299,
    -0.2780326197364191,
    -0.28551058656244954,
    -0.3,
    -0.2967146026988319,
    -0.2464627591050828,
    -0.2221772408351931,
    0.08087584164296002,
    0.18810643226417556,
    0.08197963172075201
  ]
}