{
  "design_name": "LowerSweep_PosDihedral_NACA44_Thin",
  "design_params": {
    "le_sweep_deg": 57.79600374855921,
    "root_chord_in": 30.33856835679424,
    "twist_root_deg": -2.1919835493198514,
    "twist_tip_deg": -10.0,
    "dihedral_deg": 7.421642966583736,
    "naca": {
      "m": 4,
      "p": 4,
      "t": 7,
      "chord_length": 1.0
    }
  },
  "sim_conditions": {
    "aoa_deg": 10.0,
    "mach": 0.3,
    "reynolds": 3000000.0
  },
  "vlm_results": {
    "CL": 0.4558569497746096,
    "CDi": 0.031928860663001705,
    "CM": -0.4632105663744613,
    "L_D": 14.277269539493599
  },
  "corrected_results": {
    "CL": 0.32681131842661204,
    "CDi": 0.018986556471260723,
    "CM": -0.29876137116068807,
    "L_D": 17.21277467671901
  }
}