{
  "upper_weights": [
    0.44844179861172667,
    0.42829778438681393,
    0.3860724132010019,
    0.18147732555465657,
    0.03280877415876571,
    -0.043118272354888354,
    -0.07042660396723469,
    -0.08887121643100412
  ],
  "lower_weights": [
    -0.20557389190989683,
    -0.10092364294020598,
    -0.10035733708207797,
    -0.17258276238107084,
    -0.121817824246711,
    -0.07709622851913847,
    -0.18712521982326655,
    -0.3
  ],
  "leading_edge_weight": -0.06183260259958484,
  "TE_thickness": 0.006846502814895824,
  "name": "design"
}