{
  "upper_weights": [
    0.14132872901840077,
    0.10557095368203379,
    0.16710517634909494,
    0.26389835615905993,
    0.2853327499887984,
    0.16288700051495653,
    0.11847356604429521,
    0.11694998320828454
  ],
  "lower_weights": [
    -0.21636049605209207,
    -0.10269035886309741,
    -0.08291088598675714,
    -0.14917758098428358,
    -0.23452879052497405,
    -0.3,
    -0.3,
    -0.3
  ],
  "leading_edge_weight": 0.5,
  "TE_thickness": 0.0,
  "name": "iter_0335"
}