{
  "design_name": "Exploit_RefinedWashout_SweepUp_NACA4410",
  "design_params": {
    "le_sweep_deg": 66.91836267992437,
    "root_chord_in": 41.738571524014375,
    "twist_root_deg": -7.21979268770236,
    "twist_tip_deg": 0.044932805045176494,
    "dihedral_deg": -7.253579363853816,
    "naca": {
      "m": 2,
      "p": 4,
      "t": 7,
      "chord_length": 1.0
    }
  },
  "sim_conditions": {
    "aoa_deg": 10.0,
    "mach": 0.3,
    "reynolds": 3000000.0
  },
  "vlm_results": {
    "CL": 0.20761157750155787,
    "CDi": 0.02057350784733958,
    "CM": -0.22615615555316115,
    "L_D": 10.091209483676103
  },
  "corrected_results": {
    "CL": -0.04675405450316624,
    "CDi": -0.011715643907475185,
    "CM": 0.0959769383295343,
    "L_D": 3.99073707535057
  }
}