{
  "upper_weights": [
    0.6,
    0.3458948579539153,
    0.2751636296266424,
    0.15196041587366915,
    0.050899670088100986,
    -0.024429106657159368,
    -0.06559706641948976,
    -0.07314307937625755
  ],
  "lower_weights": [
    -0.129313935345889,
    -0.09003577162832255,
    -0.11701732638301808,
    -0.16416592837085223,
    -0.11431883631898232,
    -0.07713227363697694,
    -0.18722811753494747,
    -0.3
  ],
  "leading_edge_weight": -0.17700373089372484,
  "TE_thickness": 0.005811939207765353,
  "name": "design"
}