{
  "upper_weights": [
    0.3218375154539313,
    0.41451137482875766,
    0.3286558234306818,
    0.16990767363423398,
    0.028174528264709627,
    0.010832035107557631,
    -0.0044826611267484535,
    -0.08085289810208851
  ],
  "lower_weights": [
    -0.0773442860825586,
    -0.06475850670457024,
    -0.07588203939971755,
    -0.10993597802329716,
    -0.1472772986665698,
    -0.1805279255998938,
    -0.28621327739072705,
    -0.22734225990460055
  ],
  "leading_edge_weight": 0.14847165378177737,
  "TE_thickness": 0.00016110307275613616,
  "name": "Refined_Reflex_HighLD_001"
}