{
  "upper_weights": [
    0.2851196107141421,
    0.3216077481156355,
    0.2763034899756586,
    0.23712304233899478,
    0.15160018492559751,
    0.06676743302822802,
    0.05558299859093685,
    0.02021855375851439
  ],
  "lower_weights": [
    -0.12967712333448486,
    0.10467795003716363,
    0.06964512218081953,
    0.037368539931336264,
    0.04821864699671674,
    0.03554968128890995,
    -0.03379678983641993,
    -0.08694389124447041
  ],
  "leading_edge_weight": -0.025275486512097656,
  "TE_thickness": 0.003865712826436294,
  "name": "design"
}