{
  "upper_weights": [
    0.463879941938412,
    0.4003859963473547,
    0.33130731441347744,
    0.11189777367167086,
    0.045703394976369764,
    0.13478327043687752,
    0.24701880204210186,
    0.3559846535196531
  ],
  "lower_weights": [
    -0.09279889677578876,
    -0.10903956359486544,
    -0.09614307729100997,
    -0.08108438989020679,
    -0.06896266953133322,
    -0.14892975253326335,
    -0.25967183710749736,
    -0.3
  ],
  "leading_edge_weight": -0.04866614304930009,
  "TE_thickness": 0.0072465766837086,
  "name": "design"
}