{
  "design_name": "HighSweepCamberThickTipWashout",
  "design_params": {
    "le_sweep_deg": 72.21989197681707,
    "root_chord_in": 39.52467470625067,
    "twist_root_deg": -1.1392905058881198,
    "twist_tip_deg": -9.77148996463505,
    "dihedral_deg": 5.1059044888935565,
    "naca": {
      "m": 4,
      "p": 4,
      "t": 19,
      "chord_length": 1.0
    }
  },
  "sim_conditions": {
    "aoa_deg": 10.0,
    "mach": 0.3,
    "reynolds": 3000000.0
  },
  "vlm_results": {
    "CL": 0.3793074779840807,
    "CDi": 0.030869785579150967,
    "CM": -0.41108466011811057,
    "L_D": 12.287337630238023
  },
  "corrected_results": {
    "CL": -3.6835644785555666e-05,
    "CDi": -0.009051564997855205,
    "CM": 0.03588402708880584,
    "L_D": 0.004069533256877013
  }
}