{
  "design_name": "HighSweep_DiffTwist_NACA4409_Compact",
  "design_params": {
    "le_sweep_deg": 72.16484745203907,
    "root_chord_in": 26.310693889363268,
    "twist_root_deg": 4.448128118147246,
    "twist_tip_deg": -10.0,
    "dihedral_deg": -13.493012783192988,
    "naca": {
      "m": 4,
      "p": 4,
      "t": 9,
      "chord_length": 1.0
    }
  },
  "sim_conditions": {
    "aoa_deg": 10.0,
    "mach": 0.3,
    "reynolds": 3000000.0
  },
  "vlm_results": {
    "CL": 0.3593266294646768,
    "CDi": 0.04073155571516166,
    "CM": -0.36309354576983993,
    "L_D": 8.821824336332021
  },
  "corrected_results": {
    "CL": 0.2309516241386919,
    "CDi": 0.029482995647008604,
    "CM": -0.2133742926839497,
    "L_D": 7.833383924205296
  }
}