{
  "upper_weights": [
    0.22407264160966506,
    0.3206688979174355,
    0.3153838206286225,
    0.08923135346748479,
    0.01840579197942427,
    -0.04904411796989333,
    -0.056431370281664006,
    -0.08001304449646746
  ],
  "lower_weights": [
    -0.12035996074184782,
    -0.11768986685667399,
    -0.10285340727104736,
    -0.1435118093432526,
    -0.1729355477151659,
    -0.17312892704925256,
    -0.2091192235360584,
    -0.2614471785497392
  ],
  "leading_edge_weight": 0.3845959665991674,
  "TE_thickness": 0.005409760570871922,
  "name": "design"
}