{
  "design_name": "HighSweep_WashinRoot_NACA4410",
  "design_params": {
    "le_sweep_deg": 80.0,
    "root_chord_in": 31.915065328845305,
    "twist_root_deg": -0.684274113555484,
    "twist_tip_deg": -5.232112444987421,
    "dihedral_deg": 9.806942228702063,
    "naca": {
      "m": 4,
      "p": 4,
      "t": 11,
      "chord_length": 1.0
    }
  },
  "sim_conditions": {
    "aoa_deg": 10.0,
    "mach": 0.3,
    "reynolds": 3000000.0
  },
  "vlm_results": {
    "CL": 0.32232089000217484,
    "CDi": 0.034068116145529785,
    "CM": -0.37051172091649703,
    "L_D": 9.461071713660571
  },
  "corrected_results": {
    "CL": 0.09837292451369085,
    "CDi": 0.007160361096258558,
    "CM": -0.07775993866394415,
    "L_D": 13.738542399082752
  }
}