{
  "upper_weights": [
    0.5999385317051148,
    0.4450952371003835,
    0.33315772633247115,
    0.2554888505060078,
    0.21272456268432346,
    0.1519630418155796,
    0.14340884138403992,
    0.09652591357915911
  ],
  "lower_weights": [
    -0.2705650276195226,
    -0.2988500950748133,
    -0.283219435683825,
    -0.1514500676759987,
    -0.025579852263602005,
    0.010196189087484413,
    0.011999092771344286,
    -0.006056221515811968
  ],
  "leading_edge_weight": 0.3998659601383675,
  "TE_thickness": 0.0033209115079950065,
  "name": "HPA_Hybrid_Camber_Reflex_V1"
}