{
  "design_name": "Exploitation_NACA4410_TwistRefined",
  "design_params": {
    "le_sweep_deg": 64.59146295851976,
    "root_chord_in": 39.55183979976784,
    "twist_root_deg": -6.10874842128953,
    "twist_tip_deg": -2.4891675782063287,
    "dihedral_deg": -6.488526314543896,
    "naca": {
      "m": 4,
      "p": 4,
      "t": 11,
      "chord_length": 1.0
    }
  },
  "sim_conditions": {
    "aoa_deg": 10.0,
    "mach": 0.3,
    "reynolds": 3000000.0
  },
  "vlm_results": {
    "CL": 0.26870781231982876,
    "CDi": 0.0272687127245995,
    "CM": -0.307699719953959,
    "L_D": 9.85407030517519
  },
  "corrected_results": {
    "CL": 0.000528173844145376,
    "CDi": -0.008741884650481337,
    "CM": 0.031893431657951665,
    "L_D": -0.060418761544319195
  }
}