{
  "design_name": "Enhanced_Vortex_Hybrid",
  "design_params": {
    "le_sweep_deg": 73.33730874156751,
    "root_chord_in": 35.196641043843236,
    "twist_root_deg": -8.803892943182172,
    "twist_tip_deg": -8.876015055761911,
    "dihedral_deg": -5.437678049909361,
    "naca": {
      "m": 4,
      "p": 4,
      "t": 8,
      "chord_length": 1.0
    }
  },
  "sim_conditions": {
    "aoa_deg": 10.0,
    "mach": 0.3,
    "reynolds": 3000000.0
  },
  "vlm_results": {
    "CL": 0.03512792961282025,
    "CDi": 0.018077911160510496,
    "CM": -0.10556055510662182,
    "L_D": 1.9431409580966368
  },
  "corrected_results": {
    "CL": -0.03752215816546398,
    "CDi": 0.0018615554027539274,
    "CM": 0.039394111114670866,
    "L_D": -20.156347809984524
  }
}