{
  "name": "design",
  "mach": 0.82,
  "aoa": 3.0,
  "SA": 39.24407005209225,
  "AR": 9.887544411290781,
  "TR": 0.2912573150904987,
  "kink": 0.40091128581855967,
  "rootadj": 0.4039794084432251,
  "DA_kink": 3.9191719648888075,
  "DA_tip": 5.062974076093948,
  "t_root": 0.14075368227803173,
  "r_t2": 0.6862381476966657,
  "r_t3": 0.9213792730276047,
  "r_t4": 0.9484556847620481,
  "r_d1": 0.389010248586329,
  "r_d2": 0.7040616019021838,
  "r_d4": 0.34032574945316485,
  "tw1": -2.714368769831939,
  "tw2": -2.5271753766067597,
  "tw3": -1.4622866771342151,
  "tw4": -2.0003305361913806,
  "cst_upper": [
    0.274603607779773,
    0.2255135805874311,
    0.19583882260032434,
    0.4509136182143797,
    0.09203011308085329,
    0.34722941958964293,
    0.14578919943548457,
    0.42451818091774257,
    -0.14410305731065093,
    0.5063790185045602
  ],
  "cst_lower": [
    -0.17313310713307964,
    -0.3,
    -0.1818105266297661,
    -0.3,
    -0.22514743139600943,
    0.1725072227567274,
    -0.00740540606479493,
    0.11267450002763148,
    0.14918145222123713,
    0.28620658266626736
  ]
}