{
  "upper_weights": [
    0.46700649720844056,
    0.38728477571228603,
    0.2798434050984619,
    0.17317825195614092,
    0.11714766862570919,
    -0.06610799080729657,
    -0.06673180671420903,
    -0.00521794848329598
  ],
  "lower_weights": [
    -0.146277347106492,
    -0.025446419171409877,
    0.04442874502871294,
    0.04426326434374994,
    -0.004411409303558177,
    -0.12701193727485735,
    -0.16642361475226555,
    -0.16032428412912958
  ],
  "leading_edge_weight": 0.1302571455979168,
  "TE_thickness": 0.006768738504814419,
  "name": "design"
}