{
  "upper_weights": [
    0.25686231391625663,
    0.3267313506994613,
    0.328101864441037,
    0.1938364285148556,
    0.050329437605394114,
    -0.010689543663239504,
    -0.06968448781895958,
    -0.036482489357985884
  ],
  "lower_weights": [
    -0.05589509198986231,
    -0.06950802958730967,
    -0.1541250545251542,
    -0.11126606071537161,
    -0.10796537568931672,
    -0.22411190438477613,
    -0.26262271711280993,
    -0.25880717515048857
  ],
  "leading_edge_weight": 0.1368014903937572,
  "TE_thickness": 0.0,
  "name": "Refined_Reflex_HighLD_v2"
}