{
  "design_name": "LowSweepPosTwistThinCamber",
  "design_params": {
    "le_sweep_deg": 48.63519838668501,
    "root_chord_in": 39.105651362708585,
    "twist_root_deg": 8.439806875085814,
    "twist_tip_deg": -2.5934718383790694,
    "dihedral_deg": 1.7594428568916207,
    "naca": {
      "m": 0,
      "p": 0,
      "t": 6,
      "chord_length": 1.0
    }
  },
  "sim_conditions": {
    "aoa_deg": 10.0,
    "mach": 0.3,
    "reynolds": 3000000.0
  },
  "vlm_results": {
    "CL": 0.9647567840847024,
    "CDi": 0.24412473580054805,
    "CM": -0.8005306282831084,
    "L_D": 3.9519009858669825
  },
  "corrected_results": {
    "CL": 0.23638642700392964,
    "CDi": 0.06474416543856361,
    "CM": -0.156144142590405,
    "L_D": 3.6510846251966766
  }
}