{
  "design_name": "Hybrid_SweepTwist4410",
  "design_params": {
    "le_sweep_deg": 68.65525484285348,
    "root_chord_in": 36.53053244387282,
    "twist_root_deg": -9.945015801494883,
    "twist_tip_deg": -7.8884319477247615,
    "dihedral_deg": -2.8362561252598617,
    "naca": {
      "m": 4,
      "p": 4,
      "t": 9,
      "chord_length": 1.0
    }
  },
  "sim_conditions": {
    "aoa_deg": 10.0,
    "mach": 0.3,
    "reynolds": 3000000.0
  },
  "vlm_results": {
    "CL": 0.06648356950983927,
    "CDi": 0.019729810545303463,
    "CM": -0.14070627177517142,
    "L_D": 3.3697013641960796
  },
  "corrected_results": {
    "CL": -0.045106525059354474,
    "CDi": 0.001703814957300825,
    "CM": 0.045702729357697154,
    "L_D": -26.473840287687107
  }
}