{
  "design_name": "Hybrid_Sweep_Twist_Explorer",
  "design_params": {
    "le_sweep_deg": 66.21216994977723,
    "root_chord_in": 25.734,
    "twist_root_deg": 0.0,
    "twist_tip_deg": 0.0,
    "dihedral_deg": 0.0,
    "naca": {
      "m": 2,
      "p": 4,
      "t": 14,
      "chord_length": 1.0
    }
  },
  "sim_conditions": {
    "aoa_deg": 0.0,
    "mach": 0.3,
    "reynolds": 3000000.0
  },
  "vlm_results": {
    "CL": 0.08772277468972632,
    "CDi": 0.0031693111097187737,
    "CM": -0.11179259627891,
    "L_D": 27.678814623380514
  },
  "corrected_results": {
    "CL": 0.04314810236032363,
    "CDi": 0.0015745231693069706,
    "CM": -0.0554271921838822,
    "L_D": 27.403917072440002
  }
}