{
  "reward": 26.852402,
  "CL": 0.272137,
  "CD": 0.010135,
  "L_D": 26.8524,
  "alpha_deg": 0.0,
  "S_real_m2": 16.204892,
  "MAC_m": 1.432477
}