{
  "design_name": "Exploit_MaxSweepWashoutAnhedral_NACA2409",
  "design_params": {
    "le_sweep_deg": 73.55433033442944,
    "root_chord_in": 35.95594456997051,
    "twist_root_deg": -8.974394282788133,
    "twist_tip_deg": -10.0,
    "dihedral_deg": -15.0,
    "naca": {
      "m": 2,
      "p": 4,
      "t": 8,
      "chord_length": 1.0
    }
  },
  "sim_conditions": {
    "aoa_deg": 10.0,
    "mach": 0.3,
    "reynolds": 3000000.0
  },
  "vlm_results": {
    "CL": 0.0311657113962256,
    "CDi": 0.004189608600881284,
    "CM": -0.05885379555283685,
    "L_D": 7.438812157696519
  },
  "corrected_results": {
    "CL": -0.03829490056486958,
    "CDi": -0.0018707070015967593,
    "CM": 0.05936712693570342,
    "L_D": 20.47081693294707
  }
}