{
  "design_name": "ExtremeSweepMaxWashout006",
  "design_params": {
    "le_sweep_deg": 77.52981467588958,
    "root_chord_in": 28.06453628218445,
    "twist_root_deg": -3.57162111642298,
    "twist_tip_deg": -10.0,
    "dihedral_deg": -15.0,
    "naca": {
      "m": 0,
      "p": 0,
      "t": 6,
      "chord_length": 1.0
    }
  },
  "sim_conditions": {
    "aoa_deg": 10.0,
    "mach": 0.3,
    "reynolds": 3000000.0
  },
  "vlm_results": {
    "CL": 0.22197344685164763,
    "CDi": 0.014350618830952937,
    "CM": -0.22019269998743182,
    "L_D": 15.467865843727362
  },
  "corrected_results": {
    "CL": 0.14008305362246526,
    "CDi": 0.010634662099519696,
    "CM": -0.11886870032388666,
    "L_D": 13.172308843624846
  }
}