{
  "upper_weights": [
    0.23048433190816528,
    0.135873825846925,
    0.42548240047760433,
    0.21416171056426758,
    0.4689627395497463,
    0.12384227417856226,
    -0.028201305505121572,
    0.595442220458644
  ],
  "lower_weights": [
    -0.1222174435471016,
    0.012387170644623484,
    0.10673164869308209,
    -0.11082007844365879,
    0.1622846620093531,
    0.1517797266400289,
    0.04367923678246508,
    -0.15662583555841536
  ],
  "leading_edge_weight": 0.5,
  "TE_thickness": 0.00011187809015648813,
  "name": "Reflexed_HighLD_Blend_01"
}