{
  "upper_weights": [
    -0.2889286656111441,
    0.48485985997952746,
    -0.12274417638506788,
    0.06759086610428006,
    -0.023626956980838554,
    -0.00693208967444181,
    0.2821259721913472,
    0.004475818029427536
  ],
  "lower_weights": [
    -0.2979650438126252,
    0.10524047444912293,
    -0.2744650524126238,
    0.07550105229932058,
    0.09134161628589477,
    0.04504787357558654,
    -0.15022516813458392,
    0.19268711808957922
  ],
  "leading_edge_weight": 0.11452346867835883,
  "TE_thickness": 0.006353425013444214,
  "name": "design"
}