{
  "upper_weights": [
    0.32974498177142664,
    0.3908719490836336,
    0.383645929478502,
    0.2544328111727124,
    0.08884361750416814,
    -0.02710114575701964,
    0.007811590436650255,
    0.007494494405893093
  ],
  "lower_weights": [
    -0.09867348451125499,
    -0.08839169359841768,
    -0.0109072992495403,
    -0.08485310465994421,
    -0.19088345396441045,
    -0.21955663324955338,
    -0.2804782784185014,
    -0.3
  ],
  "leading_edge_weight": 0.2509657649590782,
  "TE_thickness": 0.0,
  "name": "Distributed_Reflex_SharpLE"
}