{
  "B1": 100.00177814947267,
  "B2": 56.10144135303344,
  "B3": 699.971789844742,
  "C2": 550.0767764901404,
  "C3": 279.9480196276741,
  "C4": 89.9997755342608,
  "S1": 59.98499329208262,
  "S2": 59.994227157772,
  "S3": 39.99350765753603,
  "alpha": 0.9897822825295863,
  "name": "iter_00312"
}