{
  "upper_weights": [
    0.18983914800072232,
    0.20959966177646755,
    0.3887021694198142,
    0.2289946786429286,
    0.5991497605865659,
    0.1906488027087776,
    0.5339293783731098,
    0.10029565957492526
  ],
  "lower_weights": [
    -0.04162765973976712,
    -0.05316335860294283,
    0.24786073791551638,
    0.14272323961878752,
    0.1019134462752741,
    0.1901806844332406,
    0.020217436262028654,
    0.21601765220461927
  ],
  "leading_edge_weight": 0.44755511549600546,
  "TE_thickness": 0.004466590693777086,
  "name": "iter_00626"
}