{
  "upper_weights": [
    0.6,
    0.4570470357057884,
    0.23038243867005104,
    -0.04659999319368509,
    -0.17623938572607345,
    -0.06986181001276845,
    0.19464747068453495,
    0.48200111357179243
  ],
  "lower_weights": [
    -0.28155118367681753,
    -0.2574061939844821,
    -0.19791584699283393,
    -0.07613781990128915,
    0.0039330525354069985,
    0.055250458081509427,
    0.11312220757624344,
    0.13372276027639954
  ],
  "leading_edge_weight": 0.009306098821095973,
  "TE_thickness": 0.01,
  "name": "S-Scoop_V4_LEW_Fix"
}