{
  "upper_weights": [
    0.3779152758518132,
    0.39581369382159415,
    0.2510886411819376,
    0.18034238587598694,
    0.04929775447250289,
    4.2124610123501206e-06,
    -0.04978445947938218,
    0.11276420732392219
  ],
  "lower_weights": [
    -0.08978407385107358,
    -0.1503972749156775,
    -0.19881598795937644,
    -0.24942911164902642,
    -0.2905333379934651,
    -0.27757916966470314,
    -0.29124349855689147,
    -0.26896905731111814
  ],
  "leading_edge_weight": 0.15154716198718676,
  "TE_thickness": 0.0014199323712348775,
  "name": "RefinedReflex_VariantA"
}