{
  "design_name": "Hybrid_Camber_Sweep_Twist",
  "design_params": {
    "le_sweep_deg": 65.7461503137709,
    "root_chord_in": 38.87904806476729,
    "twist_root_deg": -8.351936722409635,
    "twist_tip_deg": -7.083030590702114,
    "dihedral_deg": 1.9771406117086148,
    "naca": {
      "m": 4,
      "p": 0,
      "t": 11,
      "chord_length": 1.0
    }
  },
  "sim_conditions": {
    "aoa_deg": 10.0,
    "mach": 0.3,
    "reynolds": 3000000.0
  },
  "vlm_results": {
    "CL": 0.0950393498325255,
    "CDi": 0.0035773052582392935,
    "CM": -0.09023288961370395,
    "L_D": 26.567302193076674
  },
  "corrected_results": {
    "CL": -0.05099655530972092,
    "CDi": -0.001974555916417581,
    "CM": 0.09374302962955067,
    "L_D": 25.826847893091582
  }
}