{
  "design_name": "LowSweep_ExtremeWashout_ThickCamber",
  "design_params": {
    "le_sweep_deg": 50.41583301278226,
    "root_chord_in": 28.46369541018523,
    "twist_root_deg": -1.2180826724539935,
    "twist_tip_deg": -10.0,
    "dihedral_deg": -9.05915032694074,
    "naca": {
      "m": 4,
      "p": 4,
      "t": 19,
      "chord_length": 1.0
    }
  },
  "sim_conditions": {
    "aoa_deg": 10.0,
    "mach": 0.3,
    "reynolds": 3000000.0
  },
  "vlm_results": {
    "CL": 0.5013009136463563,
    "CDi": 0.03410921549757247,
    "CM": -0.48005641536970245,
    "L_D": 14.696934723756211
  },
  "corrected_results": {
    "CL": 0.35134909038445794,
    "CDi": 0.028655416411733248,
    "CM": -0.3267008202422828,
    "L_D": 12.261175525636212
  }
}