{
  "upper_weights": [
    0.5847984541458819,
    0.5986517754835652,
    0.5380784571776123,
    0.5825501962788391,
    0.5447308210324304,
    0.4504418351530947,
    0.3799987719713254,
    0.42864224451172467
  ],
  "lower_weights": [
    -0.12423192057319463,
    0.012715140160731608,
    0.19639354485144284,
    0.28033614862971307,
    0.29985772238122227,
    0.08020670676682312,
    -0.06591257031123815,
    -0.29918065422767737
  ],
  "leading_edge_weight": -0.28436959431281394,
  "TE_thickness": 0.006088397888688645,
  "name": "iter_00667"
}