{
  "design_name": "Exploitation_Refined_Camber_MinT",
  "design_params": {
    "le_sweep_deg": 53.685457830431076,
    "root_chord_in": 25.734,
    "twist_root_deg": 0.0,
    "twist_tip_deg": 0.0,
    "dihedral_deg": 0.0,
    "naca": {
      "m": 2,
      "p": 4,
      "t": 6,
      "chord_length": 1.0
    }
  },
  "sim_conditions": {
    "aoa_deg": 0.0,
    "mach": 0.3,
    "reynolds": 3000000.0
  },
  "vlm_results": {
    "CL": 0.11818277113086849,
    "CDi": 0.0034527891512590274,
    "CM": -0.14325590893349444,
    "L_D": 34.22820391096695
  },
  "corrected_results": {
    "CL": 0.07557688444516518,
    "CDi": 0.0019301243232347372,
    "CM": -0.09203485746232828,
    "L_D": 39.1564851731956
  }
}