{
  "design_name": "Moderate Sweep Positive Dihedral",
  "design_params": {
    "le_sweep_deg": 61.26039533923204,
    "root_chord_in": 26.284785524418115,
    "twist_root_deg": 0.9456070156113592,
    "twist_tip_deg": -5.255971000539985,
    "dihedral_deg": 8.292114917469647,
    "naca": {
      "m": 0,
      "p": 0,
      "t": 8,
      "chord_length": 1.0
    }
  },
  "sim_conditions": {
    "aoa_deg": 10.0,
    "mach": 0.3,
    "reynolds": 3000000.0
  },
  "vlm_results": {
    "CL": 0.39957853501762713,
    "CDi": 0.05940426348698423,
    "CM": -0.33839957804365195,
    "L_D": 6.726428568635932
  },
  "corrected_results": {
    "CL": 0.24257495695308948,
    "CDi": 0.03708442938012113,
    "CM": -0.21069414319388038,
    "L_D": 6.541153821369575
  }
}