{
  "upper_weights": [
    0.42686712072553684,
    0.4093668308245037,
    0.36799886311255686,
    0.17937573763099735,
    0.14670131738217335,
    0.04395615409090181,
    -0.05071177496042201,
    -0.1873782065480802
  ],
  "lower_weights": [
    -0.1370980676351322,
    0.013696344551970552,
    0.036074471107727324,
    -0.06939189811522326,
    -0.13488421269229525,
    -0.18765496735544818,
    -0.2692135215551129,
    -0.2920793636377106
  ],
  "leading_edge_weight": -0.16247530395284954,
  "TE_thickness": 0.006316689155441831,
  "name": "design"
}