{
  "design_name": "Exploitative Cambered Max Washout",
  "design_params": {
    "le_sweep_deg": 72.52642976029253,
    "root_chord_in": 30.071214924882632,
    "twist_root_deg": -10.0,
    "twist_tip_deg": -5.1999248390716355,
    "dihedral_deg": -11.486501930887677,
    "naca": {
      "m": 4,
      "p": 4,
      "t": 6,
      "chord_length": 1.0
    }
  },
  "sim_conditions": {
    "aoa_deg": 10.0,
    "mach": 0.3,
    "reynolds": 3000000.0
  },
  "vlm_results": {
    "CL": 0.02785632462061059,
    "CDi": 0.019661173374366365,
    "CM": -0.1049435647907676,
    "L_D": 1.4168190316112472
  },
  "corrected_results": {
    "CL": 0.020670285884568478,
    "CDi": 0.006219940806309835,
    "CM": -0.0358399875447534,
    "L_D": 3.3232287136236813
  }
}