{
  "upper_weights": [
    -0.000133008201444405,
    0.41573136333569,
    0.19685908805640728,
    -0.03716904386740455,
    0.0951444806280314,
    0.19190334263050213,
    0.6,
    -0.012487508882097459
  ],
  "lower_weights": [
    0.09371496483071876,
    0.26175438230368764,
    0.2361822082453892,
    0.08804729100272962,
    0.1103608935016053,
    0.017568093917077438,
    0.08733063276824532,
    0.3
  ],
  "leading_edge_weight": 0.48541564494573597,
  "TE_thickness": 0.004023936291015308,
  "name": "design"
}