{
  "name": "iter_0095",
  "mach": 0.82,
  "aoa": 3.0,
  "SA": 35.961588446594035,
  "AR": 10.583616316291767,
  "TR": 0.35275818021749217,
  "kink": 0.40769447677969356,
  "rootadj": 0.30555942740123054,
  "DA_kink": 4.926500187003325,
  "DA_tip": 4.436182553590041,
  "t_root": 0.1463892168868847,
  "r_t2": 0.6389570464185894,
  "r_t3": 0.9394399555024692,
  "r_t4": 0.9952859786318816,
  "r_d1": 0.5210049975405457,
  "r_d2": 0.8464342920675733,
  "r_d4": 0.24714509031445836,
  "tw1": -2.6528606931578027,
  "tw2": -2.987473632413095,
  "tw3": -1.2964843946256965,
  "tw4": -2.9689064897398074,
  "cst_upper": [
    0.4902739885825467,
    0.5628376472672443,
    0.03143890998574311,
    0.36851983394450966,
    0.3776631751946565,
    0.4693512876183697,
    -0.014558211990922831,
    0.4425092862049102,
    0.09558534860714168,
    0.5788468582272601
  ],
  "cst_lower": [
    -0.16276336523034693,
    -0.25304798672016926,
    -0.12214609741614862,
    -0.1688511966165189,
    0.3,
    -0.3,
    0.11679006681587745,
    0.2857456128503542,
    0.21847943196144265,
    0.022733176435833835
  ]
}