{
  "name": "iter_45_o5",
  "mach": 0.82,
  "aoa": 3.0,
  "SA": 37.6755476129457,
  "AR": 11.0,
  "TR": 0.4,
  "kink": 0.42,
  "rootadj": 1.1,
  "DA_kink": 2.1711711207291655,
  "DA_tip": 4.0,
  "t_root": 0.14,
  "r_t2": 0.6,
  "r_t3": 0.9,
  "r_t4": 0.92,
  "r_d1": 0.3051442381638309,
  "r_d2": 0.7709558441814047,
  "r_d4": 0.7203932138754543,
  "tw1": -2.898214766789705,
  "tw2": -2.721546571234537,
  "tw3": -1.0,
  "tw4": -1.9529535152270148,
  "cst_upper": [
    0.165,
    0.14,
    0.12,
    0.1,
    0.085,
    0.07,
    0.055,
    0.04,
    0.025,
    0.01
  ],
  "cst_lower": [
    -0.1,
    -0.075,
    -0.055,
    -0.04,
    -0.03,
    -0.02,
    -0.012,
    -0.006,
    -0.003,
    -0.001
  ]
}