{
  "upper_weights": [
    0.3218117844438943,
    0.30066774376406774,
    -0.1318455625007279,
    0.11394008349410195,
    0.5067560409798264,
    0.581714246655173,
    0.5380276522137177,
    0.5835198427961596
  ],
  "lower_weights": [
    0.14276316522136795,
    0.2533427773748393,
    0.21630959210317485,
    -0.2999501663184771,
    0.21482315031481686,
    -0.18190289750978994,
    -0.292550750794869,
    -0.29392837458230653
  ],
  "leading_edge_weight": 0.09584328989087343,
  "TE_thickness": 0.008637840029421045,
  "name": "iter_00000"
}