{
  "B1": 100.07707600927586,
  "B2": 54.41800854432155,
  "B3": 700.0,
  "C2": 550.0,
  "C3": 280.0,
  "C4": 90.0,
  "S1": 60.0,
  "S2": 60.0,
  "S3": 40.0,
  "alpha": -1.5629961431018018,
  "name": "Exploratory_LowSweep_SmoothJunction"
}