{
  "upper_weights": [
    0.44981723085179287,
    0.23184928529662058,
    0.06601523346258975,
    0.04278161259290003,
    0.1583070628171731,
    0.32228424151290075,
    0.494906901744633,
    0.5999999999999999
  ],
  "lower_weights": [
    -0.19981500473282682,
    -0.1887040424803535,
    -0.20063307220332388,
    -0.3,
    -0.2956265047567999,
    -0.3,
    -0.3,
    -0.25846080035904295
  ],
  "leading_edge_weight": -0.5,
  "TE_thickness": 0.0,
  "name": "iter_0386"
}