{
  "design_name": "HybridHighSweepCamberWashout",
  "design_params": {
    "le_sweep_deg": 71.63294186206626,
    "root_chord_in": 34.2500281230995,
    "twist_root_deg": -3.074562183180035,
    "twist_tip_deg": -7.916905160618336,
    "dihedral_deg": -4.991149616109622,
    "naca": {
      "m": 4,
      "p": 4,
      "t": 12,
      "chord_length": 1.0
    }
  },
  "sim_conditions": {
    "aoa_deg": 10.0,
    "mach": 0.3,
    "reynolds": 3000000.0
  },
  "vlm_results": {
    "CL": 0.2928900546976244,
    "CDi": 0.021582102757141678,
    "CM": -0.3150745470316768,
    "L_D": 13.570969334797784
  },
  "corrected_results": {
    "CL": 0.0836430406518208,
    "CDi": 0.00041298827952575203,
    "CM": -0.05649345598356824,
    "L_D": 202.53126976840804
  }
}