{
  "upper_weights": [
    0.4794544357823685,
    0.3254995920189751,
    0.22723373146914577,
    0.1046346555993485,
    0.016620471226065824,
    -0.08383999728134779,
    -0.035012318802320315,
    -0.09024421135746906
  ],
  "lower_weights": [
    -0.16528948007385844,
    -0.11415499067581941,
    -0.1512952072153771,
    -0.14418417230809794,
    -0.1319945531993032,
    -0.11517405965762784,
    -0.07327423048493256,
    -0.2327446489321934
  ],
  "leading_edge_weight": 0.15037198144611694,
  "TE_thickness": 0.01,
  "name": "design"
}