{
  "upper_weights": [
    0.35596769538501843,
    0.38341847579951144,
    0.5785536328845458,
    0.23447047196762877,
    -0.060200661042796866,
    -0.271505415197578,
    0.47805816359100134,
    0.4161994584473831
  ],
  "lower_weights": [
    -0.18650875909284143,
    -0.07298519118346553,
    -0.22409534498171413,
    -0.14461324610370935,
    -0.2725256408373647,
    0.12097171103755,
    0.15667812928460445,
    0.11782654797102377
  ],
  "leading_edge_weight": 0.010572395840692916,
  "TE_thickness": 0.005132237877305617,
  "_score": 166.09755930198543
}