{
  "upper_weights": [
    0.42751434122679005,
    0.4269214286810323,
    0.46760168139089203,
    0.2570153325353138,
    0.1117863083957994,
    0.012072748581476,
    -0.04513147165390957,
    -0.046692865089886515
  ],
  "lower_weights": [
    -0.06974648389217575,
    -0.05273914125678908,
    -0.03949503917587821,
    -0.07391663568287798,
    -0.12910895223986021,
    -0.14866105592415566,
    -0.25814754795782574,
    -0.29833096703069667
  ],
  "leading_edge_weight": -0.010792572639120368,
  "TE_thickness": 0.0020548998975269536,
  "name": "design"
}