{
  "upper_weights": [
    0.27026963229791184,
    0.3575783064086629,
    0.24646759875834318,
    0.35437906981058803,
    0.36591882831064443,
    0.29168456880154453,
    0.3339965501863345,
    0.3962810058500866
  ],
  "lower_weights": [
    0.08926955793424257,
    0.08031144908366028,
    0.10640727617431,
    0.1550119793904235,
    0.11957315025767729,
    0.16351824422218014,
    0.15152876058739329,
    0.14276857421854583
  ],
  "leading_edge_weight": 0.16461942805425545,
  "TE_thickness": 0.007096283824871541,
  "_score": 187.9264784398636
}