{
  "design_name": "Hybrid_HighSweep_MaxWashout_ThinCamber",
  "design_params": {
    "le_sweep_deg": 74.17806246010525,
    "root_chord_in": 24.676741857661757,
    "twist_root_deg": -10.0,
    "twist_tip_deg": -6.514026604171607,
    "dihedral_deg": -15.0,
    "naca": {
      "m": 2,
      "p": 4,
      "t": 6,
      "chord_length": 1.0
    }
  },
  "sim_conditions": {
    "aoa_deg": 10.0,
    "mach": 0.3,
    "reynolds": 3000000.0
  },
  "vlm_results": {
    "CL": 0.03705695327283573,
    "CDi": 0.004865193827990653,
    "CM": -0.0684588835773128,
    "L_D": 7.616747571214531
  },
  "corrected_results": {
    "CL": 0.07850896675897306,
    "CDi": 0.0022782127201592573,
    "CM": -0.08415333874442481,
    "L_D": 34.4607709650067
  }
}