{
  "upper_weights": [
    0.39731197546388336,
    0.37976586050650546,
    0.25116478132628955,
    0.27910166818697574,
    0.2895323898677275,
    0.3015417167591558,
    0.28681542363219764,
    0.18474098676912454
  ],
  "lower_weights": [
    -0.10262675650054087,
    0.013247715729829856,
    0.03936659010362542,
    -0.06555278304686762,
    -0.23799314560197685,
    -0.3,
    -0.3,
    -0.2857358570805667
  ],
  "leading_edge_weight": 0.36581985279704354,
  "TE_thickness": 0.003868926511185593,
  "name": "design"
}