{
  "upper_weights": [
    0.3857337541761247,
    0.3933471718955333,
    0.4958712432400832,
    0.5975228649163509,
    0.5998802004202644,
    0.5849488549836872,
    0.5999928896477034,
    0.47180469991331314
  ],
  "lower_weights": [
    -0.29118859134846936,
    -0.18726534344510481,
    -0.09348432076383242,
    0.10784640215246127,
    0.226991211086994,
    0.2676032708968353,
    0.13396105838016403,
    -0.16818783795508746
  ],
  "leading_edge_weight": -0.49598663163072965,
  "TE_thickness": 0.001977422522248903,
  "name": "iter_00519"
}