{
  "upper_weights": [
    0.2025191597007176,
    0.2025191597007176,
    0.2025191597007176,
    0.2025191597007176,
    0.2025191597007176,
    0.2025191597007176,
    0.2025191597007176,
    0.2025191597007176
  ],
  "lower_weights": [
    0.035012773133811737,
    0.035012773133811737,
    0.035012773133811737,
    0.035012773133811737,
    0.035012773133811737,
    0.035012773133811737,
    0.035012773133811737,
    0.035012773133811737
  ],
  "leading_edge_weight": 0.05835462188968621,
  "TE_thickness": 0.0055835462188968624,
  "_score": -7.871583694648229
}