{
  "name": "design",
  "mach": 0.82,
  "aoa": 3.0,
  "SA": 40.0,
  "AR": 10.121976940414134,
  "TR": 0.335783774766824,
  "kink": 0.36272542265968044,
  "rootadj": 0.1,
  "DA_kink": 3.6808480949897993,
  "DA_tip": 4.949414341289964,
  "t_root": 0.14,
  "r_t2": 0.6,
  "r_t3": 0.9468854348902197,
  "r_t4": 0.9521497971037031,
  "r_d1": 0.5887573443321,
  "r_d2": 0.5232512448853135,
  "r_d4": 0.4225199382662497,
  "tw1": -2.898629066234983,
  "tw2": -2.290291863861973,
  "tw3": -1.2322869757480388,
  "tw4": -2.1029374159505827,
  "cst_upper": [
    0.18930363979901293,
    0.2863969497372478,
    0.345279529670457,
    0.2752586191790392,
    0.39060257867877307,
    0.3471650331953357,
    0.31890646605212886,
    0.47033881002450745,
    0.45200848250348485,
    0.5848493030084909
  ],
  "cst_lower": [
    -0.3,
    -0.3,
    -0.3,
    -0.3,
    -0.3,
    -0.20160457685813182,
    -0.1586779814373858,
    -0.17664167104979195,
    0.23769133403854265,
    0.22401480057824447
  ]
}