{
  "upper_weights": [
    0.3486688496683051,
    0.3888445670065704,
    0.5999999999999999,
    0.5999999999999999,
    0.5945303846679029,
    0.048717667963879496,
    0.45848972336994726,
    0.5999999999999999
  ],
  "lower_weights": [
    -0.3,
    0.3,
    0.2737121184004557,
    0.3,
    0.3,
    0.3,
    0.3,
    0.3
  ],
  "leading_edge_weight": 0.5,
  "TE_thickness": 0.01,
  "name": "iter_0361"
}