{
  "design_name": "ExtremeWashoutDihedral_NACA2409",
  "design_params": {
    "le_sweep_deg": 70.31156445776095,
    "root_chord_in": 32.69944883944485,
    "twist_root_deg": -7.280990183081965,
    "twist_tip_deg": -9.752121707270746,
    "dihedral_deg": -15.0,
    "naca": {
      "m": 0,
      "p": 0,
      "t": 9,
      "chord_length": 1.0
    }
  },
  "sim_conditions": {
    "aoa_deg": 10.0,
    "mach": 0.3,
    "reynolds": 3000000.0
  },
  "vlm_results": {
    "CL": 0.06298103310992367,
    "CDi": 0.0016683233847448007,
    "CM": -0.05444647242422435,
    "L_D": 37.7510941139015
  },
  "corrected_results": {
    "CL": 0.021120106029846975,
    "CDi": 0.0008859788151008217,
    "CM": 0.005613213080568708,
    "L_D": 23.83816144344667
  }
}