{
  "upper_weights": [
    -0.3,
    0.29064214728551513,
    -0.3,
    0.5999999999999999,
    -0.08590199128930254,
    0.056253346248253455,
    0.13082908123351022,
    0.5999999999999999
  ],
  "lower_weights": [
    0.27459519249881953,
    0.3,
    -0.3,
    -0.3,
    -0.3,
    0.3,
    0.3,
    0.3
  ],
  "leading_edge_weight": 0.5,
  "TE_thickness": 0.01,
  "name": "iter_0435"
}