{
  "upper_weights": [
    0.27267368759521987,
    0.3632355066732457,
    0.39963423490643174,
    0.26356193068073913,
    0.03576446994327559,
    -0.04477031585911062,
    -0.038259920458468766,
    -0.09200130035848955
  ],
  "lower_weights": [
    -0.09751997440061141,
    -0.028524273318311866,
    -0.07114285200249132,
    -0.12971440162242148,
    -0.13802876576858406,
    -0.20267359896855924,
    -0.2630782054396439,
    -0.3
  ],
  "leading_edge_weight": -0.01921259082959248,
  "TE_thickness": 0.00846156693609946,
  "name": "design"
}