{
  "upper_weights": [
    0.5402432286695431,
    0.5888464449131037,
    0.5979335818541438,
    0.3574951845536865,
    0.26239681557347133,
    -0.21058713949773744,
    -0.268505735817546,
    -0.20879792444500705
  ],
  "lower_weights": [
    -0.2773808700134833,
    -0.25610115924489046,
    -0.28179983274950443,
    -0.10784569847700434,
    0.17718744537493536,
    0.23319616562366002,
    0.12673265003874462,
    -0.08775252095973562
  ],
  "leading_edge_weight": -0.2416800340578188,
  "TE_thickness": 0.00767033990551288,
  "name": "iter_00163"
}