{
  "upper_weights": [
    0.4611148276921545,
    0.37673221159377734,
    0.29846558540638557,
    0.1781187225801541,
    0.1077443942493302,
    0.18155830777379683,
    0.080627221701064,
    0.11923248209610089
  ],
  "lower_weights": [
    -0.23166403338524258,
    -0.19200750036196884,
    -0.0933328479567365,
    -0.08876886963052398,
    -0.08812997577214085,
    -0.06648592021810044,
    -0.017175456779995754,
    -0.014799371664195295
  ],
  "leading_edge_weight": 0.44698821638831016,
  "TE_thickness": 0.0017063643588641358,
  "name": "SmoothCamber_ReflexTE_V1"
}