{
  "design_name": "MaxWashoutThinCamberedLowSweep",
  "design_params": {
    "le_sweep_deg": 56.933319090598225,
    "root_chord_in": 25.734,
    "twist_root_deg": 0.0,
    "twist_tip_deg": 0.0,
    "dihedral_deg": 0.0,
    "naca": {
      "m": 2,
      "p": 4,
      "t": 6,
      "chord_length": 1.0
    }
  },
  "sim_conditions": {
    "aoa_deg": 0.0,
    "mach": 0.3,
    "reynolds": 3000000.0
  },
  "vlm_results": {
    "CL": 0.11104503776107687,
    "CDi": 0.0034332035884389236,
    "CM": -0.13614473200555413,
    "L_D": 32.344437170872524
  },
  "corrected_results": {
    "CL": 0.06777276154760664,
    "CDi": 0.0018582939457997569,
    "CM": -0.0831847713730549,
    "L_D": 36.47042046323795
  }
}