{
  "design_name": "HighSweepAggressiveWashout",
  "design_params": {
    "le_sweep_deg": 72.51357030686904,
    "root_chord_in": 33.117637061409134,
    "twist_root_deg": -10.0,
    "twist_tip_deg": -6.006195676366829,
    "dihedral_deg": 7.131211707338419,
    "naca": {
      "m": 2,
      "p": 4,
      "t": 8,
      "chord_length": 1.0
    }
  },
  "sim_conditions": {
    "aoa_deg": 10.0,
    "mach": 0.3,
    "reynolds": 3000000.0
  },
  "vlm_results": {
    "CL": 0.08164430756964797,
    "CDi": 0.00505893764169434,
    "CM": -0.10833531424148547,
    "L_D": 16.138626990923658
  },
  "corrected_results": {
    "CL": 0.018439971481219928,
    "CDi": -0.001555009180883307,
    "CM": -0.0037016522562526347,
    "L_D": -11.858432546838914
  }
}