{
  "SA": 37.33076459636513,
  "AR": 10.485114988686014,
  "TR": 0.31578792421675467,
  "kink": 0.39227842015887376,
  "rootadj": 0.5632225162445895,
  "DA_kink": 1.1237922980082191,
  "DA_tip": 4.764379566609952,
  "t_root": 0.14887838871638226,
  "r_t2": 0.6774519773884318,
  "r_t3": 0.9127141721174619,
  "r_t4": 0.9215110415362013,
  "r_d1": 0.5491183335137517,
  "r_d2": 0.8589990667953872,
  "r_d4": 0.24918385048793879,
  "tw1": -2.6506183688765947,
  "tw2": -2.809572569460146,
  "tw3": -1.0823125334166457,
  "tw4": -1.454849437867839,
  "cst_upper": [
    0.2746985450939203,
    0.2168450647576568,
    0.03985852867990208,
    0.5381664946743192,
    -0.23642583820552937,
    0.5343389745044007,
    0.1853320324609764,
    0.3055749237176229,
    0.5923063926724155,
    0.2941991836729119
  ],
  "cst_lower": [
    0.2339896116958275,
    -0.2789285354673533,
    -0.1801552116459626,
    -0.10450896320147943,
    -0.17702145603371833,
    -0.18723814621904522,
    -0.22980220389223538,
    0.06844984805101317,
    -0.10203942982262376,
    0.08377928679168262
  ],
  "_score": 23.76292172184211
}