{
  "name": "design",
  "mach": 0.82,
  "aoa": 3.0,
  "SA": 40.0,
  "AR": 9.270598401941784,
  "TR": 0.3716913202458684,
  "kink": 0.36,
  "rootadj": 0.1,
  "DA_kink": 3.719477847351878,
  "DA_tip": 5.044832388555735,
  "t_root": 0.14427400241417607,
  "r_t2": 0.6238706801851894,
  "r_t3": 0.9483143056491103,
  "r_t4": 0.9548986872085047,
  "r_d1": 0.6301115424375785,
  "r_d2": 0.6273506272483236,
  "r_d4": 0.44121942567443606,
  "tw1": -3.5488447828040393,
  "tw2": -2.5690821483029866,
  "tw3": -1.6424439516466904,
  "tw4": -2.2189139518801992,
  "cst_upper": [
    0.13303109037185307,
    0.5999998236795847,
    -0.006288703187111555,
    0.38163129567903026,
    0.39346119684285336,
    0.4022288897277731,
    0.3980149440494151,
    0.1732035141584266,
    -0.24788599947198803,
    0.5930911098843805
  ],
  "cst_lower": [
    -0.27566182164034636,
    -0.3,
    -0.11591849310788757,
    0.11984783632049784,
    -0.3,
    -0.05489366721364858,
    -0.07994200638274915,
    0.048618096327937455,
    0.21532963476652384,
    -0.16703407717118715
  ]
}