{
  "design_name": "HighSweep_Anhedral_ThinCamber",
  "design_params": {
    "le_sweep_deg": 74.52638368564547,
    "root_chord_in": 42.44139947871908,
    "twist_root_deg": -4.328640547131661,
    "twist_tip_deg": -6.152953923681217,
    "dihedral_deg": 0.4235387142629703,
    "naca": {
      "m": 2,
      "p": 4,
      "t": 6,
      "chord_length": 1.0
    }
  },
  "sim_conditions": {
    "aoa_deg": 10.0,
    "mach": 0.3,
    "reynolds": 3000000.0
  },
  "vlm_results": {
    "CL": 0.2621883846103256,
    "CDi": 0.020059272126977837,
    "CM": -0.2798718354494576,
    "L_D": 13.070682871773142
  },
  "corrected_results": {
    "CL": -0.04102405736121984,
    "CDi": -0.01009605665753285,
    "CM": 0.09750160138880946,
    "L_D": 4.063374320568125
  }
}