{
  "car_size": 0.8,
  "car_width": -0.09251706601002989,
  "car_len": 0.08962089097793359,
  "ramp_angle": 5.006010738887972,
  "front_bumper_length": 0.1,
  "wind_screen_x": -0.05,
  "wind_screen_z": 0.05,
  "side_mirrors_x": 0.036680037656597574,
  "side_mirrors_z": 0.014868916738576609,
  "rear_window_x": 0.05,
  "rear_window_z": -0.05,
  "trunklid_angle": 8.0,
  "trunklid_x": -0.018517869057653222,
  "trunklid_z": -0.048976669792228186,
  "diffusor_angle": 8.0,
  "car_green_house_angle": -4.855539478445966,
  "car_front_hood_angle": -7.515193364878622,
  "car_air_intake_angle": -0.07380855385594662,
  "tires_diameter": -0.013,
  "tires_width": -0.015,
  "name": "streamline_refined_v1"
}