{
  "upper_weights": [
    0.49894602533168525,
    0.5905902383297068,
    0.5882412491593367,
    0.5103731401688478,
    0.5017856841104433,
    0.5941549932311454,
    0.5309616320327666,
    0.47466991549515164
  ],
  "lower_weights": [
    -0.15284562579928185,
    -0.10921467548337815,
    -0.11839558600561795,
    -0.13093053850137557,
    -0.16353013428628252,
    -0.2475837199492518,
    -0.2478217840649295,
    -0.2327930035172042
  ],
  "leading_edge_weight": 0.4021528980316539,
  "TE_thickness": 0.0068403572582034925,
  "name": "iter_00687"
}