{
  "design_name": "Exploit_Delta_Vortex_Twist",
  "design_params": {
    "le_sweep_deg": 66.69799780895369,
    "root_chord_in": 37.60170119786739,
    "twist_root_deg": -10.0,
    "twist_tip_deg": -5.27861814569873,
    "dihedral_deg": 0.5765854499295315,
    "naca": {
      "m": 2,
      "p": 4,
      "t": 12,
      "chord_length": 1.0
    }
  },
  "sim_conditions": {
    "aoa_deg": 10.0,
    "mach": 0.3,
    "reynolds": 3000000.0
  },
  "vlm_results": {
    "CL": 0.11338866812278174,
    "CDi": 0.006595810606231489,
    "CM": -0.14225308786044102,
    "L_D": 17.19101334044615
  },
  "corrected_results": {
    "CL": -0.03391347556644302,
    "CDi": -0.004462959511844784,
    "CM": 0.05878111521287207,
    "L_D": 7.598875919988962
  }
}