{
  "SA": 31.087770788521624,
  "AR": 9.389194694787207,
  "TR": 0.2814949494801272,
  "kink": 0.3870105597081468,
  "rootadj": 0.47033422521233215,
  "DA_kink": 2.7106101925857655,
  "DA_tip": 5.3020808214868085,
  "t_root": 0.15591794232351314,
  "r_t2": 0.6576519600869444,
  "r_t3": 0.9310112618912266,
  "r_t4": 0.9304617651459938,
  "r_d1": 0.517305980819719,
  "r_d2": 0.6958393403484064,
  "r_d4": 0.43490122686280797,
  "tw1": -2.1785690715795396,
  "tw2": -2.826208495595436,
  "tw3": -1.316009960154128,
  "tw4": -1.8578075761651378,
  "cst_upper": [
    0.14666307972819936,
    0.08409032641858254,
    0.07603305108762085,
    0.07342732355452468,
    0.0840898238410907,
    0.08335607386974732,
    0.08508269887261297,
    0.08345536137289954,
    0.0814926276229282,
    0.07949635424793106
  ],
  "cst_lower": [
    0.00037368371241051793,
    -0.0014263162875894821,
    0.005334577021090415,
    0.012596728594785864,
    0.01512294375215541,
    0.013575565267892364,
    0.01162082741946606,
    0.013225353634623429,
    0.015185806256139167,
    0.017181851518290738
  ],
  "_score": -0.7061972670799811
}