{
  "upper_weights": [
    0.32000000073583473,
    0.26999999338835445,
    0.24999998699859471,
    0.14999998336126488,
    0.050000012833865376,
    -0.059999993657380575,
    -0.14999999686277027,
    -0.09999997223407384
  ],
  "lower_weights": [
    -0.07000000304278031,
    -0.12000001231363573,
    -0.1999999825394494,
    -0.2500000198145147,
    -0.2999999692570673,
    -0.2999999949031208,
    -0.3,
    -0.29000002701334643
  ],
  "leading_edge_weight": -0.07810780637434735,
  "TE_thickness": 0.001002570011531037,
  "name": "ReflexCamberBoostV1"
}