{
  "design_name": "High_Sweep_Symmetric_Thin_Dihedral",
  "design_params": {
    "le_sweep_deg": 73.02249072456011,
    "root_chord_in": 42.31238530387792,
    "twist_root_deg": 1.471275760788382,
    "twist_tip_deg": 0.16971280689424884,
    "dihedral_deg": 4.446025368643882,
    "naca": {
      "m": 0,
      "p": 0,
      "t": 11,
      "chord_length": 1.0
    }
  },
  "sim_conditions": {
    "aoa_deg": 10.0,
    "mach": 0.3,
    "reynolds": 3000000.0
  },
  "vlm_results": {
    "CL": 0.3821111489735046,
    "CDi": 0.07347904726150455,
    "CM": -0.3558950136678806,
    "L_D": 5.20027359110427
  },
  "corrected_results": {
    "CL": -0.040304665003275474,
    "CDi": -0.007525646741775446,
    "CM": 0.11126703945021266,
    "L_D": 5.355641366946068
  }
}