{
  "design_name": "LowSweepSymmetricMinimalTwist",
  "design_params": {
    "le_sweep_deg": 45.0,
    "root_chord_in": 12.867704885562905,
    "twist_root_deg": 2.997963715869161,
    "twist_tip_deg": -0.7382686353563916,
    "dihedral_deg": 4.064996998585636,
    "naca": {
      "m": 0,
      "p": 0,
      "t": 13,
      "chord_length": 1.0
    }
  },
  "sim_conditions": {
    "aoa_deg": 10.0,
    "mach": 0.3,
    "reynolds": 3000000.0
  },
  "vlm_results": {
    "CL": 0.7876644987364733,
    "CDi": 0.16039815189480033,
    "CM": -0.6588795399790511,
    "L_D": 4.910683130894647
  },
  "corrected_results": {
    "CL": 0.3727540963528557,
    "CDi": 0.07706515543280724,
    "CM": -0.3565274726219481,
    "L_D": 4.836869454936197
  }
}