{
  "upper_weights": [
    0.20237647152400018,
    0.4109447384073937,
    0.45590648435616,
    0.6,
    0.008396849144981115,
    0.3241537972169329,
    0.3841601546499329,
    0.27130406232666493
  ],
  "lower_weights": [
    0.11699618573419841,
    0.3,
    0.3,
    -0.06962270902826365,
    -0.03323470742151796,
    -0.1717454846798606,
    0.3,
    0.006502592741793029
  ],
  "leading_edge_weight": 0.006935214256887517,
  "TE_thickness": 0.0031998360801225897,
  "name": "design"
}