{
  "upper_weights": [
    0.16734374560556903,
    0.35080505525946043,
    0.6,
    0.5250286839379681,
    0.2951900295917905,
    0.10397005729268274,
    -0.017424450919004873,
    -0.3
  ],
  "lower_weights": [
    -0.24583520057898356,
    -0.3,
    -0.1580712272885142,
    -0.09939515893891046,
    -0.011312447423569502,
    0.16307242639306435,
    0.14074573262019008,
    0.09077799305622355
  ],
  "leading_edge_weight": 0.5,
  "TE_thickness": 0.01,
  "name": "HPA_Robust_Cambered_V1"
}