{
  "upper_weights": [
    -0.18408856743071375,
    0.22687492959964123,
    -0.10942046010016396,
    -0.010497083047497302,
    -0.07903528508090146,
    0.01033510187906378,
    0.05119083611370223,
    -0.08601735908341546
  ],
  "lower_weights": [
    0.07074609551819472,
    -0.03556647223009807,
    0.03212964285838793,
    -0.07315870067848723,
    -0.1487808785059869,
    -0.03730637604947007,
    -0.24072695574324204,
    0.2885771812412042
  ],
  "leading_edge_weight": 0.27576448473331083,
  "TE_thickness": 0.00298797974980509,
  "name": "design"
}