{
  "design_name": "RefinedCamberWashout",
  "design_params": {
    "le_sweep_deg": 65.60987175283601,
    "root_chord_in": 42.23676701485093,
    "twist_root_deg": -10.0,
    "twist_tip_deg": -5.313134576510303,
    "dihedral_deg": 2.2646516574908864,
    "naca": {
      "m": 4,
      "p": 4,
      "t": 16,
      "chord_length": 1.0
    }
  },
  "sim_conditions": {
    "aoa_deg": 10.0,
    "mach": 0.3,
    "reynolds": 3000000.0
  },
  "vlm_results": {
    "CL": 0.1524331828664602,
    "CDi": 0.01830897884463441,
    "CM": -0.21486644904124125,
    "L_D": 8.325597192501641
  },
  "corrected_results": {
    "CL": -0.10772647372096542,
    "CDi": -0.007802057166389045,
    "CM": 0.12951530699689848,
    "L_D": 13.80744480892127
  }
}