{
  "name": "design",
  "mach": 0.82,
  "aoa": 3.0,
  "SA": 40.0,
  "AR": 9.17523593072063,
  "TR": 0.3633982282139484,
  "kink": 0.3604158898162421,
  "rootadj": 0.1,
  "DA_kink": 3.7804892497804072,
  "DA_tip": 5.051762090036858,
  "t_root": 0.14674136239615174,
  "r_t2": 0.6266505137699874,
  "r_t3": 0.948710745808486,
  "r_t4": 0.9550384857688186,
  "r_d1": 0.6380947886483488,
  "r_d2": 0.6811051399719767,
  "r_d4": 0.4478197018460563,
  "tw1": -3.1293656246996138,
  "tw2": -2.314747910318233,
  "tw3": -1.531477379720773,
  "tw4": -2.2036871315249607,
  "cst_upper": [
    0.29536715445664646,
    0.5665472686175348,
    -0.027157527688685124,
    0.40699972813847,
    0.3867674398662569,
    0.34588847087614977,
    0.3309185826265763,
    0.13363926905784856,
    -0.2594446138878409,
    0.597394657643449
  ],
  "cst_lower": [
    -0.2070800479223066,
    -0.3,
    -0.02973296737091452,
    0.1728092054950493,
    -0.2607139193621552,
    -0.003360034894013486,
    -0.022442111199874437,
    0.09050260433450052,
    0.23819967298621053,
    -0.12586169900567756
  ]
}