{
  "upper_weights": [
    -0.3,
    -0.3,
    -0.1083998270042513,
    0.5999999999999999,
    0.5999999999999999,
    0.5999999999999999,
    0.12004486957534993,
    -0.3
  ],
  "lower_weights": [
    -0.3,
    0.29153111365951795,
    0.3,
    -0.042750775061696,
    0.3,
    0.3,
    -0.3,
    -0.3
  ],
  "leading_edge_weight": -0.5,
  "TE_thickness": 0.01,
  "name": "design"
}