{
  "upper_weights": [
    0.32767301416723515,
    0.30097520188648136,
    0.2565494414829451,
    0.29111111598400763,
    0.2537379084397676,
    0.3033474961209091,
    0.35431754359658085,
    0.3834051212173823
  ],
  "lower_weights": [
    -0.11682029329370483,
    0.12447595143652262,
    0.20340435785329658,
    0.13351156907828424,
    -0.0579911046098481,
    -0.0555347230422314,
    -0.1083604103879139,
    -0.08304289514767194
  ],
  "leading_edge_weight": -0.08028747847745,
  "TE_thickness": 0.00032104435627630873,
  "name": "design"
}