{
  "design_name": "HighSweep_MoreWashout_LightCamberThin",
  "design_params": {
    "le_sweep_deg": 70.8999448985994,
    "root_chord_in": 36.411628917324826,
    "twist_root_deg": -10.0,
    "twist_tip_deg": -5.6378738984285794,
    "dihedral_deg": 1.2432679968743647,
    "naca": {
      "m": 2,
      "p": 4,
      "t": 8,
      "chord_length": 1.0
    }
  },
  "sim_conditions": {
    "aoa_deg": 10.0,
    "mach": 0.3,
    "reynolds": 3000000.0
  },
  "vlm_results": {
    "CL": 0.08401769147825355,
    "CDi": 0.00560964279702444,
    "CM": -0.11200909269312732,
    "L_D": 14.977369240483478
  },
  "corrected_results": {
    "CL": -0.021343986900591454,
    "CDi": -0.0037515427904164004,
    "CM": 0.04501570895113422,
    "L_D": 5.689389164137027
  }
}