{
  "name": "design",
  "mach": 0.82,
  "aoa": 3.0,
  "SA": 40.0,
  "AR": 10.12804208719592,
  "TR": 0.343525009826808,
  "kink": 0.36477171900242567,
  "rootadj": 0.7398402919277014,
  "DA_kink": 2.324608123196599,
  "DA_tip": 5.25041493905385,
  "t_root": 0.1532899526734769,
  "r_t2": 0.6358319629592107,
  "r_t3": 0.9472642514390044,
  "r_t4": 0.9886878716162983,
  "r_d1": 0.5096239533420049,
  "r_d2": 0.5549856608416172,
  "r_d4": 0.18219078596225893,
  "tw1": -2.1905549695874593,
  "tw2": -2.780223247601907,
  "tw3": -2.103065912547603,
  "tw4": -2.5606561237476657,
  "cst_upper": [
    0.06987045385533189,
    0.388808818857064,
    0.1999201346153124,
    -0.21298052027232092,
    0.3940437565591442,
    0.2728555930135679,
    0.15605886714278677,
    0.011793132302729499,
    0.15336006705224592,
    0.3761304836409826
  ],
  "cst_lower": [
    0.04792654571159667,
    -0.3,
    0.017294209870463907,
    -0.29578896494657103,
    -0.06737952475418352,
    -0.0663366267344002,
    -0.07463930601156486,
    -0.1610337691509724,
    -0.03690171482731246,
    0.029667345002025496
  ]
}