{
  "upper_weights": [
    0.5074978552584455,
    0.4068268710991726,
    0.3178966178808002,
    0.29997510103179265,
    0.2114286082436199,
    0.10711085706914467,
    0.0910081255504007,
    -0.017066935385576004
  ],
  "lower_weights": [
    -0.09120533344516193,
    -0.050306688102816154,
    -0.11173980680790618,
    -0.12673460167120212,
    -0.0568867624795433,
    0.03099029704291935,
    -0.007381348330445558,
    -0.18655066716197405
  ],
  "leading_edge_weight": -0.11220830807401405,
  "TE_thickness": 0.005745745630805925,
  "name": "design"
}