{
  "upper_weights": [
    -0.3,
    -0.3,
    -0.3,
    -0.3,
    -0.3,
    -0.3,
    -0.3,
    -0.3
  ],
  "lower_weights": [
    -0.06570297322779461,
    -0.04590932794531455,
    -0.3,
    -0.3,
    -0.3,
    -0.3,
    -0.3,
    -0.3
  ],
  "leading_edge_weight": 0.08190169581506457,
  "TE_thickness": 0.01,
  "name": "design"
}