{
  "design_name": "LowSweepMaxTwistThinNACA",
  "design_params": {
    "le_sweep_deg": 45.0,
    "root_chord_in": 25.734,
    "twist_root_deg": 0.0,
    "twist_tip_deg": 0.0,
    "dihedral_deg": 0.0,
    "naca": {
      "m": 2,
      "p": 4,
      "t": 9,
      "chord_length": 1.0
    }
  },
  "sim_conditions": {
    "aoa_deg": 0.0,
    "mach": 0.3,
    "reynolds": 3000000.0
  },
  "vlm_results": {
    "CL": 0.1356075508546242,
    "CDi": 0.0033715720698786478,
    "CM": -0.1598517261726571,
    "L_D": 40.220866718564636
  },
  "corrected_results": {
    "CL": 0.09651656826084015,
    "CDi": 0.0020871617611814565,
    "CM": -0.11506885930306152,
    "L_D": 46.24297457721058
  }
}