{
  "B1": 200.0,
  "B2": 50.0,
  "B3": 200.0,
  "C2": 850.0,
  "C3": 180.0,
  "C4": 90.0,
  "S1": 40.000242218178094,
  "S2": 60.0,
  "S3": 24.0,
  "alpha": -0.0007049950466404553,
  "name": "design"
}