{
  "upper_weights": [
    0.37697274374192397,
    0.3503679980866266,
    0.5664986591818335,
    0.35695516013864914,
    0.11150927405485396,
    0.14603653458349536,
    -0.06256345823659064,
    -0.010678857781319676
  ],
  "lower_weights": [
    -0.04530023539756428,
    0.07470666167672387,
    -0.05305398124360005,
    0.1055435297032601,
    -0.0455010574873544,
    -0.2939447905830157,
    -0.14650446716131074,
    0.051973870104613594
  ],
  "leading_edge_weight": -0.10085425589407171,
  "TE_thickness": 0.0,
  "name": "Exploration_ReflexDist_RoundLE"
}