{
  "design_name": "Hybrid_Camber_AggressiveWashout",
  "design_params": {
    "le_sweep_deg": 66.60134749011792,
    "root_chord_in": 39.72479406562435,
    "twist_root_deg": -10.0,
    "twist_tip_deg": -10.0,
    "dihedral_deg": -4.604885069806135,
    "naca": {
      "m": 4,
      "p": 4,
      "t": 14,
      "chord_length": 1.0
    }
  },
  "sim_conditions": {
    "aoa_deg": 10.0,
    "mach": 0.3,
    "reynolds": 3000000.0
  },
  "vlm_results": {
    "CL": 0.05970158955144871,
    "CDi": 0.021147923013699912,
    "CM": -0.13762332297171245,
    "L_D": 2.823047422329522
  },
  "corrected_results": {
    "CL": -0.10486332528994743,
    "CDi": 0.002191536862810208,
    "CM": 0.11020245182711662,
    "L_D": -47.849218085011444
  }
}