{
  "upper_weights": [
    0.29520907831212,
    0.24590946612232384,
    0.21792554911328693,
    0.07301628366056331,
    0.012230047145538547,
    -0.0632524870636988,
    -0.020168417592730567,
    0.15023686554889587
  ],
  "lower_weights": [
    -0.06979435386683577,
    -0.05365417398309316,
    -0.1782615417319508,
    -0.230984140477853,
    -0.24455017420925226,
    -0.1465938471423373,
    -0.0848770528778991,
    0.004703534006003169
  ],
  "leading_edge_weight": -0.5,
  "TE_thickness": 0.0032493122092130044,
  "name": "design"
}