{
  "design_name": "Hybrid_Camber_HigherSweep_StrongWashout",
  "design_params": {
    "le_sweep_deg": 69.92141541158327,
    "root_chord_in": 32.949490503458044,
    "twist_root_deg": -9.420188467304556,
    "twist_tip_deg": -7.45261915018043,
    "dihedral_deg": -5.103709358679733,
    "naca": {
      "m": 4,
      "p": 4,
      "t": 9,
      "chord_length": 1.0
    }
  },
  "sim_conditions": {
    "aoa_deg": 10.0,
    "mach": 0.3,
    "reynolds": 3000000.0
  },
  "vlm_results": {
    "CL": 0.06591109795233935,
    "CDi": 0.01879577242515399,
    "CM": -0.13700333182811844,
    "L_D": 3.5066980202490585
  },
  "corrected_results": {
    "CL": 0.0013929725185032125,
    "CDi": 0.003662312114628128,
    "CM": -0.008065780895974853,
    "L_D": 0.38035330548135304
  }
}