{
  "upper_weights": [
    0.07308230242762653,
    0.2581722467202327,
    0.21489333851257747,
    0.20124095564102668,
    0.11351232831222452,
    0.10331348834011433,
    0.15347376043481886,
    0.25533754515853374
  ],
  "lower_weights": [
    -0.26186552098821475,
    -0.1918640271773032,
    -0.13722167145776357,
    -0.12491143358676768,
    -0.04891881947387783,
    -0.06077417385379896,
    -0.06472276645872105,
    -0.08931653614484095
  ],
  "leading_edge_weight": 0.39686052951795125,
  "TE_thickness": 0.0017575550948491093,
  "name": "design"
}