{
  "upper_weights": [
    0.37936012042114503,
    0.22210753779742937,
    0.5334624817566913,
    0.2681152545628002,
    0.5369038415395957,
    0.5964329177367458,
    -0.21139203299620696,
    0.5170682811388099
  ],
  "lower_weights": [
    -0.08021447407510479,
    0.02375965380221029,
    0.07449404005256466,
    -0.07174341619617536,
    0.29999524222709223,
    -0.14671631503276664,
    0.270344113801735,
    0.1760519613201354
  ],
  "leading_edge_weight": -0.015955813479309078,
  "TE_thickness": 0.002383304669093248,
  "name": "iter_00687"
}