{
  "upper_weights": [
    0.2914707463653055,
    0.3729016910591267,
    0.4751756149271074,
    0.49381893151081785,
    0.40406640167318814,
    0.2685697900671837,
    0.10013188503915027,
    -0.024434691408399323
  ],
  "lower_weights": [
    -0.11713858815802108,
    0.07258662524888637,
    0.13268579082066334,
    0.058363641949026934,
    -0.034747543699365,
    -0.06432421507760067,
    -0.16208929519131574,
    -0.2896016229398535
  ],
  "leading_edge_weight": -0.5,
  "TE_thickness": 0.008088092524799854,
  "name": "iter_0391"
}