{
  "upper_weights": [
    0.5852309815857355,
    0.5768340832307428,
    0.5956290743928803,
    0.5576347884246218,
    0.5918114981329305,
    0.5999997989831123,
    0.5355914647982074,
    0.4323462332892705
  ],
  "lower_weights": [
    -0.24660035949939085,
    -0.051348405964946775,
    0.13294711938283815,
    0.23380338272025908,
    0.2873403877303274,
    0.19362961447743965,
    -0.03589772180639461,
    -0.17542193093999137
  ],
  "leading_edge_weight": -0.47437014145069095,
  "TE_thickness": 0.0017954340618603298,
  "name": "iter_00582"
}