{
  "upper_weights": [
    0.5472132983083967,
    0.3392974927195464,
    0.29103118348142104,
    0.16475067192576884,
    0.04573431770152661,
    -0.011090526671137196,
    0.02158737805382762,
    0.03113927988781837
  ],
  "lower_weights": [
    -0.23116023712230893,
    -0.18491752178460247,
    -0.18427363864580432,
    -0.07041292037999682,
    -0.051931779872261316,
    -0.044064527947667555,
    -0.03694765280998241,
    -0.10346701692285738
  ],
  "leading_edge_weight": 0.40330812108195946,
  "TE_thickness": 0.006381270691111776,
  "name": "GeometricValidCambered"
}