{
  "upper_weights": [
    0.33619786734617546,
    0.40551647373204686,
    0.4139658928354019,
    0.3278855461537083,
    0.18759242968070566,
    0.09957362472247439,
    0.09343968618418019,
    0.033686725115906035
  ],
  "lower_weights": [
    -0.04960207258011656,
    0.07136905026759155,
    0.03548985295462709,
    -0.06530106055599166,
    -0.05708059177137931,
    0.01893022638732661,
    0.020046964157413083,
    -0.06384990446853894
  ],
  "leading_edge_weight": -0.21303888244096175,
  "TE_thickness": 0.007173472720031445,
  "name": "design"
}