{
  "upper_weights": [
    0.20581987620263545,
    0.3807062096838732,
    0.1495863836818137,
    0.6,
    0.2727268236854258,
    0.29645172342077875,
    0.0483066594103833,
    0.49813158662437335
  ],
  "lower_weights": [
    0.09502931449192838,
    0.21144918593664305,
    0.3,
    -0.3,
    -0.15022015812089537,
    0.3,
    -0.04892311384469673,
    0.19600138988111815
  ],
  "leading_edge_weight": 0.42447316928862666,
  "TE_thickness": 0.007192535324859711,
  "name": "design"
}