{
  "upper_weights": [
    0.21817526749648047,
    0.3013167342999606,
    0.27492606943708214,
    0.18164627701942004,
    0.06189044207599903,
    -0.02052909725017188,
    0.006213978479464755,
    0.22635191291054008
  ],
  "lower_weights": [
    -0.23548000851992412,
    -0.27207928213631494,
    -0.3,
    -0.3,
    -0.3,
    -0.2319609065230883,
    -0.2888482129734594,
    -0.3
  ],
  "leading_edge_weight": 0.5,
  "TE_thickness": 0.0,
  "name": "iter_0358"
}