{
  "upper_weights": [
    0.4145171966339022,
    0.35096690862883917,
    0.16260631050087757,
    0.32678096320216915,
    0.2955953720489016,
    0.07738216507405406,
    0.47843507985995576,
    0.6
  ],
  "lower_weights": [
    -0.3,
    -0.26589766893395356,
    -0.2563489086354934,
    -0.17494584623746884,
    -0.014898937049556485,
    -0.03679263015315119,
    0.3,
    0.013308720685356868
  ],
  "leading_edge_weight": 0.5,
  "TE_thickness": 0.0,
  "name": "HPA_Baseline_Camber_Reflex"
}