{
  "upper_weights": [
    0.16982447269626572,
    0.2450063918598194,
    0.2901008317491237,
    0.257080180591396,
    0.16015400314038322,
    -0.00803220185336042,
    -0.0022309986375884006,
    0.08840890963131044
  ],
  "lower_weights": [
    -0.2731376690166469,
    -0.21970124597548157,
    -0.1551947766484504,
    -0.13647144003697936,
    -0.1489781740271262,
    -0.030139209537238195,
    0.012140234230394615,
    -0.03840719119908333
  ],
  "leading_edge_weight": 0.24558087517528704,
  "TE_thickness": 0.009002429717902312,
  "name": "FixedGeometryCamberedHPA"
}