{
  "name": "iter_0060",
  "mach": 0.82,
  "aoa": 3.0,
  "SA": 39.14860866749874,
  "AR": 10.780567609432884,
  "TR": 0.3542547003560948,
  "kink": 0.4194875852072837,
  "rootadj": 0.3947440370164441,
  "DA_kink": 4.18769925496615,
  "DA_tip": 4.244106662302518,
  "t_root": 0.14444256332016303,
  "r_t2": 0.6317376068298406,
  "r_t3": 0.9524879900111118,
  "r_t4": 0.9802692505507464,
  "r_d1": 0.5975023186772168,
  "r_d2": 0.8735857263629005,
  "r_d4": 0.20261803319674648,
  "tw1": -2.1593883409601116,
  "tw2": -3.515327642965622,
  "tw3": -1.41591170001464,
  "tw4": -2.6696149066530084,
  "cst_upper": [
    0.4726458833979556,
    0.33495561456640294,
    0.2678227186427317,
    0.3118716688488132,
    0.39951654357351757,
    0.1618453090633598,
    0.12713236313084353,
    0.20113842679647248,
    0.1485163923929987,
    0.5472229335103689
  ],
  "cst_lower": [
    -0.22193273194421542,
    -0.2545016156450744,
    -0.08221628327064145,
    0.006299902506854471,
    0.15690400316088887,
    -0.21883314910680518,
    0.10224619393692141,
    0.15583010000034514,
    0.09081286638729752,
    0.0003803517376397836
  ]
}