{
  "upper_weights": [
    0.09100985763992966,
    0.09625323223291651,
    0.46950578989180924,
    0.14169307175096582,
    0.42431039456848807,
    0.41471428085645573,
    0.41919985112088615,
    0.07858630966575483
  ],
  "lower_weights": [
    -0.04396825098394339,
    0.10261136876509971,
    0.11939886195446245,
    0.07772524462646527,
    0.17381433605371227,
    0.2633046614197099,
    0.1363890311124071,
    0.011564742764542191
  ],
  "leading_edge_weight": 0.5,
  "TE_thickness": 0.0014050198287581842,
  "name": "Reflexed_CM_Optimized"
}