{
  "upper_weights": [
    0.28481389350502817,
    0.37717525613758573,
    0.163015055065357,
    0.540959984189921,
    0.2676235079602397,
    0.0766141390464724,
    0.17834841797340623,
    0.10211217967541267
  ],
  "lower_weights": [
    0.07442889522432637,
    -0.04241291159632491,
    -0.11262087140145613,
    -0.10357007876178435,
    -0.0480998462385666,
    -0.13392113107956752,
    0.02215153995418943,
    0.01911787124846186
  ],
  "leading_edge_weight": 0.2382074970026633,
  "TE_thickness": 0.0015669142276565032,
  "name": "DumbbellScoop_MaxCL_Iter70"
}