{
  "upper_weights": [
    0.31774081215935185,
    0.27431672500459353,
    0.2460464049253392,
    0.1487619600994476,
    -0.011531579783341628,
    -0.166912647541888,
    -0.16568267766064446,
    -0.0708431514744502
  ],
  "lower_weights": [
    -0.24863302926688255,
    -0.16851991940146802,
    -0.12940797374420984,
    -0.08783228164776347,
    -0.131308470421604,
    -0.22254319947697632,
    -0.3,
    -0.3
  ],
  "leading_edge_weight": 0.5,
  "TE_thickness": 0.01,
  "name": "iter_0454"
}