{
  "design_name": "Aggressive_Washout_4410",
  "design_params": {
    "le_sweep_deg": 69.6806131947336,
    "root_chord_in": 30.978262713137127,
    "twist_root_deg": -7.139619549326072,
    "twist_tip_deg": -8.683046970762557,
    "dihedral_deg": 2.2910822802889204,
    "naca": {
      "m": 4,
      "p": 4,
      "t": 10,
      "chord_length": 1.0
    }
  },
  "sim_conditions": {
    "aoa_deg": 10.0,
    "mach": 0.3,
    "reynolds": 3000000.0
  },
  "vlm_results": {
    "CL": 0.23236029586786525,
    "CDi": 0.016918385698143804,
    "CM": -0.27943402918999843,
    "L_D": 13.734188356597082
  },
  "corrected_results": {
    "CL": 0.10926180982245641,
    "CDi": 0.004197480903882366,
    "CM": -0.10780952577376142,
    "L_D": 26.030329219936927
  }
}