{
  "design_name": "Hybrid_HighSweep_DeepDiffWashout_NACA2408",
  "design_params": {
    "le_sweep_deg": 79.86783428176817,
    "root_chord_in": 32.204241655686936,
    "twist_root_deg": -9.049939912690816,
    "twist_tip_deg": -10.0,
    "dihedral_deg": -10.418938386786518,
    "naca": {
      "m": 0,
      "p": 0,
      "t": 8,
      "chord_length": 1.0
    }
  },
  "sim_conditions": {
    "aoa_deg": 10.0,
    "mach": 0.3,
    "reynolds": 3000000.0
  },
  "vlm_results": {
    "CL": 0.012021035851171608,
    "CDi": 7.413115178906603e-05,
    "CM": -0.010070467170227115,
    "L_D": 162.15903248578218
  },
  "corrected_results": {
    "CL": 0.008782413933621561,
    "CDi": 0.0001899890971711159,
    "CM": 0.014917891447612783,
    "L_D": 46.22588382380478
  }
}