{
  "SA": 31.542356763921013,
  "AR": 9.67593859591147,
  "TR": 0.28657370641790175,
  "kink": 0.3881249681640175,
  "rootadj": 0.5426551995321249,
  "DA_kink": 3.905725966052951,
  "DA_tip": 5.327135046884293,
  "t_root": 0.1568345893914546,
  "r_t2": 0.6167178152849146,
  "r_t3": 0.9391039046911717,
  "r_t4": 0.9382009216630702,
  "r_d1": 0.636612851865799,
  "r_d2": 0.766719911507351,
  "r_d4": 0.4660176981941716,
  "tw1": -3.2343864236355166,
  "tw2": -2.8841309209401818,
  "tw3": -2.4683849233298156,
  "tw4": -2.3272178025429695,
  "cst_upper": [
    0.077783172468466,
    0.06504592447444052,
    0.046237524970375615,
    0.11494658888248993,
    0.0014597458599529683,
    0.09004127422727158,
    0.025024002202827016,
    0.09076724665747286,
    0.18590122373632545,
    0.10227398569689856
  ],
  "cst_lower": [
    -0.020969169888168503,
    -0.02328945762604016,
    -0.021714206264012506,
    -0.03132972773064162,
    -0.00013133792023909343,
    -0.033967504149690755,
    0.037013025890476725,
    0.007681149190389683,
    -0.02233997571578122,
    -0.009720673048306079
  ],
  "_score": 6.40548631129305
}