{
  "upper_weights": [
    0.5369729269836402,
    0.19059542181577044,
    0.37373951899929087,
    0.24936570880310632,
    0.03304952957866658,
    0.16341552529453618,
    0.33836418256411843,
    0.3620973201465822
  ],
  "lower_weights": [
    -0.2490521080348473,
    0.0974027218758472,
    0.05090002805906316,
    0.12805692248915698,
    -0.11022972092782668,
    0.197973418378181,
    -0.057437510129705105,
    -0.1836129616556646
  ],
  "leading_edge_weight": 0.2678301673991559,
  "TE_thickness": 0.004146275253666652,
  "_score": 1.6544340772125499
}