{
  "design_name": "ExploitHighSweepMaxWashoutThinnerCamber",
  "design_params": {
    "le_sweep_deg": 74.2668544563964,
    "root_chord_in": 32.16376467260849,
    "twist_root_deg": -10.0,
    "twist_tip_deg": -7.688144576109717,
    "dihedral_deg": -15.0,
    "naca": {
      "m": 2,
      "p": 4,
      "t": 7,
      "chord_length": 1.0
    }
  },
  "sim_conditions": {
    "aoa_deg": 10.0,
    "mach": 0.3,
    "reynolds": 3000000.0
  },
  "vlm_results": {
    "CL": 0.02573440824620114,
    "CDi": 0.004639842086093658,
    "CM": -0.05773132656840994,
    "L_D": 5.546397435234108
  },
  "corrected_results": {
    "CL": 0.00844868732055252,
    "CDi": -0.0007628898605673464,
    "CM": 0.0010461736306378634,
    "L_D": -11.074583314384851
  }
}