{
  "upper_weights": [
    0.1619541650581423,
    0.30777333135218204,
    0.4175117570798393,
    0.4212656530436654,
    0.5999999999999999,
    0.5999999999999999,
    0.361850324176954,
    0.27551661417697065
  ],
  "lower_weights": [
    -0.3,
    -0.003237145771414651,
    0.3,
    0.3,
    0.3,
    0.3,
    0.3,
    0.3
  ],
  "leading_edge_weight": 0.33287447899782374,
  "TE_thickness": 7.613053858693458e-05,
  "name": "design"
}