{
  "upper_weights": [
    0.15038454172846438,
    -0.04386001486892115,
    -0.0125848247931225,
    0.10914603313190682,
    0.12780144614733796,
    0.20279131675349885,
    0.22138474399417357,
    0.17354650501968724
  ],
  "lower_weights": [
    -0.25081152311743465,
    -0.15208076263118595,
    -0.08876054602340362,
    -0.04966027604269618,
    0.0005739603520288281,
    0.016545630916886652,
    -0.05677918594237813,
    -0.18015211050061872
  ],
  "leading_edge_weight": -0.0954286700595886,
  "TE_thickness": 0.007879696280944813,
  "name": "design"
}