{
  "upper_weights": [
    0.48534036299628697,
    0.2726828575676245,
    0.1519239021307201,
    0.15152421631388843,
    0.15892623015699942,
    0.1550098896599178,
    0.13014358691185723,
    0.05056890160350068
  ],
  "lower_weights": [
    -0.3,
    -0.20041389923809336,
    -0.18735187845565623,
    -0.07876617360287735,
    0.0006260420818774751,
    -0.0794094203379398,
    -0.1766841604789431,
    -0.17836191434015253
  ],
  "leading_edge_weight": 0.0106833121240503,
  "TE_thickness": 0.006091274381541644,
  "name": "design"
}