{
  "SA": 36.81740962808351,
  "AR": 9.300181907192698,
  "TR": 0.28436186357299525,
  "kink": 0.39932590831873094,
  "rootadj": 0.36360571117782814,
  "DA_kink": 1.635925255684289,
  "DA_tip": 4.491447895143302,
  "t_root": 0.16131292051713594,
  "r_t2": 0.6408023642351258,
  "r_t3": 0.9741093238089099,
  "r_t4": 0.9524766986845681,
  "r_d1": 0.5653792752664198,
  "r_d2": 0.8785091627139896,
  "r_d4": 0.6674790517545497,
  "tw1": -2.3128321411212007,
  "tw2": -2.5972112564689525,
  "tw3": -1.6586458247295126,
  "tw4": -1.802491016932939,
  "cst_upper": [
    0.19378281053437335,
    0.23799160691304,
    0.20795262561499045,
    0.29962037354126786,
    0.28085422996594556,
    0.24901184445068153,
    0.37834358783888045,
    0.40747183596418246,
    0.3099457747078328,
    0.46622213411871694
  ],
  "cst_lower": [
    0.006574932657599486,
    -0.16452445944597882,
    -0.20376167404521034,
    -0.2899902462804794,
    -0.1562010514382024,
    -0.15913106312874623,
    -0.03649126925684015,
    -0.10268912365839165,
    -0.22681401182469035,
    -0.01094305752493585
  ],
  "_score": -0.03524376189763128
}