{
  "design_name": "CamberedWashout_Exploit_SweepUp",
  "design_params": {
    "le_sweep_deg": 66.82683219505718,
    "root_chord_in": 34.62098028242182,
    "twist_root_deg": -9.492825332149048,
    "twist_tip_deg": -0.3817470671138472,
    "dihedral_deg": -5.10925881206332,
    "naca": {
      "m": 2,
      "p": 4,
      "t": 10,
      "chord_length": 1.0
    }
  },
  "sim_conditions": {
    "aoa_deg": 10.0,
    "mach": 0.3,
    "reynolds": 3000000.0
  },
  "vlm_results": {
    "CL": 0.14663210034467278,
    "CDi": 0.01369433328008526,
    "CM": -0.17503247067741634,
    "L_D": 10.70750195322834
  },
  "corrected_results": {
    "CL": 0.022924249832082196,
    "CDi": -0.0014622615746734805,
    "CM": -0.003814165728703082,
    "L_D": -15.677256538182045
  }
}