{
  "upper_weights": [
    0.5409667100729999,
    0.38635450486246986,
    0.26219635895346216,
    0.09116529717188286,
    0.06017479751557598,
    0.11152418555131649,
    0.15963196302531285,
    0.05396592547227088
  ],
  "lower_weights": [
    -0.07501404852267206,
    0.057511290736323474,
    0.028114201316457723,
    0.0007842458222015181,
    -0.007994625723951314,
    -0.11257145506466834,
    -0.20990665125601057,
    -0.2967207938682389
  ],
  "leading_edge_weight": 0.13615671876525645,
  "TE_thickness": 0.0069913448197323315,
  "name": "design"
}