{
  "name": "iter_0362",
  "mach": 0.82,
  "aoa": 3.0,
  "SA": 40.0,
  "AR": 11.0,
  "TR": 0.4,
  "kink": 0.36,
  "rootadj": 0.1,
  "DA_kink": 6.0,
  "DA_tip": 4.349624775634079,
  "t_root": 0.14,
  "r_t2": 0.6,
  "r_t3": 0.98,
  "r_t4": 1.0,
  "r_d1": 0.8,
  "r_d2": 1.0,
  "r_d4": 0.5387679253764217,
  "tw1": -2.2179110035039873,
  "tw2": -2.0,
  "tw3": -1.0,
  "tw4": -1.0,
  "cst_upper": [
    -0.0906444870106356,
    -0.10473335594669692,
    0.5999999999999999,
    0.5165475557601158,
    0.20217528961085446,
    0.2694309267912474,
    0.5999999999999999,
    0.3437992167259604,
    0.46940784709222444,
    0.28237695789195777
  ],
  "cst_lower": [
    -0.3,
    -0.0515167073403241,
    -0.3,
    -0.3,
    -0.3,
    -0.3,
    -0.3,
    0.03275444179247344,
    0.3,
    0.009305695472917874
  ]
}