{
  "upper_weights": [
    0.08489595931133065,
    0.11261239226810416,
    0.3338954475035893,
    0.29658249504691053,
    0.2843027269682638,
    0.4011079704590233,
    0.5999999999999999,
    0.0480394314518538
  ],
  "lower_weights": [
    -0.06146781567354201,
    0.3,
    0.3,
    -0.11487724919748846,
    0.3,
    0.3,
    0.3,
    0.3
  ],
  "leading_edge_weight": 0.5,
  "TE_thickness": 0.00017240342663653966,
  "name": "design"
}