{
  "design_name": "HighSweepCamberWashInWashout",
  "design_params": {
    "le_sweep_deg": 79.85725145422776,
    "root_chord_in": 26.806109509774643,
    "twist_root_deg": 7.523987688404185,
    "twist_tip_deg": -5.501488270037384,
    "dihedral_deg": 1.1608415276827224,
    "naca": {
      "m": 4,
      "p": 4,
      "t": 6,
      "chord_length": 1.0
    }
  },
  "sim_conditions": {
    "aoa_deg": 10.0,
    "mach": 0.3,
    "reynolds": 3000000.0
  },
  "vlm_results": {
    "CL": 1.0023921356667267,
    "CDi": 0.1592460279105381,
    "CM": -1.1784427935458475,
    "L_D": 6.29461311417987
  },
  "corrected_results": {
    "CL": 0.3037708776813815,
    "CDi": 0.06910542214531878,
    "CM": -0.2907880381069784,
    "L_D": 4.395760394062783
  }
}