{
  "upper_weights": [
    0.20813263698979725,
    0.20019509900710786,
    0.4684858395030259,
    0.37154991362291134,
    0.45577870638148454,
    0.11676931995689499,
    0.2541881216097962,
    0.01729865733968753
  ],
  "lower_weights": [
    -0.15849398807127107,
    -0.12355077647016281,
    -0.3,
    -0.3,
    -0.3,
    -0.001195650074246546,
    -0.019493226309011527,
    -0.05381389888826335
  ],
  "leading_edge_weight": 0.14452324340201494,
  "TE_thickness": 0.002487666077161638,
  "name": "HPA_Baseline_HighCamber_V0"
}