{
  "upper_weights": [
    0.1824188779900933,
    0.4400188528250987,
    0.5006982623085925,
    0.554823667792649,
    0.4692607047633552,
    0.4127392353720739,
    0.27448708606536565,
    0.23219173081560818
  ],
  "lower_weights": [
    -0.1642988478538335,
    -0.15137845005564068,
    -0.1489387330943535,
    -0.11665422251784364,
    -0.09673199583014835,
    0.016551847062161066,
    0.08139088482017068,
    0.10671449696695649
  ],
  "leading_edge_weight": 0.03650444079550856,
  "TE_thickness": 2.884345663677885e-07,
  "name": "HighCamberBluntLEReflex_V1"
}