{
  "upper_weights": [
    0.5371784074894317,
    0.5959886966461552,
    0.589626093390345,
    0.5995172920360723,
    0.5211109554890374,
    0.574375922189674,
    0.5415369557237377,
    0.35766232120395053
  ],
  "lower_weights": [
    -0.1765655555546726,
    -0.07195008710266615,
    0.08260767457077839,
    0.10928556622916935,
    0.04794275521246644,
    0.02474614656429014,
    -0.017510578179810388,
    -0.018027568195809973
  ],
  "leading_edge_weight": -0.210666967126741,
  "TE_thickness": 0.002937414268107657,
  "name": "iter_00695"
}