{
  "name": "design",
  "mach": 0.82,
  "aoa": 3.0,
  "SA": 34.80763329175377,
  "AR": 10.380796755533032,
  "TR": 0.33334716010280724,
  "kink": 0.40558207115662087,
  "rootadj": 0.2819945132580224,
  "DA_kink": 1.4454140520866472,
  "DA_tip": 5.636590998824599,
  "t_root": 0.14349171399872046,
  "r_t2": 0.6477336185312249,
  "r_t3": 0.9341425166495929,
  "r_t4": 0.9533976518643218,
  "r_d1": 0.6444856587869531,
  "r_d2": 0.7373131119396804,
  "r_d4": 0.0,
  "tw1": -2.8996651214379106,
  "tw2": -2.7416820792958068,
  "tw3": -1.2287217125013608,
  "tw4": -2.881811743808429,
  "cst_upper": [
    0.279893132331208,
    -0.11163869359887907,
    0.2730033188342932,
    0.307586724023061,
    -0.100785973101003,
    0.1099442887195535,
    0.14049051348477506,
    0.011417864924621178,
    0.2149041325417632,
    0.33755480772192875
  ],
  "cst_lower": [
    -0.08913295688234062,
    -0.07834726900579488,
    -0.25147030715084806,
    -0.06283668977370015,
    0.07611833592868222,
    -0.07614379140671222,
    0.07723355498290142,
    0.0668527905636041,
    0.023900739527867237,
    0.23171522473603892
  ]
}