{
  "upper_weights": [
    0.1338962764324267,
    0.25602094163186734,
    0.33384537977417045,
    0.48363265520023674,
    0.5443314508943067,
    0.4786566045838599,
    0.26174860070509026,
    0.10059919860938815
  ],
  "lower_weights": [
    -0.3,
    -0.19387980280144923,
    -0.15631955142440268,
    -0.14173643734267868,
    -0.08937442345167479,
    -0.06817060245607914,
    -0.14989643171915984,
    -0.2633783545052788
  ],
  "leading_edge_weight": 0.5,
  "TE_thickness": 0.01,
  "name": "iter_0647"
}