{
  "upper_weights": [
    0.5611878166971507,
    0.5624031235064961,
    0.573850431264378,
    0.5625157263244098,
    0.5046098955723843,
    0.5366940976274162,
    0.4555962191812704,
    0.5987881108855106
  ],
  "lower_weights": [
    -0.21421358993257655,
    -0.13076957103766995,
    -0.05515422614092394,
    -0.019577375963309718,
    0.08291433386559005,
    0.08801623226613842,
    -0.03759450643182238,
    -0.1941097368029302
  ],
  "leading_edge_weight": -0.4999156858072903,
  "TE_thickness": 0.0026060725661463282,
  "name": "iter_00553"
}