{
  "design_name": "LowSweep_MaxWash_NACA4412_ExtremeAnhedral",
  "design_params": {
    "le_sweep_deg": 57.235114217008736,
    "root_chord_in": 33.3162342145968,
    "twist_root_deg": -6.229711382168798,
    "twist_tip_deg": -7.67188973186756,
    "dihedral_deg": -15.0,
    "naca": {
      "m": 4,
      "p": 0,
      "t": 15,
      "chord_length": 1.0
    }
  },
  "sim_conditions": {
    "aoa_deg": 10.0,
    "mach": 0.3,
    "reynolds": 3000000.0
  },
  "vlm_results": {
    "CL": 0.1529696677486844,
    "CDi": 0.007851814443827283,
    "CM": -0.13352378556475775,
    "L_D": 19.48207880395617
  },
  "corrected_results": {
    "CL": 0.04359549867173059,
    "CDi": 0.002395268190360246,
    "CM": -0.013017088322978036,
    "L_D": 18.200675334470112
  }
}