{
  "design_name": "LowSweep_PosRootTwist_HighCamber_PosDihedral",
  "design_params": {
    "le_sweep_deg": 54.10712792655031,
    "root_chord_in": 38.51919708206943,
    "twist_root_deg": 6.4486457018582835,
    "twist_tip_deg": -4.184091980214062,
    "dihedral_deg": 6.101905762912809,
    "naca": {
      "m": 4,
      "p": 4,
      "t": 16,
      "chord_length": 1.0
    }
  },
  "sim_conditions": {
    "aoa_deg": 10.0,
    "mach": 0.3,
    "reynolds": 3000000.0
  },
  "vlm_results": {
    "CL": 0.9715572072205161,
    "CDi": 0.17084758433088218,
    "CM": -0.9169018526194123,
    "L_D": 5.686689753475775
  },
  "corrected_results": {
    "CL": 0.18611860319264148,
    "CDi": 0.03328849617939161,
    "CM": -0.14237871430436394,
    "L_D": 5.5910787375208795
  }
}