{
  "upper_weights": [
    0.36194412471024257,
    0.28962330975435197,
    0.2871622984937205,
    0.2303862053979015,
    0.14912546686386874,
    0.18685054384560812,
    0.33605036657791126,
    0.5621709497776224
  ],
  "lower_weights": [
    -0.2634824216467401,
    -0.2073227591098224,
    -0.10833800372030158,
    0.01017774920333031,
    0.0719489205675729,
    0.13112035588758608,
    0.14909722727402502,
    0.0729898693335228
  ],
  "leading_edge_weight": -0.020947348053743486,
  "TE_thickness": 0.0,
  "name": "iter_0386"
}