{
  "design_name": "HighSweep_MinThickness_AggressiveWashout_Anhedral",
  "design_params": {
    "le_sweep_deg": 76.8703511353771,
    "root_chord_in": 29.74581094663018,
    "twist_root_deg": -9.203590930127376,
    "twist_tip_deg": -8.227899200271187,
    "dihedral_deg": -15.0,
    "naca": {
      "m": 4,
      "p": 4,
      "t": 9,
      "chord_length": 1.0
    }
  },
  "sim_conditions": {
    "aoa_deg": 10.0,
    "mach": 0.3,
    "reynolds": 3000000.0
  },
  "vlm_results": {
    "CL": -0.020349713586714818,
    "CDi": 0.01779585524680937,
    "CM": -0.053984527971350185,
    "L_D": -1.1435086038005018
  },
  "corrected_results": {
    "CL": 0.007619064335277234,
    "CDi": 0.005713448367011214,
    "CM": -0.018933833759627098,
    "L_D": 1.3335316687674688
  }
}