{
  "design_name": "Hybrid_Cambered_DiffWash_Delta",
  "design_params": {
    "le_sweep_deg": 74.22973160841921,
    "root_chord_in": 28.281590179995284,
    "twist_root_deg": -2.044716602413258,
    "twist_tip_deg": -10.0,
    "dihedral_deg": -15.0,
    "naca": {
      "m": 2,
      "p": 4,
      "t": 6,
      "chord_length": 1.0
    }
  },
  "sim_conditions": {
    "aoa_deg": 10.0,
    "mach": 0.3,
    "reynolds": 3000000.0
  },
  "vlm_results": {
    "CL": 0.26451602341924624,
    "CDi": 0.018524974600996034,
    "CM": -0.27050696351937387,
    "L_D": 14.27888723825964
  },
  "corrected_results": {
    "CL": 0.17472097790441946,
    "CDi": 0.012468102423960521,
    "CM": -0.1540396500783324,
    "L_D": 14.013437808198479
  }
}