{
  "upper_weights": [
    0.27226972899997387,
    0.35263934866413255,
    0.4102614223593543,
    0.42522532509222827,
    0.39971191782791954,
    0.296046079241644,
    0.1486406650767204,
    -0.038632992997307214
  ],
  "lower_weights": [
    -0.22238324796884668,
    0.008160390974505827,
    0.06990589696803085,
    -0.00031560492629206793,
    -0.19671953164615913,
    -0.3,
    -0.3,
    -0.3
  ],
  "leading_edge_weight": -0.5,
  "TE_thickness": 0.0,
  "name": "iter_0118"
}