{
  "design_name": "VortexOptimizedUltraThinDelta",
  "design_params": {
    "le_sweep_deg": 80.0,
    "root_chord_in": 24.69425439369202,
    "twist_root_deg": -9.802686564476721,
    "twist_tip_deg": -10.0,
    "dihedral_deg": -11.451497054335476,
    "naca": {
      "m": 2,
      "p": 0,
      "t": 6,
      "chord_length": 1.0
    }
  },
  "sim_conditions": {
    "aoa_deg": 10.0,
    "mach": 0.3,
    "reynolds": 3000000.0
  },
  "vlm_results": {
    "CL": -0.0028072076654913304,
    "CDi": 1.2376265190315267e-05,
    "CM": 0.002901138078602759,
    "L_D": -226.8218741537665
  },
  "corrected_results": {
    "CL": 0.07498543096689145,
    "CDi": -0.0002672640140254107,
    "CM": -0.0666087487497327,
    "L_D": -280.56688155466395
  }
}