{
  "design_name": "Exploitation_Delta_TwistOptimized",
  "design_params": {
    "le_sweep_deg": 64.77832270053915,
    "root_chord_in": 34.170265205471246,
    "twist_root_deg": -9.778604681029169,
    "twist_tip_deg": -0.916213869876719,
    "dihedral_deg": 1.4905622216169645,
    "naca": {
      "m": 4,
      "p": 4,
      "t": 10,
      "chord_length": 1.0
    }
  },
  "sim_conditions": {
    "aoa_deg": 10.0,
    "mach": 0.3,
    "reynolds": 3000000.0
  },
  "vlm_results": {
    "CL": 0.18992183360000112,
    "CDi": 0.024239339189145365,
    "CM": -0.25060613879661897,
    "L_D": 7.835272740646747
  },
  "corrected_results": {
    "CL": 0.04579426803698515,
    "CDi": 0.001945906737268879,
    "CM": -0.043657033129572205,
    "L_D": 23.533639696041327
  }
}