{
  "B1": 200.0,
  "B2": 50.0,
  "B3": 200.0,
  "C2": 665.7866698707488,
  "C3": 180.0,
  "C4": 76.67059377416177,
  "S1": 60.0,
  "S2": 40.42224966916078,
  "S3": 39.13456849547535,
  "alpha": -2.6473493502793737,
  "name": "design"
}