{
  "name": "design",
  "mach": 0.82,
  "aoa": 3.0,
  "SA": 35.930472163151705,
  "AR": 9.456850659104287,
  "TR": 0.26320320985085416,
  "kink": 0.3773256016856569,
  "rootadj": 0.5904472448085595,
  "DA_kink": 2.898068135064213,
  "DA_tip": 5.111987597983878,
  "t_root": 0.15173966155493163,
  "r_t2": 0.6935706392181838,
  "r_t3": 0.9494648417216957,
  "r_t4": 0.9430737615076413,
  "r_d1": 0.47103085536041583,
  "r_d2": 0.6944797019355449,
  "r_d4": 0.6235268417832284,
  "tw1": -2.13203053541753,
  "tw2": -2.354157221445406,
  "tw3": -1.7253237291882422,
  "tw4": -2.148821676170598,
  "cst_upper": [
    0.04924922159540962,
    0.42671564629312986,
    0.19710762159769238,
    0.4541085193509154,
    0.12579905427137142,
    0.3464106659382296,
    0.15518652178383113,
    0.4523033249274959,
    0.17355275701039535,
    0.1539826198573804
  ],
  "cst_lower": [
    -0.11033353576092583,
    -0.17624421772148163,
    -0.012367121404025405,
    -0.29133254232113676,
    0.2661892987601993,
    -0.17046532174083892,
    0.06504852867031996,
    0.2028258554227639,
    0.08873976416559679,
    0.04591501633702612
  ]
}