{
  "SA": 32.5,
  "AR": 9.5,
  "TR": 0.175,
  "kink": 0.414,
  "rootadj": 0.6,
  "DA_kink": 5.45,
  "DA_tip": 4.6,
  "t_root": 0.15500000000000003,
  "r_t2": 0.61,
  "r_t3": 0.956,
  "r_t4": 0.992,
  "r_d1": 0.45,
  "r_d2": 0.8500000000000001,
  "r_d4": 0.4,
  "tw1": -3.4,
  "tw2": -3.0,
  "tw3": -2.4,
  "tw4": -1.5999999999999999,
  "cst_upper": [
    0.51,
    0.51,
    0.51,
    0.51,
    0.51,
    0.51,
    0.51,
    0.51,
    0.51,
    0.51
  ],
  "cst_lower": [
    -0.24,
    -0.24,
    -0.24,
    -0.24,
    -0.24,
    -0.24,
    -0.24,
    -0.24,
    -0.24,
    -0.24
  ],
  "_score": -0.05232063312867665
}