{
  "upper_weights": [
    0.3165020743045995,
    0.327315131051178,
    0.2718930859451093,
    0.07530172853238348,
    0.04163287119949303,
    0.02713844903883187,
    -0.030418944977030033,
    -0.11138079002377278
  ],
  "lower_weights": [
    -0.24655004977613246,
    -0.1721564396540891,
    -0.09421018847975554,
    -0.12315512111151278,
    -0.18496447895278545,
    -0.25315273950369693,
    -0.20987882325730847,
    -0.25600003831131213
  ],
  "leading_edge_weight": 0.29805742611641545,
  "TE_thickness": 0.0,
  "name": "CDAS_Forced_BoundaryPush_611414"
}