{
  "upper_weights": [
    0.5956993234883821,
    0.543096856484661,
    0.3532340989358,
    0.17780369251759404,
    0.1130707840372668,
    0.09513112502059169,
    -0.004747572564835857,
    -0.07780207629876663
  ],
  "lower_weights": [
    -0.11627008108601007,
    -0.008315618924831217,
    0.02380255074402086,
    -0.06034424982408466,
    -0.12608136351705942,
    -0.19230070802472074,
    -0.17596954319320743,
    -0.3
  ],
  "leading_edge_weight": -0.1539776675905212,
  "TE_thickness": 0.01,
  "name": "design"
}