{
  "SA": 38.92275530182182,
  "AR": 8.518813827221027,
  "TR": 0.18455894731737993,
  "kink": 0.3958893599598955,
  "rootadj": 0.7910546145045664,
  "DA_kink": 4.176838783328421,
  "DA_tip": 4.006136106149383,
  "t_root": 0.14257766281635925,
  "r_t2": 0.6033292137878369,
  "r_t3": 0.9583034149174986,
  "r_t4": 0.9930163178681253,
  "r_d1": 0.7175044599240137,
  "r_d2": 0.7825538562501017,
  "r_d4": 0.21430730823865318,
  "tw1": -3.8794211752691767,
  "tw2": -3.6943502341794834,
  "tw3": -2.9364331195326536,
  "tw4": -2.0240809279668137,
  "cst_upper": [
    0.2550733538797106,
    0.2550733538797106,
    0.2550733538797106,
    0.2550733538797106,
    0.2550733538797106,
    0.2550733538797106,
    0.2550733538797106,
    0.2550733538797106,
    0.2550733538797106,
    0.2550733538797106
  ],
  "cst_lower": [
    -0.10120597143682067,
    -0.10120597143682067,
    -0.10120597143682067,
    -0.10120597143682067,
    -0.10120597143682067,
    -0.10120597143682067,
    -0.10120597143682067,
    -0.10120597143682067,
    -0.10120597143682067,
    -0.10120597143682067
  ],
  "_score": 12.261134671117905
}