{
  "design_name": "SweptWashoutCambered_AnhedralDelta",
  "design_params": {
    "le_sweep_deg": 69.1275586015469,
    "root_chord_in": 25.77660602781291,
    "twist_root_deg": -10.0,
    "twist_tip_deg": -10.0,
    "dihedral_deg": -15.0,
    "naca": {
      "m": 4,
      "p": 4,
      "t": 10,
      "chord_length": 1.0
    }
  },
  "sim_conditions": {
    "aoa_deg": 10.0,
    "mach": 0.3,
    "reynolds": 3000000.0
  },
  "vlm_results": {
    "CL": -0.000920543015968043,
    "CDi": 0.023436576915170638,
    "CM": -0.08206744327859324,
    "L_D": -0.03927804897873844
  },
  "corrected_results": {
    "CL": 0.04058211428822335,
    "CDi": 0.011083453472671879,
    "CM": -0.07191736507104125,
    "L_D": 3.6615044569172763
  }
}