{
  "SA": 33.5538652088414,
  "AR": 9.633409198147701,
  "TR": 0.2608699050304151,
  "kink": 0.39370061115268956,
  "rootadj": 0.5793778866500406,
  "DA_kink": 3.6696551424319694,
  "DA_tip": 4.834355991627341,
  "t_root": 0.1540871551281023,
  "r_t2": 0.6335007034574663,
  "r_t3": 0.9395332318665834,
  "r_t4": 0.9491866551516154,
  "r_d1": 0.45716279581983393,
  "r_d2": 0.7715550956546157,
  "r_d4": 0.4283653034476881,
  "tw1": -2.739042088350476,
  "tw2": -3.1437085231917,
  "tw3": -1.863982384387748,
  "tw4": -1.8164008092421122,
  "cst_upper": [
    0.1333580355873696,
    0.05046077903187147,
    0.10896180893627133,
    0.12184841776327968,
    0.10043070801447651,
    -0.02518865950226508,
    0.1096293774384088,
    0.2327518623638345,
    0.07839764387458104,
    0.05631537412868073
  ],
  "cst_lower": [
    -0.144399771604329,
    -0.05750487158133712,
    -0.022290593383343417,
    -0.1203147262363555,
    -0.0407447898970003,
    -0.046383117549941455,
    -0.07568586147762184,
    -0.05645250728313239,
    -0.0288217007360657,
    -0.03510738479886198
  ],
  "_score": -0.040092251261513764
}