{
  "upper_weights": [
    0.6,
    0.4196023925640751,
    0.31559897858737546,
    0.16694012441895428,
    0.0897484777478968,
    0.020705136479306108,
    0.0008534416316055716,
    0.15493583672266678
  ],
  "lower_weights": [
    -0.16461058187698854,
    -0.029513369062236755,
    -0.014017231012379585,
    -0.07750219925930903,
    -0.15164683194072676,
    -0.20217911517690296,
    -0.12886493719500308,
    0.0036410116510730006
  ],
  "leading_edge_weight": -0.10189414734362899,
  "TE_thickness": 0.004003955915361337,
  "name": "design"
}