{
  "upper_weights": [
    -0.2792663195245164,
    0.5986046801852811,
    0.015803580535603323,
    0.370059788807174,
    -0.2323967208890227,
    0.4632551946143824,
    0.2619269086535972,
    0.53747216252264
  ],
  "lower_weights": [
    -0.1575561256364167,
    0.22703196620860772,
    0.12681490203182366,
    0.27581195824957,
    0.27773418822209456,
    0.18785704637203066,
    0.2998441973399922,
    -0.17908223070388968
  ],
  "leading_edge_weight": -0.19310801303051273,
  "TE_thickness": 0.009841084103920192,
  "_score": 2.4521672414586657
}