{
  "upper_weights": [
    0.4713991561861379,
    0.2843427813477087,
    0.19499744433040342,
    0.105200353313613,
    0.13271611396278096,
    0.16164767332834945,
    0.05433108422203965,
    -0.07759053423866952
  ],
  "lower_weights": [
    -0.11123689483075133,
    -0.08641446485180324,
    -0.10125481331729436,
    -0.1473620308347032,
    -0.24321633199970877,
    -0.2632814016906429,
    -0.24196209706819066,
    -0.3
  ],
  "leading_edge_weight": -0.05791073833806405,
  "TE_thickness": 0.0043469916755084085,
  "name": "design"
}