{
  "upper_weights": [
    0.5701408674760056,
    0.5138487599555048,
    0.4938740305459919,
    0.4513302496011908,
    0.47143482374325135,
    0.5560098745007661,
    0.5431419122748288,
    0.5114525908574014
  ],
  "lower_weights": [
    -0.09439633932605318,
    -0.11246566225606278,
    -0.10790683668003317,
    -0.1325209325488534,
    -0.11657820893918161,
    -0.09915526127942281,
    -0.13380221353397065,
    -0.10777074958370218
  ],
  "leading_edge_weight": -0.3476128619363487,
  "TE_thickness": 0.0025138058415047,
  "_score": 91.1901751244625
}