{
  "upper_weights": [
    0.07731927084914114,
    0.1057993567210383,
    0.270515207690827,
    0.21626282800599944,
    0.5102203574853732,
    0.13720541257201535,
    0.4812175361832756,
    0.02054492365394245
  ],
  "lower_weights": [
    0.09959486375811066,
    -0.13897104808926172,
    0.038844828910415075,
    0.29963563449919545,
    0.1823401351691334,
    0.08978557122210457,
    -0.07368475992499177,
    -0.12019218450554348
  ],
  "leading_edge_weight": -0.4387182706001924,
  "TE_thickness": 0.006285772615930835,
  "name": "design"
}