{
  "design_name": "Exploit_Delta_Cambered_Twist",
  "design_params": {
    "le_sweep_deg": 70.64976935740516,
    "root_chord_in": 30.27549176013303,
    "twist_root_deg": -10.0,
    "twist_tip_deg": -10.0,
    "dihedral_deg": -14.609990947965663,
    "naca": {
      "m": 2,
      "p": 4,
      "t": 9,
      "chord_length": 1.0
    }
  },
  "sim_conditions": {
    "aoa_deg": 10.0,
    "mach": 0.3,
    "reynolds": 3000000.0
  },
  "vlm_results": {
    "CL": 0.011247362011351347,
    "CDi": 0.005318598822623656,
    "CM": -0.045948425965970596,
    "L_D": 2.1147227656104812
  },
  "corrected_results": {
    "CL": 0.018410071235746627,
    "CDi": 0.0006405932070354689,
    "CM": -0.016741210443738053,
    "L_D": 28.73909843806271
  }
}