{
  "name": "iter_0151",
  "mach": 0.82,
  "aoa": 3.0,
  "SA": 40.0,
  "AR": 11.0,
  "TR": 0.4,
  "kink": 0.36,
  "rootadj": 1.1,
  "DA_kink": 6.0,
  "DA_tip": 5.608871876393467,
  "t_root": 0.14,
  "r_t2": 0.6,
  "r_t3": 0.9,
  "r_t4": 1.0,
  "r_d1": 0.8,
  "r_d2": 1.0,
  "r_d4": 0.8,
  "tw1": -2.0,
  "tw2": -2.9731420159487736,
  "tw3": -1.6799947420193535,
  "tw4": -3.0,
  "cst_upper": [
    0.5999999999999999,
    0.5999999999999999,
    0.5999999999999999,
    0.18120027634457253,
    0.5999999999999999,
    0.308206110540651,
    0.5999999999999999,
    0.5999999999999999,
    0.5999999999999999,
    0.5999999999999999
  ],
  "cst_lower": [
    -0.3,
    -0.3,
    -0.3,
    -0.17731153986491305,
    -0.3,
    0.3,
    -0.3,
    0.02184393017028302,
    0.3,
    0.3
  ]
}