{
  "upper_weights": [
    0.5291403414483895,
    0.2910992477877755,
    0.3763760322827921,
    0.23350175055838657,
    0.23362588766245473,
    0.029848745093887644,
    0.05745938951811311,
    0.007553130159972582
  ],
  "lower_weights": [
    -0.153488494749401,
    -0.01625834705959435,
    0.08440800429768441,
    0.1289462845799933,
    0.0073775598773208675,
    -0.060997975221977425,
    0.0674017278483334,
    -0.10278587787482693
  ],
  "leading_edge_weight": 0.35660474296573136,
  "TE_thickness": 0.0014840857301452548,
  "name": "HPA_HighCamber_RobustLE"
}