{
  "upper_weights": [
    0.34538634085100983,
    0.3869257444725777,
    0.2860961520061249,
    0.17545853214826213,
    0.062049760324602334,
    -0.05970731243234916,
    -0.09901668121172642,
    -0.10465576046671438
  ],
  "lower_weights": [
    -0.09664244456737156,
    0.023398293555488264,
    -0.03370821644451422,
    -0.08296957204174403,
    -0.19558562727544154,
    -0.29710142622138946,
    -0.2967069776220569,
    -0.29006806618812153
  ],
  "leading_edge_weight": 0.2534787754914923,
  "TE_thickness": 0.00877590941731949,
  "name": "Reflexed_SharpLE_UpperReflex"
}