{
  "upper_weights": [
    0.47193008553181853,
    0.40178777162715457,
    0.26516686746467627,
    0.0904052837383616,
    -0.06646189551334825,
    -0.09464786628745758,
    -0.10642772257205102,
    -0.05057301232048289
  ],
  "lower_weights": [
    -0.09195081224761376,
    -0.12092514028938725,
    -0.10871620537683199,
    -0.18401138305118442,
    -0.14444277402876618,
    -0.12547443759182,
    -0.2197004676057548,
    -0.20994184994840326
  ],
  "leading_edge_weight": -0.056527509551347443,
  "TE_thickness": 0.006674167926354486,
  "name": "design"
}