{
  "SA": 34.70053302794744,
  "AR": 9.71116490500627,
  "TR": 0.2852524507869472,
  "kink": 0.3870013405580114,
  "rootadj": 0.750183181409513,
  "DA_kink": 4.46701995695122,
  "DA_tip": 5.59830095456637,
  "t_root": 0.15683271115196729,
  "r_t2": 0.6235076583695908,
  "r_t3": 0.9506214501374479,
  "r_t4": 0.9650858628568576,
  "r_d1": 0.47151233848111146,
  "r_d2": 0.6064251250934858,
  "r_d4": 0.41794827684572605,
  "tw1": -3.1217746556960715,
  "tw2": -3.5526460432251046,
  "tw3": -2.1631730953756025,
  "tw4": -1.90524312382237,
  "cst_upper": [
    0.06251929820023469,
    0.07944532372378205,
    0.12899562953170113,
    0.06903848940636045,
    0.1878617000692997,
    0.05784016324395912,
    0.20994516078889394,
    0.1146140662073742,
    0.1482218023825938,
    0.15650558421788896
  ],
  "cst_lower": [
    0.00918043223187464,
    0.016901030706933436,
    -0.0880001951212388,
    -0.0688487654562127,
    -0.04130454680243582,
    -0.08619507025972038,
    -0.03839481470463112,
    -0.023546718047586537,
    -0.06774049002959814,
    -0.04683618041902735
  ],
  "_score": -0.027575772618493255
}