{
  "upper_weights": [
    0.32695856104289395,
    0.32695856104289395,
    0.32695856104289395,
    0.32695856104289395,
    0.32695856104289395,
    0.32695856104289395,
    0.32695856104289395,
    0.32695856104289395
  ],
  "lower_weights": [
    0.06913677524529765,
    0.06913677524529765,
    0.06913677524529765,
    0.06913677524529765,
    0.06913677524529765,
    0.06913677524529765,
    0.06913677524529765,
    0.06913677524529765
  ],
  "leading_edge_weight": 0.37303354188533433,
  "TE_thickness": 0.001890437369277473,
  "_score": 153.3003702182311
}