{
  "upper_weights": [
    0.15224654959662146,
    0.4205919074852975,
    0.2627105418856248,
    0.20705363226987403,
    0.1724858498053944,
    0.038210992115147446,
    0.27904525393670915,
    0.07457964585334398
  ],
  "lower_weights": [
    -0.3,
    -0.2699864066766934,
    -0.24108665480639271,
    -0.18594783314704788,
    -0.14934549938128536,
    -0.23040106937504276,
    0.018216868307983913,
    -0.18035224548613193
  ],
  "leading_edge_weight": 0.22317789747171568,
  "TE_thickness": 0.001475700141369095,
  "name": "HPA_HighCamber_V1"
}