{
  "upper_weights": [
    0.1648661731309211,
    0.4581853525669824,
    0.26263445217021725,
    0.2560811425918947,
    -0.3,
    0.012812769817573622,
    0.5999999999999999,
    0.0750625496389038
  ],
  "lower_weights": [
    0.10072995418042929,
    0.3,
    0.3,
    0.3,
    -0.3,
    0.3,
    0.3,
    0.3
  ],
  "leading_edge_weight": 0.08300834055994766,
  "TE_thickness": 0.0,
  "name": "iter_0157"
}