{
  "upper_weights": [
    0.09148296522962433,
    0.32302526260058984,
    0.34809520152189716,
    0.17825089747926479,
    0.11747925757696955,
    0.09634031803494063,
    0.019472959758357104,
    -0.0064083759087185796
  ],
  "lower_weights": [
    -0.051945806540707476,
    -0.07539945930682353,
    -0.10750310763809648,
    -0.15497939762107454,
    -0.24700290967053515,
    -0.2672316299734439,
    -0.2464628523934201,
    -0.20063772159378693
  ],
  "leading_edge_weight": 0.4305959710306687,
  "TE_thickness": 0.005263631331853599,
  "name": "Reflexed_CM_Optimized_V1"
}