{
  "cst_upper": [
    0.07324596835073521,
    0.12837808443834153,
    0.14265233137907962,
    0.14927615996776838,
    0.17917046472154807,
    0.1501671120018337,
    0.12008951266850681,
    0.22286297782907621,
    0.210868791448314,
    0.21446527507099739
  ],
  "cst_lower": [
    -0.005395335514815136,
    -0.04618181224552392,
    0.029308854647070004,
    -0.037043642917108766,
    -0.044245584725801756,
    0.057753509539985204,
    -0.05494421038231484,
    0.023980256659487442,
    -0.05171603922185722,
    0.05101561185503134
  ],
  "SA": 31.26516247846461,
  "AR": 9.730972612558507,
  "TR": 0.2620736936617258,
  "kink": 0.39507531604790425,
  "rootadj": 0.6573048180255717,
  "DA_kink": 3.1441591800165534,
  "DA_tip": 4.820887540492199,
  "t_root": 0.1552807777515906,
  "r_t2": 0.6596729656907485,
  "r_t3": 0.9410444902138965,
  "r_t4": 0.9590317493956101,
  "r_d1": 0.5723500294567757,
  "r_d2": 0.7940383302678,
  "r_d4": 0.3878481446360248,
  "tw1": -2.903531915220932,
  "tw2": -2.8510511356033534,
  "tw3": -1.8367924108075186,
  "tw4": -2.0642189704031546,
  "_score": 6.712233184726011
}