{
  "upper_weights": [
    0.5453076321755577,
    0.40698742520576875,
    0.25321508412591004,
    0.1944161316978466,
    0.09541768121598082,
    -0.01311891218748873,
    -0.043073265875514855,
    -0.09366023377596128
  ],
  "lower_weights": [
    -0.17194343268399062,
    -0.11791472332441724,
    0.029771372414832076,
    -0.06932821562685651,
    -0.13478009724100978,
    -0.188756218757263,
    -0.26297738985736885,
    -0.3
  ],
  "leading_edge_weight": -0.2956393459704092,
  "TE_thickness": 0.009077149768340353,
  "name": "design"
}