{
  "upper_weights": [
    0.19129990526738272,
    0.15206704820216937,
    0.1808532860973044,
    0.1456042705682729,
    -0.02164499091837191,
    -0.13701760931252596,
    -0.14744738018144873,
    -0.1315782401905965
  ],
  "lower_weights": [
    -0.3,
    -0.21797342142887535,
    -0.23287856943878307,
    -0.18095728300082892,
    -0.14219475529801828,
    -0.1811336840170331,
    -0.23896271400350394,
    -0.3
  ],
  "leading_edge_weight": 0.5,
  "TE_thickness": 0.01,
  "name": "iter_0244"
}