{
  "upper_weights": [
    0.5722499305461806,
    0.4169451429950816,
    0.27632230022685006,
    0.18030892835742574,
    0.15127931048523346,
    0.04987413216991193,
    -0.026870813993013443,
    -0.13712525612876597
  ],
  "lower_weights": [
    -0.21526137470441303,
    -0.09991260459697515,
    0.007369432079610216,
    -0.042125596290830125,
    -0.038936274711680596,
    -0.14637590736078726,
    -0.2724156774441977,
    -0.29984617529419944
  ],
  "leading_edge_weight": 0.031383592129309856,
  "TE_thickness": 0.005683482565813507,
  "name": "design"
}