{
  "upper_weights": [
    0.5999992937450018,
    0.5804832734015122,
    0.5686290267452232,
    0.5620748864259493,
    0.5288271627238246,
    0.4748755477867231,
    0.25776250317662913,
    0.06710808087703207
  ],
  "lower_weights": [
    -0.14862706183231314,
    -0.19593165819364594,
    0.019300469859845182,
    0.09553694336205237,
    0.029091388398250373,
    0.04315250601419712,
    -0.11002782231106253,
    -0.22365287558435165
  ],
  "leading_edge_weight": -0.14230604624814536,
  "TE_thickness": 2.5835358953592574e-05,
  "name": "iter_00522"
}