{
  "upper_weights": [
    0.6,
    0.5590399210969544,
    0.3810745753560997,
    0.29340090202548125,
    0.18004421654769098,
    0.19616777318807074,
    0.3861075164246257,
    0.6
  ],
  "lower_weights": [
    -0.15980154005389996,
    -0.04684624753165366,
    -0.07397066588289088,
    -0.10014514517444739,
    -0.1675882835380466,
    -0.2236087461239412,
    -0.2661016269316688,
    -0.3
  ],
  "leading_edge_weight": 0.24328102055985348,
  "TE_thickness": 0.0036322903087603617,
  "name": "design"
}