{
  "design_name": "CamberedHighSweepWashout",
  "design_params": {
    "le_sweep_deg": 67.0664998004355,
    "root_chord_in": 36.19126624683024,
    "twist_root_deg": -9.727103053926408,
    "twist_tip_deg": -5.804788023306287,
    "dihedral_deg": 3.635469961005005,
    "naca": {
      "m": 4,
      "p": 4,
      "t": 8,
      "chord_length": 1.0
    }
  },
  "sim_conditions": {
    "aoa_deg": 10.0,
    "mach": 0.3,
    "reynolds": 3000000.0
  },
  "vlm_results": {
    "CL": 0.15237095757322108,
    "CDi": 0.018053008064156103,
    "CM": -0.2134771714628496,
    "L_D": 8.440197723932261
  },
  "corrected_results": {
    "CL": 0.0008221299987041945,
    "CDi": -0.0006507561758271525,
    "CM": 0.005486843729223087,
    "L_D": -1.2633456726848808
  }
}