{
  "design_name": "HighSweepThinAnhedralWashout",
  "design_params": {
    "le_sweep_deg": 75.65395099032621,
    "root_chord_in": 36.6052723040421,
    "twist_root_deg": -7.857000194438054,
    "twist_tip_deg": -9.618711733483215,
    "dihedral_deg": -15.0,
    "naca": {
      "m": 4,
      "p": 4,
      "t": 7,
      "chord_length": 1.0
    }
  },
  "sim_conditions": {
    "aoa_deg": 10.0,
    "mach": 0.3,
    "reynolds": 3000000.0
  },
  "vlm_results": {
    "CL": 0.017947885888521635,
    "CDi": 0.016533894855566462,
    "CM": -0.081946816940605,
    "L_D": 1.0855207466424117
  },
  "corrected_results": {
    "CL": -0.05731286688329622,
    "CDi": -0.00020815141545146577,
    "CM": 0.06750770000722578,
    "L_D": 275.3421914474549
  }
}