{
  "name": "iter_0108",
  "mach": 0.82,
  "aoa": 3.0,
  "SA": 40.0,
  "AR": 11.0,
  "TR": 0.17546110167865775,
  "kink": 0.36499509224759963,
  "rootadj": 0.16463231835232003,
  "DA_kink": 0.5,
  "DA_tip": 4.0,
  "t_root": 0.14,
  "r_t2": 0.6,
  "r_t3": 0.9006573618322036,
  "r_t4": 0.9872326561289826,
  "r_d1": 0.7961534351181916,
  "r_d2": 0.5156204247972701,
  "r_d4": 0.0,
  "tw1": -3.1244265293521076,
  "tw2": -2.897171995641383,
  "tw3": -1.0,
  "tw4": -2.2362642159780552,
  "cst_upper": [
    0.4738426103914373,
    0.00589459520961555,
    0.5999999999999999,
    0.1391696903515835,
    -0.056940047475233346,
    0.5999999999999999,
    0.5999999999999999,
    -0.0003281393102074204,
    0.5999999999999999,
    0.5297991035384375
  ],
  "cst_lower": [
    -0.3,
    -0.18225153198415017,
    -0.3,
    -0.3,
    -0.3,
    0.3,
    -0.3,
    0.3,
    -0.13477915408392407,
    0.3
  ]
}