{
  "design_name": "HighSweepTwistedCambered",
  "design_params": {
    "le_sweep_deg": 79.97480826974176,
    "root_chord_in": 46.81042916725394,
    "twist_root_deg": 3.452542537049668,
    "twist_tip_deg": -9.895829400293042,
    "dihedral_deg": 10.115182056686198,
    "naca": {
      "m": 4,
      "p": 4,
      "t": 15,
      "chord_length": 1.0
    }
  },
  "sim_conditions": {
    "aoa_deg": 10.0,
    "mach": 0.3,
    "reynolds": 3000000.0
  },
  "vlm_results": {
    "CL": 0.7575095426533911,
    "CDi": 0.05882384280092882,
    "CM": -0.9229158726959484,
    "L_D": 12.877593618236553
  },
  "corrected_results": {
    "CL": -0.09291240382122753,
    "CDi": -0.02557589192146903,
    "CM": 0.15095889100528936,
    "L_D": 3.6328118724662968
  }
}