{
  "upper_weights": [
    0.5131546628909542,
    0.4532128575835934,
    0.4211513071254204,
    0.26463264557579436,
    0.2599773262182218,
    0.2444262212145312,
    0.1731908623534368,
    0.1697619825384578
  ],
  "lower_weights": [
    -0.10949218524206455,
    -0.027699036740143772,
    0.06781674859373948,
    0.06566839882714387,
    0.054494573939648315,
    0.015442862427346623,
    -0.09417827014374237,
    -0.29614441018494614
  ],
  "leading_edge_weight": 0.1900203518067751,
  "TE_thickness": 0.007556151432245924,
  "name": "design"
}