{
  "upper_weights": [
    -0.019131647818781516,
    -0.1324767734784871,
    0.016318322306013155,
    -0.16241296626600102,
    0.2462562706494213,
    -0.1951216243118312,
    0.036244954393672424,
    0.37608691938118183
  ],
  "lower_weights": [
    0.237992190435601,
    0.06959329366676503,
    0.28435130907036726,
    0.006291780287564941,
    0.27413571041818513,
    -0.1654473669156894,
    -0.03360616464201305,
    -0.24113122794690361
  ],
  "leading_edge_weight": 0.3279742486718059,
  "TE_thickness": 0.0024718057785329643,
  "name": "iter_00000"
}