{
  "upper_weights": [
    0.2659513885855351,
    0.3229011439189328,
    0.33132215570913104,
    0.3937889742953192,
    0.4072541548935945,
    0.333244414788054,
    0.2595975040693612,
    0.3431608433689454
  ],
  "lower_weights": [
    -0.3,
    -0.01894947807498598,
    0.12066004524421668,
    0.08054379032987039,
    -0.016788940145667355,
    -0.07882769269605702,
    -0.08179575436731726,
    -0.27650150066286816
  ],
  "leading_edge_weight": -0.17563657432481927,
  "TE_thickness": 0.0,
  "name": "design"
}