{
  "leading_edge_weight": 0.15673290470561385,
  "TE_thickness": 0.006567329047056139,
  "upper_weights": [
    0.2910596142350524,
    0.2910596142350524,
    0.2910596142350524,
    0.2910596142350524,
    0.2910596142350524,
    0.2910596142350524,
    0.2910596142350524,
    0.2910596142350524
  ],
  "lower_weights": [
    0.0940397428233683,
    0.0940397428233683,
    0.0940397428233683,
    0.0940397428233683,
    0.0940397428233683,
    0.0940397428233683,
    0.0940397428233683,
    0.0940397428233683
  ],
  "_score": 185.11408079100696
}