{
  "upper_weights": [
    0.48647612464111767,
    0.34538827987322845,
    0.2750151744594691,
    0.24378879993257105,
    0.13673852225303884,
    0.09775116513842178,
    0.232344295499857,
    0.2789623191578662
  ],
  "lower_weights": [
    -0.12613631165597894,
    -0.05117215905535179,
    0.03710908770812123,
    0.09770074829117724,
    -0.018317334578154883,
    -0.06114578301262354,
    -0.11222157249045037,
    -0.14534912086012983
  ],
  "leading_edge_weight": -0.35907493013482006,
  "TE_thickness": 0.0,
  "name": "design"
}