{
  "design_name": "Initial_ModerateSweep_Cambered_Washout",
  "design_params": {
    "le_sweep_deg": 71.9344091490956,
    "root_chord_in": 29.745073400650337,
    "twist_root_deg": 7.570381856872106,
    "twist_tip_deg": 1.8370191425154605,
    "dihedral_deg": -5.5392141355247,
    "naca": {
      "m": 2,
      "p": 0,
      "t": 13,
      "chord_length": 1.0
    }
  },
  "sim_conditions": {
    "aoa_deg": 10.0,
    "mach": 0.3,
    "reynolds": 3000000.0
  },
  "vlm_results": {
    "CL": 0.6076067878722462,
    "CDi": 0.16332488564230463,
    "CM": -0.5698937030001873,
    "L_D": 3.720233970975842
  },
  "corrected_results": {
    "CL": 0.2010007683258604,
    "CDi": 0.057215448346807564,
    "CM": -0.17026122654104392,
    "L_D": 3.5130506556115377
  }
}