{
  "B1": 200.0,
  "B2": 50.0,
  "B3": 200.0,
  "C2": 850.0,
  "C3": 180.0,
  "C4": 86.81524376504028,
  "S1": 42.630278911917685,
  "S2": 44.95282868807442,
  "S3": 38.62990290618664,
  "alpha": -2.809088848785546,
  "name": "design"
}