{
  "SA": 36.53357433961689,
  "AR": 10.926080706193726,
  "TR": 0.3614721381296612,
  "kink": 0.384192195060268,
  "rootadj": 1.0601266582329874,
  "DA_kink": 5.796032699351888,
  "DA_tip": 4.156844988757219,
  "t_root": 0.16721254799931345,
  "r_t2": 0.6753906547384361,
  "r_t3": 0.9674823505932449,
  "r_t4": 0.9954056173940699,
  "r_d1": 0.650815467299772,
  "r_d2": 0.7587344965237544,
  "r_d4": 0.07111141014699776,
  "tw1": -2.7248963038313043,
  "tw2": -2.8984118765325144,
  "tw3": -1.176948198467166,
  "tw4": -1.4016270646425042,
  "cst_upper": [
    0.32793025737199816,
    0.5871225643646099,
    0.22313912498672311,
    0.5769608868688938,
    -0.2510533654471631,
    0.5029722714669951,
    0.4689412261809465,
    -0.18448176856740142,
    0.5451468373848474,
    0.24549594911887745
  ],
  "cst_lower": [
    0.09405547229345412,
    0.049243828759243435,
    0.025831519232238143,
    0.2505408932556004,
    -0.03794692261578614,
    -0.10987852384778216,
    -0.14385022009677353,
    0.04829559554219531,
    -0.007724500541867019,
    0.2537184933426783
  ],
  "_score": -0.09832825625397701
}