{
  "upper_weights": [
    0.24507024052317022,
    0.288698883581055,
    0.3470199604246847,
    0.28740960654789316,
    0.19331922357693324,
    0.09506784077072197,
    -0.013441199708864551,
    -0.10982646018908136
  ],
  "lower_weights": [
    -0.3,
    -0.27363413210283666,
    -0.1992260719220162,
    -0.3,
    -0.3,
    -0.1327217224713366,
    -0.0716382171782111,
    -0.06432363813693699
  ],
  "leading_edge_weight": 0.18378671427279722,
  "TE_thickness": 0.002370011260021556,
  "name": "HPA_Cambered_Explorer_01"
}