{
  "upper_weights": [
    0.3982241410539579,
    0.3294738155711571,
    0.22133003273192747,
    0.08495057985777393,
    0.10556076927774938,
    0.00969195502041248,
    -0.0789185632838603,
    -0.014371797924604524
  ],
  "lower_weights": [
    -0.1754091485572101,
    -0.14841397280312485,
    -0.07331102409172871,
    -0.14694023239579668,
    -0.2079416995669105,
    -0.2582034926406154,
    -0.24578594974579265,
    -0.24936511609123488
  ],
  "leading_edge_weight": 0.31354089788545114,
  "TE_thickness": 0.005204026840421424,
  "name": "design"
}