{
  "name": "design",
  "mach": 0.82,
  "aoa": 3.0,
  "SA": 38.83504822750916,
  "AR": 8.72280228531622,
  "TR": 0.31022867646235935,
  "kink": 0.37315857391226764,
  "rootadj": 0.41698727809905756,
  "DA_kink": 2.9405374071918895,
  "DA_tip": 4.638098846063041,
  "t_root": 0.15151812208157614,
  "r_t2": 0.6814077843344291,
  "r_t3": 0.9140483549355706,
  "r_t4": 0.9735520870364369,
  "r_d1": 0.48786273173658834,
  "r_d2": 0.6475991915367311,
  "r_d4": 0.38728822573693905,
  "tw1": -2.3652032305583006,
  "tw2": -2.8318912070155937,
  "tw3": -2.4013751536512014,
  "tw4": -2.0117462127195194,
  "cst_upper": [
    0.30713474119222073,
    0.20078776901253947,
    0.2440531778486274,
    0.14840314616029934,
    0.2023734974116655,
    0.19792148566990048,
    -0.03201331091384687,
    0.2366916929354403,
    -0.09902956458994658,
    0.49628080156110155
  ],
  "cst_lower": [
    -0.11178763482137252,
    -0.3,
    -0.006363384266598923,
    -0.266655194152817,
    0.06296968231967535,
    0.04872610683844778,
    0.0497236869241587,
    -0.057168801028779775,
    0.017280822950602494,
    -0.061602745522250674
  ]
}