{
  "upper_weights": [
    0.46608531110176493,
    0.5409396494845713,
    0.5321183682494137,
    0.37443792243945767,
    0.1970820312654767,
    0.09278892036436892,
    0.10110022280508252,
    0.16066442983004664
  ],
  "lower_weights": [
    -0.20058120934198795,
    -0.11014441502414121,
    -0.013327887035693486,
    -0.008084683574607732,
    -0.13174053400420563,
    -0.23304191659289233,
    -0.3,
    -0.3
  ],
  "leading_edge_weight": 0.5,
  "TE_thickness": 0.01,
  "name": "iter_0345"
}