{
  "upper_weights": [
    -0.29993126303413864,
    0.16312717286316164,
    0.024483833730027327,
    -0.05389403132363038,
    0.2646895872406985,
    0.4216079916085957,
    -0.19450594370836058,
    0.2940772730188456
  ],
  "lower_weights": [
    0.15374361274660187,
    0.20138052822859415,
    -0.2987661412272194,
    0.09453980883496294,
    0.29616380046815566,
    0.24110731298031635,
    -0.049172908627570566,
    -0.09352038335549223
  ],
  "leading_edge_weight": 0.3516773519894233,
  "TE_thickness": 0.005181893817630805,
  "name": "iter_00580"
}