{
  "name": "design",
  "mach": 0.82,
  "aoa": 3.0,
  "SA": 39.16320723714821,
  "AR": 11.0,
  "TR": 0.28447836317953346,
  "kink": 0.41593733988548964,
  "rootadj": 1.1,
  "DA_kink": 2.6086393955947447,
  "DA_tip": 4.666778395769673,
  "t_root": 0.14,
  "r_t2": 0.6,
  "r_t3": 0.9483500606870073,
  "r_t4": 0.9716986524300566,
  "r_d1": 0.8,
  "r_d2": 0.9244306041131309,
  "r_d4": 0.15490043339322299,
  "tw1": -2.012625965581228,
  "tw2": -2.0,
  "tw3": -1.0,
  "tw4": -1.6200569113503338,
  "cst_upper": [
    0.22211546061840465,
    -0.1385584168643887,
    0.18965042019554018,
    0.42970651446463276,
    0.010951076726556153,
    0.19000299069242466,
    0.3545629915854734,
    0.06479189098085203,
    0.35726093391323016,
    0.34940572133529696
  ],
  "cst_lower": [
    0.08279685345428545,
    -0.29989410343481393,
    0.05638777803801992,
    -0.2016777632857767,
    -0.22843173755262236,
    0.19808799936527283,
    -0.03008852015569574,
    -0.19921636371105556,
    -0.03516177935746084,
    0.29426662322561653
  ]
}