{
  "upper_weights": [
    0.47262683504611774,
    0.5940971329513816,
    0.5970520582599099,
    0.5836275086726566,
    0.5955926831218412,
    0.5923141659095339,
    0.4662809990570899,
    0.33978186786595527
  ],
  "lower_weights": [
    -0.2951430874588719,
    -0.1760399818880482,
    -0.1099700082148562,
    -0.16872929988434834,
    -0.17146921154513584,
    -0.15532752927369192,
    -0.06689913273158168,
    0.05789754250313117
  ],
  "leading_edge_weight": 0.33162830962954837,
  "TE_thickness": 0.00783962711547071,
  "name": "iter_00632"
}