{
  "upper_weights": [
    0.3865310630679116,
    0.43961310310697255,
    0.5247905694399354,
    0.42350128912784657,
    0.29926317840945066,
    0.23261587321009133,
    0.32181549307053287,
    0.4512874382860581
  ],
  "lower_weights": [
    -0.28843513552921535,
    -0.13308308868255586,
    -0.009387371365772218,
    0.0043409929959339925,
    -0.015477775385120502,
    0.02836298951713757,
    0.08952705044236824,
    0.12274771672982406
  ],
  "leading_edge_weight": 0.32170462301305114,
  "TE_thickness": 0.01,
  "name": "LinearRecoveryReflex"
}