{
  "design_name": "ExtremeSweepWashoutAnhedralThinSymmetric",
  "design_params": {
    "le_sweep_deg": 78.29698426689973,
    "root_chord_in": 26.97602328595554,
    "twist_root_deg": -7.324915645874955,
    "twist_tip_deg": -7.912236019182597,
    "dihedral_deg": -7.104578390949474,
    "naca": {
      "m": 0,
      "p": 0,
      "t": 7,
      "chord_length": 1.0
    }
  },
  "sim_conditions": {
    "aoa_deg": 10.0,
    "mach": 0.3,
    "reynolds": 3000000.0
  },
  "vlm_results": {
    "CL": 0.07672895634832647,
    "CDi": 0.0030824148105885766,
    "CM": -0.07291529239913382,
    "L_D": 24.892482376074273
  },
  "corrected_results": {
    "CL": 0.08614013882155151,
    "CDi": 0.0035878891798635766,
    "CM": -0.07115181983356136,
    "L_D": 24.008584017867253
  }
}