{
  "upper_weights": [
    0.18582362009786382,
    0.30296131708251284,
    0.3732819039445971,
    0.3177793074417125,
    0.2140284664394025,
    0.07089656220010754,
    -0.0042285913725046,
    0.017336687044469654
  ],
  "lower_weights": [
    -0.0996308602837134,
    -0.07548060252054054,
    -0.023063987829833543,
    0.042528141195126636,
    -0.07667027006625893,
    -0.13406793891012125,
    -0.15739688848107103,
    -0.3
  ],
  "leading_edge_weight": 0.4959224565114286,
  "TE_thickness": 0.0043059805976056595,
  "name": "design"
}