{
  "upper_weights": [
    0.30948959361533873,
    0.3790963439089588,
    0.5674129975552056,
    0.5999999999999999,
    0.5999999999999999,
    0.014032847839413387,
    0.5306006150182792,
    0.5999999999999999
  ],
  "lower_weights": [
    -0.2666794085072962,
    0.3,
    0.3,
    0.3,
    0.3,
    0.3,
    0.3,
    0.3
  ],
  "leading_edge_weight": 0.5,
  "TE_thickness": 0.01,
  "name": "iter_0250"
}