{
  "design_name": "HybridSweepCamberWashout",
  "design_params": {
    "le_sweep_deg": 62.354792097531096,
    "root_chord_in": 36.112836823688866,
    "twist_root_deg": -2.6464264511386864,
    "twist_tip_deg": -6.551365686293031,
    "dihedral_deg": -4.529526396702392,
    "naca": {
      "m": 4,
      "p": 0,
      "t": 12,
      "chord_length": 1.0
    }
  },
  "sim_conditions": {
    "aoa_deg": 10.0,
    "mach": 0.3,
    "reynolds": 3000000.0
  },
  "vlm_results": {
    "CL": 0.3229844746499124,
    "CDi": 0.03262530557486433,
    "CM": -0.2852837890595449,
    "L_D": 9.899814544534133
  },
  "corrected_results": {
    "CL": 0.07068769891117298,
    "CDi": 0.007939651030926734,
    "CM": -0.018844861628728126,
    "L_D": 8.903124159466005
  }
}