{
  "upper_weights": [
    0.40164588250515115,
    0.3549340981415737,
    0.5327534261905109,
    0.5999788209937125,
    0.40542239619668957,
    -0.050368281803952086,
    0.15891637136261716,
    0.5861006537744984
  ],
  "lower_weights": [
    -0.08528785092080585,
    0.23762664868705136,
    0.27036654512308006,
    0.2390699002620294,
    0.1715320857224757,
    0.2574882056613575,
    0.27618673927437104,
    0.2900491724018914
  ],
  "leading_edge_weight": -0.006377463998114452,
  "TE_thickness": 0.00039799853869209776,
  "name": "iter_00602"
}