{
  "upper_weights": [
    0.5875612039682352,
    0.4918515197649828,
    0.44938762209794475,
    0.3327335294380442,
    0.23977642609916444,
    0.11617915625848002,
    0.13582464396942462,
    0.010522663845568714
  ],
  "lower_weights": [
    -0.20492415074625564,
    -0.16347218624023516,
    -0.22428408678237793,
    -0.2557928873649967,
    -0.2881370676276088,
    -0.23260374570975273,
    -0.26149669463723113,
    -0.27856649541415857
  ],
  "leading_edge_weight": -0.10116326121362018,
  "TE_thickness": 0.00406328595618564,
  "name": "iter_00548"
}