{
  "name": "design",
  "mach": 0.82,
  "aoa": 3.0,
  "SA": 39.803610137171496,
  "AR": 10.903966829393685,
  "TR": 0.3993072272008028,
  "kink": 0.36,
  "rootadj": 0.12022708953723334,
  "DA_kink": 3.078362813159678,
  "DA_tip": 5.263730695418527,
  "t_root": 0.14340813035042554,
  "r_t2": 0.6000650895029607,
  "r_t3": 0.952734192475462,
  "r_t4": 0.9453420582749132,
  "r_d1": 0.489791760193518,
  "r_d2": 0.5356488693340541,
  "r_d4": 0.5379676610340834,
  "tw1": -4.0,
  "tw2": -3.6704407716205254,
  "tw3": -1.4554560143407873,
  "tw4": -2.3496043831495856,
  "cst_upper": [
    0.5801293589434031,
    0.545017871051676,
    0.3722593021063904,
    0.5355248011864846,
    0.5233816265018769,
    0.2895432686315534,
    0.5585733663287782,
    0.1422338111734811,
    0.08147099760746102,
    0.05190762616176803
  ],
  "cst_lower": [
    0.10509272647773588,
    -0.3,
    -0.2938939731422768,
    0.14732361993556597,
    -0.3,
    -0.2851426661845201,
    -0.16330047136809403,
    -0.040232814555783925,
    0.3,
    -0.03128017106163139
  ]
}