{
  "upper_weights": [
    0.5379757747706032,
    0.505359537943953,
    0.3753813653285869,
    0.2978251926828357,
    0.352521822312724,
    0.28302021120763665,
    0.1648728882687037,
    -0.021277151814393477
  ],
  "lower_weights": [
    -0.12015276487984242,
    -0.024800235037584276,
    0.02515553163658485,
    0.14055493680594755,
    0.12492235605834055,
    0.039496169738089566,
    -0.02488292992797661,
    -0.1903494595538986
  ],
  "leading_edge_weight": 0.20824834657300603,
  "TE_thickness": 0.0023932937648515886,
  "name": "design"
}