{
  "upper_weights": [
    0.4385459188661147,
    0.4132955362446532,
    0.3153336966249576,
    0.1868395380646537,
    0.09148366359399406,
    0.026991671307633146,
    -0.05899577930325086,
    -0.0995963661856151
  ],
  "lower_weights": [
    -0.14768333285912252,
    0.01958567245337817,
    -0.019480685878610043,
    -0.09504430144270787,
    -0.1620344656915985,
    -0.23539676034307297,
    -0.28355866625190834,
    -0.29249854116343954
  ],
  "leading_edge_weight": -0.5,
  "TE_thickness": 0.0,
  "name": "ReflexedMidLERounding"
}