{
  "upper_weights": [
    0.4164473977806994,
    0.2724627252390127,
    0.21457068007499028,
    0.21156739963252869,
    0.11301579323571051,
    -0.004658080439801366,
    0.008824995934967139,
    -0.02453078276838147
  ],
  "lower_weights": [
    -0.06624563016953341,
    -0.1204826784614996,
    -0.15606166311701328,
    -0.0790104573654356,
    -0.0338087060879619,
    -0.14099082193693346,
    -0.20568572771530635,
    -0.3
  ],
  "leading_edge_weight": -0.046518151647546614,
  "TE_thickness": 0.01,
  "name": "design"
}