{
  "upper_weights": [
    0.3543263420695452,
    0.5089676634503382,
    0.552062966739912,
    0.5090936732657629,
    0.5332037689016724,
    0.5560797504866284,
    0.575597317090992,
    0.502896219878542
  ],
  "lower_weights": [
    -0.23012582105535453,
    -0.2943360834421077,
    -0.2800549770136708,
    -0.27926280543719456,
    -0.2987362090974375,
    -0.14999327613516927,
    0.03236277214606592,
    0.19023187560308724
  ],
  "leading_edge_weight": 0.2188582793737407,
  "TE_thickness": 0.004088270948418843,
  "name": "iter_00628"
}