{
  "upper_weights": [
    0.5231209141358586,
    0.4032584200155214,
    0.2894189014642072,
    0.14266950050324534,
    -0.044903393828374105,
    -0.10572672953287793,
    -0.007753808294034603,
    0.004621358747365856
  ],
  "lower_weights": [
    -0.3,
    -0.2414189834676725,
    -0.10750683176407583,
    -0.026470412541018118,
    0.020447186327746336,
    -0.058193529015461404,
    -0.19387777359992567,
    -0.3
  ],
  "leading_edge_weight": 0.5,
  "TE_thickness": 0.01,
  "name": "iter_0351"
}