{
  "name": "design",
  "mach": 0.82,
  "aoa": 3.0,
  "SA": 40.0,
  "AR": 9.396251470260443,
  "TR": 0.38291966843983694,
  "kink": 0.3613103593306525,
  "rootadj": 0.1,
  "DA_kink": 3.7135869424540524,
  "DA_tip": 5.060628850972124,
  "t_root": 0.14199860828944547,
  "r_t2": 0.620788291085631,
  "r_t3": 0.9485541842114907,
  "r_t4": 0.9553740081908435,
  "r_d1": 0.6523412917555655,
  "r_d2": 0.6102291949977943,
  "r_d4": 0.444174694305384,
  "tw1": -3.7819236606660205,
  "tw2": -2.72783859813246,
  "tw3": -1.5884655895991466,
  "tw4": -2.197723902701794,
  "cst_upper": [
    0.0692924984856585,
    0.5276725409032645,
    -0.016002824115708025,
    0.4203981543771726,
    0.3995188942734809,
    0.356672587106631,
    0.3365588806210183,
    0.13875992258998465,
    -0.28114764745856197,
    0.5764580112005082
  ],
  "cst_lower": [
    -0.27693632400450874,
    -0.3,
    -0.20886965294437623,
    0.09275313104280192,
    -0.2659331180392983,
    -0.07987765995948293,
    -0.08536009722027652,
    0.09007221846490626,
    0.23922907592986226,
    -0.20056469732076188
  ]
}