{
  "name": "design",
  "mach": 0.82,
  "aoa": 3.0,
  "SA": 30.498256824726855,
  "AR": 9.615911265541413,
  "TR": 0.2869551206018425,
  "kink": 0.40783281670002103,
  "rootadj": 1.1,
  "DA_kink": 2.3438689982222347,
  "DA_tip": 4.5440697286849305,
  "t_root": 0.15248767358641221,
  "r_t2": 0.6378590610011421,
  "r_t3": 0.9582464492628189,
  "r_t4": 0.9653542013314367,
  "r_d1": 0.8,
  "r_d2": 0.7415331621801339,
  "r_d4": 0.2261261006908559,
  "tw1": -2.195336618427449,
  "tw2": -2.4904050938079396,
  "tw3": -1.7540828988492096,
  "tw4": -2.406912576246974,
  "cst_upper": [
    0.46337059395903873,
    -0.2999523167180851,
    -0.08865267091080214,
    0.2694499073818018,
    0.21956674790506386,
    0.2461889968324184,
    0.15279955430778047,
    0.16166464329318087,
    0.08419702407923507,
    0.4981342454587245
  ],
  "cst_lower": [
    0.04207299457963376,
    -0.029996135792540846,
    0.04631065221787456,
    -0.05149518033680883,
    0.07862139168939092,
    -0.13487931638430098,
    0.011796601223682035,
    0.038928141371307234,
    0.22915396169813523,
    0.24503408473648441
  ]
}