{
  "upper_weights": [
    0.5544443840223983,
    0.35157502919238964,
    0.34872646039118443,
    0.2285568069739839,
    0.07292158899089524,
    -0.044700931184876336,
    0.044796133907601454,
    0.20723610683050103
  ],
  "lower_weights": [
    -0.06541756684623098,
    0.06719028265658739,
    0.06551023137163459,
    -0.05602336160226104,
    -0.2749636049789279,
    -0.29936237278894834,
    -0.2772612702138422,
    -0.2861029377723926
  ],
  "leading_edge_weight": -0.24449128312743607,
  "TE_thickness": 0.0027614304561883684,
  "name": "iter_00674"
}