{
  "upper_weights": [
    0.5641416812601197,
    0.5512934158570431,
    0.5331059927455528,
    0.5423501375210102,
    0.5627219447049401,
    0.5902622357476404,
    0.47904620958687566,
    0.26937771505394464
  ],
  "lower_weights": [
    -0.18313878109764986,
    -0.24352100535586868,
    -0.23415978716234315,
    -0.18295289768768117,
    -0.21819846629764328,
    -0.29571906516359536,
    -0.2748813024055411,
    -0.24598999809194938
  ],
  "leading_edge_weight": -0.07159469302616461,
  "TE_thickness": 0.0035627987529385586,
  "name": "iter_00669"
}