{
  "upper_weights": [
    0.36287641416634103,
    0.314005722926243,
    0.5999999999999999,
    0.5999999999999999,
    0.5999999999999999,
    -0.08595471190089246,
    0.5992402137103647,
    0.5999999999999999
  ],
  "lower_weights": [
    -0.16468027807310912,
    0.3,
    0.2678757145403809,
    0.3,
    0.3,
    0.3,
    0.3,
    0.3
  ],
  "leading_edge_weight": 0.5,
  "TE_thickness": 0.01,
  "name": "design"
}