{
  "upper_weights": [
    0.154956087849894,
    0.2511651308329731,
    0.2866042401460297,
    0.1951320841556931,
    0.2449149858070757,
    0.23797839000753152,
    0.09638341959014331,
    -0.05390607891526604
  ],
  "lower_weights": [
    -0.14935738491056944,
    -0.14424424117378562,
    -0.18359287871057078,
    -0.14600153318424733,
    -0.22523880812384117,
    -0.3,
    -0.3,
    -0.3
  ],
  "leading_edge_weight": 0.17796092742063438,
  "TE_thickness": 0.005660039980574917,
  "name": "design"
}