{
  "upper_weights": [
    0.372969935241315,
    0.2025933783690042,
    0.24503573645521465,
    0.2103348397302272,
    0.032380253443471896,
    -0.07232595824719182,
    -0.10568440134732923,
    -0.0817914802152048
  ],
  "lower_weights": [
    -0.16944427666448023,
    -0.18009230604498094,
    -0.23258193572776448,
    -0.27441684007699896,
    -0.27961064093850213,
    -0.2935451180027177,
    -0.24998389931486922,
    -0.2360907507706635
  ],
  "leading_edge_weight": 0.0919610376167701,
  "TE_thickness": 0.005156953354534171,
  "name": "design"
}