{
  "SA": 37.38863227848981,
  "AR": 8.632489220463968,
  "TR": 0.28598855735566736,
  "kink": 0.3870755274636297,
  "rootadj": 1.0648616671331947,
  "DA_kink": 2.081732503868329,
  "DA_tip": 4.957028445843008,
  "t_root": 0.15559957623979345,
  "r_t2": 0.6031550446051717,
  "r_t3": 0.9769573751211126,
  "r_t4": 0.9702361444462603,
  "r_d1": 0.7203662630496216,
  "r_d2": 0.6443869302654628,
  "r_d4": 0.6186900938978507,
  "tw1": -2.0358024713455842,
  "tw2": -2.7717665435517898,
  "tw3": -1.5107388687014376,
  "tw4": -2.3220369009441733,
  "cst_upper": [
    0.2839953078731858,
    0.4272286534206629,
    0.16496922542486098,
    0.5652497530905722,
    0.21053392543255495,
    0.18231166518696623,
    0.22071810639459272,
    0.4882338371799157,
    0.5151793474103099,
    0.05360660181837501
  ],
  "cst_lower": [
    -0.08783409583763344,
    0.10695827608441821,
    -0.2664472318489529,
    -0.2770048482031098,
    -0.2601618800876231,
    -0.13727681073130865,
    0.2994518382208075,
    0.054214175212474736,
    0.07752217103455095,
    0.040044741355947766
  ],
  "_score": 10.09290974969617
}