{
  "design_name": "Cambered_HighSweep_BalancedWashout_Thin",
  "design_params": {
    "le_sweep_deg": 68.05676289302448,
    "root_chord_in": 40.937819244066,
    "twist_root_deg": -5.978163743612214,
    "twist_tip_deg": -9.532690537180125,
    "dihedral_deg": 5.022285359871517,
    "naca": {
      "m": 4,
      "p": 4,
      "t": 11,
      "chord_length": 1.0
    }
  },
  "sim_conditions": {
    "aoa_deg": 10.0,
    "mach": 0.3,
    "reynolds": 3000000.0
  },
  "vlm_results": {
    "CL": 0.30178909261528536,
    "CDi": 0.01837804787311952,
    "CM": -0.342645640509841,
    "L_D": 16.42117240627577
  },
  "corrected_results": {
    "CL": -0.014404371521986365,
    "CDi": -0.007935683876991168,
    "CM": 0.047889369690955676,
    "L_D": 1.8151392804028648
  }
}