{
  "design_name": "ModerateSweep_Washout_PositiveDihedral_NACA2010",
  "design_params": {
    "le_sweep_deg": 65.83781318007549,
    "root_chord_in": 33.58711580046074,
    "twist_root_deg": -8.913413683128027,
    "twist_tip_deg": 0.4798124146713274,
    "dihedral_deg": 5.919553222977587,
    "naca": {
      "m": 2,
      "p": 0,
      "t": 11,
      "chord_length": 1.0
    }
  },
  "sim_conditions": {
    "aoa_deg": 10.0,
    "mach": 0.3,
    "reynolds": 3000000.0
  },
  "vlm_results": {
    "CL": 0.15784115499452128,
    "CDi": 0.016340608515205697,
    "CM": -0.158323450385799,
    "L_D": 9.659441681602171
  },
  "corrected_results": {
    "CL": 0.03730718867740219,
    "CDi": 0.002728936019301267,
    "CM": -0.009777757194781252,
    "L_D": 13.670964952470575
  }
}