{
  "upper_weights": [
    0.3133302704607674,
    0.38650429221420396,
    0.3402307475164649,
    0.36252192928834154,
    0.24596236751180617,
    0.12141537075245357,
    -0.030970857682418196,
    -0.17291144417154405
  ],
  "lower_weights": [
    -0.1756431509865808,
    -0.07524256290190626,
    -0.11782741958169782,
    -0.2170156591679292,
    -0.3,
    -0.3,
    -0.3,
    -0.3
  ],
  "leading_edge_weight": -0.5,
  "TE_thickness": 0.0,
  "name": "iter_0517"
}