{
  "design_name": "HighSweep_HighCamber_AggressiveWashout",
  "design_params": {
    "le_sweep_deg": 69.09033929535768,
    "root_chord_in": 25.734,
    "twist_root_deg": 0.0,
    "twist_tip_deg": 0.0,
    "dihedral_deg": 0.0,
    "naca": {
      "m": 4,
      "p": 4,
      "t": 8,
      "chord_length": 1.0
    }
  },
  "sim_conditions": {
    "aoa_deg": 0.0,
    "mach": 0.3,
    "reynolds": 3000000.0
  },
  "vlm_results": {
    "CL": 0.13845216224628745,
    "CDi": 0.013970672321548862,
    "CM": -0.19450307671945988,
    "L_D": 9.910200386901488
  },
  "corrected_results": {
    "CL": 0.06880463180787363,
    "CDi": 0.007781316518482038,
    "CM": -0.09714622082706129,
    "L_D": 8.842286731872449
  }
}