{
  "upper_weights": [
    0.2668668866434689,
    0.3779121429702216,
    0.38302854748888504,
    0.2705833760371377,
    0.298176697018131,
    0.36414378465029856,
    0.3629036869229769,
    0.19718144052970996
  ],
  "lower_weights": [
    -0.19755871032399575,
    -0.26197340014942117,
    -0.25974061779179564,
    -0.2733973063837826,
    -0.22196682524948771,
    -0.13443182692215022,
    0.0023381718164538485,
    0.08941982150507823
  ],
  "leading_edge_weight": 0.24047689140761022,
  "TE_thickness": 0.0013428744915538018,
  "name": "HPA_Refine_UpperSmooth_ReflexBoost"
}