{
  "SA": 31.5798542946408,
  "AR": 9.296205327670153,
  "TR": 0.2495201749150686,
  "kink": 0.3978754332432687,
  "rootadj": 0.492245253420581,
  "DA_kink": 4.026206849924224,
  "DA_tip": 5.006333027419957,
  "t_root": 0.15239372596571937,
  "r_t2": 0.6603067869290689,
  "r_t3": 0.930300614337025,
  "r_t4": 0.9685091205430428,
  "r_d1": 0.5677271767659822,
  "r_d2": 0.7003062759090066,
  "r_d4": 0.47048464204460794,
  "tw1": -2.817803424770454,
  "tw2": -2.6141601313966807,
  "tw3": -1.677950995863568,
  "tw4": -1.836241993091239,
  "cst_upper": [
    0.09322731578110051,
    0.29706945832592124,
    0.07749387596890682,
    0.2116080009340916,
    0.18208317756251902,
    0.09057388476857647,
    0.15041484648392556,
    0.1530110854840555,
    0.23191821480119984,
    0.11684127868402795
  ],
  "cst_lower": [
    0.005443245248608056,
    -0.06540994894059536,
    0.048573358207460164,
    -0.029973110804561994,
    0.009153504198696897,
    -0.0028394192322121906,
    -0.002744027069933518,
    0.022676135576384503,
    0.046795348888501766,
    0.007041822758375769
  ],
  "_score": 8.451258495467675
}