{
  "upper_weights": [
    0.6,
    0.35898236966127817,
    0.25705704943318963,
    0.0769188355004717,
    -0.10680305921896163,
    0.12856836802177796,
    0.17062261768083922,
    -0.04802179250706799
  ],
  "lower_weights": [
    -0.2303544488659598,
    -0.04508325390656013,
    -0.11666214736835949,
    -0.031243904902017866,
    0.04104078650191942,
    -0.06720978166036548,
    -0.03565208045227088,
    -0.02430903115826573
  ],
  "leading_edge_weight": 0.5,
  "TE_thickness": 0.0,
  "name": "HPA_Baseline_Cambered_Thick"
}