{
  "upper_weights": [
    0.1459611086162012,
    0.00019055708722470754,
    0.4607265337721523,
    0.4684419049877497,
    0.12056933910713968,
    0.2123392125371118,
    0.46440279370270204,
    0.43547011983611067
  ],
  "lower_weights": [
    0.04754079276548068,
    0.21638823853284556,
    -0.18889878725109982,
    0.22909275097796306,
    0.12647142376628612,
    -0.09173018495860719,
    -0.15640823462098233,
    0.17755378016738405
  ],
  "leading_edge_weight": 0.3258743342882282,
  "TE_thickness": 0.0002660627445879138,
  "_score": 145.8037224878749
}