{
  "design_name": "ExtremeSweepMaxWashoutNACA007",
  "design_params": {
    "le_sweep_deg": 80.0,
    "root_chord_in": 27.875268194562832,
    "twist_root_deg": -6.71291427595162,
    "twist_tip_deg": -5.419912623121487,
    "dihedral_deg": -15.0,
    "naca": {
      "m": 0,
      "p": 0,
      "t": 6,
      "chord_length": 1.0
    }
  },
  "sim_conditions": {
    "aoa_deg": 10.0,
    "mach": 0.3,
    "reynolds": 3000000.0
  },
  "vlm_results": {
    "CL": 0.07515874296220343,
    "CDi": 0.004775029757369535,
    "CM": -0.0727523414186824,
    "L_D": 15.739952792169994
  },
  "corrected_results": {
    "CL": 0.07915570039355113,
    "CDi": 0.00468612196039021,
    "CM": -0.06199851659170367,
    "L_D": 16.89151521505853
  }
}