{
  "upper_weights": [
    0.3865699198226857,
    0.3530702984102113,
    0.5889774219589263,
    0.5458274949896609,
    0.558309509462329,
    -0.10510686996747512,
    0.11403978423696706,
    0.6
  ],
  "lower_weights": [
    -0.09205274763202528,
    0.08747142973369694,
    -0.05447090424568722,
    0.18497419510417756,
    -0.007086618225889228,
    0.16831580627750456,
    -0.011437417863584973,
    0.23082816915959467
  ],
  "leading_edge_weight": 0.2858424569321612,
  "TE_thickness": 0.0019224730150311543,
  "name": "design"
}