{
  "design_name": "High_Sweep_MaxWashout_NACA2412_NegDihedral",
  "design_params": {
    "le_sweep_deg": 80.0,
    "root_chord_in": 37.710002245749926,
    "twist_root_deg": -10.0,
    "twist_tip_deg": -10.0,
    "dihedral_deg": -14.946814949340514,
    "naca": {
      "m": 0,
      "p": 0,
      "t": 9,
      "chord_length": 1.0
    }
  },
  "sim_conditions": {
    "aoa_deg": 10.0,
    "mach": 0.3,
    "reynolds": 3000000.0
  },
  "vlm_results": {
    "CL": -0.009721861186149332,
    "CDi": 8.726469864094235e-05,
    "CM": 0.009104725562910787,
    "L_D": -111.4065749100987
  },
  "corrected_results": {
    "CL": -0.07432255428913474,
    "CDi": 0.0006671298763606421,
    "CM": 0.1106800312156115,
    "L_D": -111.40642462991254
  }
}