{
  "upper_weights": [
    0.4043722556326363,
    0.355179152133008,
    0.26914882887520813,
    0.16893177571928078,
    0.1534239478158242,
    0.17124016259178326,
    0.22535832342957599,
    0.26982009006035224
  ],
  "lower_weights": [
    -0.14466806980265004,
    -0.20664576469176965,
    -0.10288540101992803,
    0.005860617595818388,
    0.023726453227112386,
    0.037806613519710285,
    0.07979023817795859,
    -0.08089794721318028
  ],
  "leading_edge_weight": -0.018323856544887877,
  "TE_thickness": 0.008438875044672613,
  "name": "design"
}