{
  "upper_weights": [
    -0.259134469239617,
    0.14229431567652007,
    0.3845117637240097,
    0.10608856768290925,
    -0.12831139679059372,
    0.24633171337557463,
    -0.2696131975375018,
    -0.16942825369379338
  ],
  "lower_weights": [
    0.2695779328362647,
    0.2045032401007933,
    -0.06852145367845558,
    0.13294899153689255,
    0.1263388814549833,
    -0.2953162083955643,
    0.2880212574449826,
    -0.28509669125297826
  ],
  "leading_edge_weight": -0.37309367980717656,
  "TE_thickness": 0.0018952219662998328,
  "name": "design"
}