{
  "upper_weights": [
    0.4613543235583092,
    0.6,
    0.5939670909083612,
    0.5376692539320899,
    0.3052968695362084,
    0.2757925932496365,
    0.10396533169965635,
    0.4656619041308416
  ],
  "lower_weights": [
    -0.25301026735328624,
    -0.07352800073241807,
    -0.2753619318365125,
    -0.26689908751443153,
    -0.29447228820982296,
    -0.23695123497678605,
    -0.20088320419732192,
    -0.3
  ],
  "leading_edge_weight": 0.5,
  "TE_thickness": 6.368983642154835e-05,
  "name": "HPA_HighLift_CamberBalance_v1"
}