{
  "design_name": "Hybrid_Cambered_HighSweep",
  "design_params": {
    "le_sweep_deg": 71.45210836626536,
    "root_chord_in": 34.071918076696214,
    "twist_root_deg": -8.203321738831432,
    "twist_tip_deg": -2.8175259186702792,
    "dihedral_deg": -2.7877906364129776,
    "naca": {
      "m": 0,
      "p": 0,
      "t": 7,
      "chord_length": 1.0
    }
  },
  "sim_conditions": {
    "aoa_deg": 10.0,
    "mach": 0.3,
    "reynolds": 3000000.0
  },
  "vlm_results": {
    "CL": 0.11648391519409848,
    "CDi": 0.008969741800933354,
    "CM": -0.11443147552811929,
    "L_D": 12.986317530564552
  },
  "corrected_results": {
    "CL": 0.02308130235700513,
    "CDi": 0.0009679455357581989,
    "CM": 0.008269710313516311,
    "L_D": 23.845662286076223
  }
}