{
  "upper_weights": [
    0.5631993240648454,
    0.29689522530227985,
    0.46186032638106445,
    0.2617690890216023,
    0.11618133552434622,
    -0.08924585380802774,
    0.29903909087748776,
    0.6
  ],
  "lower_weights": [
    -0.3,
    -0.3,
    -0.1347117711050574,
    0.07756257395050953,
    -0.0361778527764956,
    0.072553217042612,
    0.018708718489729208,
    -0.2846206213660113
  ],
  "leading_edge_weight": 0.5,
  "TE_thickness": 0.0,
  "name": "HPA_AftCamber_Explore1"
}