{
  "design_name": "Exploit_RefinedWashout_HighDihedral",
  "design_params": {
    "le_sweep_deg": 51.62951976169786,
    "root_chord_in": 25.734,
    "twist_root_deg": 0.0,
    "twist_tip_deg": 0.0,
    "dihedral_deg": 0.0,
    "naca": {
      "m": 2,
      "p": 4,
      "t": 7,
      "chord_length": 1.0
    }
  },
  "sim_conditions": {
    "aoa_deg": 0.0,
    "mach": 0.3,
    "reynolds": 3000000.0
  },
  "vlm_results": {
    "CL": 0.12246576632302834,
    "CDi": 0.0034434987321194585,
    "CM": -0.14743235339916888,
    "L_D": 35.564341923730346
  },
  "corrected_results": {
    "CL": 0.08036789828733672,
    "CDi": 0.0019612462072036746,
    "CM": -0.09726918282635107,
    "L_D": 40.97797512221807
  }
}