{
  "name": "iter_0088",
  "mach": 0.82,
  "aoa": 3.0,
  "SA": 40.0,
  "AR": 11.0,
  "TR": 0.3390553790240727,
  "kink": 0.42,
  "rootadj": 0.32622358913798544,
  "DA_kink": 5.685896575391526,
  "DA_tip": 6.0,
  "t_root": 0.14,
  "r_t2": 0.6633650670183711,
  "r_t3": 0.9786094510846948,
  "r_t4": 1.0,
  "r_d1": 0.6095948674714071,
  "r_d2": 0.8364389690286369,
  "r_d4": 0.36776891684745605,
  "tw1": -2.7714337946683933,
  "tw2": -3.080376026422269,
  "tw3": -1.0,
  "tw4": -3.0,
  "cst_upper": [
    0.5631708712695731,
    0.32841983202786645,
    0.5999999999999999,
    0.3118393643109321,
    0.5999999999999999,
    0.41235738726900334,
    0.5711161058026295,
    0.4709446488048659,
    0.5999999999999999,
    0.5999999999999999
  ],
  "cst_lower": [
    -0.3,
    -0.3,
    -0.3,
    -0.156976331989538,
    -0.07815723925907594,
    -0.3,
    -0.20907474564890383,
    0.3,
    0.04428993530600828,
    -0.04684882478471514
  ]
}