{
  "upper_weights": [
    0.14370006817483694,
    0.26699483340793995,
    0.3296930313271379,
    0.2953708445248302,
    0.39434040850357654,
    0.33569409068452183,
    0.06668418892200925,
    0.0272903783154659
  ],
  "lower_weights": [
    -0.032587844498093495,
    0.04163547926350266,
    0.031472783998124115,
    0.0821093033908131,
    0.04966227897606369,
    0.0009689360291462636,
    0.11545916116638773,
    0.03290752420639146
  ],
  "leading_edge_weight": 0.34501282720242804,
  "TE_thickness": 0.0005246270372818302,
  "name": "HybridLift_AftPeak_ScoopLE"
}