{
  "upper_weights": [
    0.5425137182739628,
    0.3301397991765083,
    0.2042102915854453,
    0.09957573877093429,
    0.04622082218253443,
    -0.024787175062685907,
    -0.08560965986566821,
    -0.1382231494242387
  ],
  "lower_weights": [
    -0.12447612292285301,
    -0.08300698835691125,
    -0.15384819308114392,
    -0.18381445300946478,
    -0.15331938177648474,
    -0.1668930849433713,
    -0.23381361831765765,
    -0.24957647857229598
  ],
  "leading_edge_weight": -0.10881522253947423,
  "TE_thickness": 0.0070622234763240855,
  "name": "design"
}