{
  "upper_weights": [
    0.599827948580324,
    -0.185779831373423,
    -0.2667309085440288,
    -0.24562723831081282,
    0.1945320314682003,
    0.59610359026511,
    -0.022176325547913656,
    0.3111503016463017
  ],
  "lower_weights": [
    0.20887382038307184,
    0.028001748086588008,
    0.001751309519112343,
    -0.28038401090602316,
    0.0031847480928141603,
    -0.18410410700659324,
    0.07098948361742485,
    -0.034460066927025745
  ],
  "leading_edge_weight": -0.1685297247436588,
  "TE_thickness": 0.005448710975251927,
  "name": "iter_00000"
}