{
  "upper_weights": [
    0.4371855239893262,
    0.25517225954476175,
    0.13179591076804775,
    -0.04515970366636679,
    -0.08923782032509255,
    0.03010020498586176,
    0.12715816815212133,
    0.3204895416889159
  ],
  "lower_weights": [
    -0.3,
    -0.2040933220784829,
    -0.15541939975762356,
    -0.24783495286433385,
    -0.24168902691941227,
    -0.2022739382895786,
    -0.1664254688231849,
    -0.11655931698225232
  ],
  "leading_edge_weight": -0.5,
  "TE_thickness": 0.005182959402418644,
  "name": "design"
}