{
  "upper_weights": [
    0.4161787624667375,
    0.2767725977765805,
    0.28768509829543126,
    0.19647019436814578,
    0.15417656776465455,
    0.15315093808028035,
    -0.0033564855553278455,
    -0.06016992366238926
  ],
  "lower_weights": [
    -0.17769165792683167,
    -0.09092361032560321,
    -0.03301548088122341,
    -0.05456777035632832,
    -0.0860541925563145,
    -0.129196279850283,
    -0.12879546927391214,
    -0.20318121893208257
  ],
  "leading_edge_weight": -0.04436176389739232,
  "TE_thickness": 0.004491634395550297,
  "name": "design"
}