{
  "upper_weights": [
    0.5548081756630296,
    0.51873301889538,
    0.4534122509483695,
    0.2951081461199529,
    0.16260619682335703,
    0.08494267834484354,
    0.017687259361045815,
    -0.06021747266794142
  ],
  "lower_weights": [
    -0.1624388574195281,
    -0.08039119359019331,
    -0.1364864433231301,
    -0.22359655012878493,
    -0.1385890567680436,
    -0.05028542615199749,
    -0.131230667702233,
    -0.24890010847411273
  ],
  "leading_edge_weight": 0.3135292401741455,
  "TE_thickness": 0.0047218227517503535,
  "name": "design"
}