{
  "design_name": "LowSweep_SmallChord_PositiveDihedral_WashIn_Thick",
  "design_params": {
    "le_sweep_deg": 48.54219481675146,
    "root_chord_in": 20.244313872357587,
    "twist_root_deg": 1.8709714928947054,
    "twist_tip_deg": -5.906734329679193,
    "dihedral_deg": 9.384107769900817,
    "naca": {
      "m": 4,
      "p": 4,
      "t": 23,
      "chord_length": 1.0
    }
  },
  "sim_conditions": {
    "aoa_deg": 10.0,
    "mach": 0.3,
    "reynolds": 3000000.0
  },
  "vlm_results": {
    "CL": 0.8000382184422549,
    "CDi": 0.096009079740596,
    "CM": -0.7570314347836032,
    "L_D": 8.332943307069016
  },
  "corrected_results": {
    "CL": 0.5240135018456441,
    "CDi": 0.08895172869277779,
    "CM": -0.5386635248411021,
    "L_D": 5.890987275306209
  }
}