{
  "upper_weights": [
    0.24130795300489954,
    0.3113065177600383,
    0.4131508723672975,
    0.33163846385392587,
    0.11296412336538919,
    -0.06627677520029288,
    -0.1377084284410659,
    -0.11139193811104109
  ],
  "lower_weights": [
    -0.10610573326541961,
    -0.07578842840661129,
    -0.009091444957587458,
    -0.014911353160588725,
    -0.0427606816228524,
    -0.15298363541998095,
    -0.23315802548641404,
    -0.26825544079583463
  ],
  "leading_edge_weight": 0.31451153608450977,
  "TE_thickness": 0.0027598753538631733,
  "name": "design"
}