{
  "upper_weights": [
    0.5295880343769261,
    0.3903765078825155,
    0.22473920718054413,
    0.14970853472122217,
    0.0853957516518505,
    -0.10968547482671154,
    -0.13968371934240328,
    -0.060291299088514404
  ],
  "lower_weights": [
    -0.09031884017324404,
    -0.04470305104525592,
    -0.05542772025092652,
    -0.16968473275854049,
    -0.23527808198329112,
    -0.2994582191101472,
    -0.2700037533631751,
    -0.24977212522895273
  ],
  "leading_edge_weight": -0.23836065921316682,
  "TE_thickness": 0.0014233688471309365,
  "name": "ReflexAdjusted_HighLD"
}