{
  "upper_weights": [
    0.21289925740168342,
    0.2024953146487342,
    0.23520856148563396,
    0.13065202223892375,
    0.09584940754622881,
    0.10843089810761186,
    0.21912918398587922,
    0.38799638690876986
  ],
  "lower_weights": [
    -0.17788605012293546,
    -0.09224976580195218,
    -0.025414399700254886,
    -0.07125096768661543,
    -0.06989956740674358,
    0.13403471799322375,
    0.0862590186506368,
    -0.027088780687838238
  ],
  "leading_edge_weight": 0.5,
  "TE_thickness": 0.006640798444485215,
  "name": "design"
}