{
  "car_size": 0.8,
  "car_width": -0.1,
  "car_len": -0.07235065254503731,
  "ramp_angle": 8.0,
  "front_bumper_length": -0.1,
  "wind_screen_x": 0.05,
  "wind_screen_z": 0.03675249455969429,
  "side_mirrors_x": -0.046702801797230166,
  "side_mirrors_z": -0.05,
  "rear_window_x": -0.05,
  "rear_window_z": -0.049999991099297016,
  "trunklid_angle": 8.0,
  "trunklid_x": 0.05,
  "trunklid_z": -0.05,
  "diffusor_angle": 7.062967638397615,
  "car_green_house_angle": -8.0,
  "car_front_hood_angle": -4.353523463440778,
  "car_air_intake_angle": 8.0,
  "tires_diameter": -0.013,
  "tires_width": 0.015,
  "name": "aerospace_streamliner_v1"
}