{
  "upper_weights": [
    0.13872184347347039,
    0.28151329742951847,
    0.2851815414821729,
    0.17253701935578258,
    0.07125591908665165,
    0.004046114139353048,
    -0.022268441653801065,
    0.06750670888711029
  ],
  "lower_weights": [
    -0.05907418299568666,
    -0.14262962922760275,
    -0.1388489180189416,
    -0.07897931414646865,
    -0.09911974163450832,
    -0.009040021005341842,
    0.00300693891943353,
    -0.023745710120619556
  ],
  "leading_edge_weight": 0.3037248262954509,
  "TE_thickness": 0.0019846682734686824,
  "name": "HPA_Robust_Cambered_1"
}