{
  "upper_weights": [
    0.4157348848108187,
    0.5280309845442748,
    0.5999999999999999,
    0.4005568702436663,
    0.02533207922384717,
    0.02582880635751017,
    0.1454746766173759,
    0.5999999999999999
  ],
  "lower_weights": [
    -0.1850414160773428,
    -0.15673246238281371,
    -0.033730882674945284,
    -0.12290567759443591,
    -0.23302143332948444,
    -0.3,
    -0.1904112093745901,
    -0.108901634485055
  ],
  "leading_edge_weight": -0.5,
  "TE_thickness": 0.0,
  "name": "iter_0211"
}