{
  "upper_weights": [
    0.2522540787648923,
    0.32372063520827876,
    0.27230281017322444,
    0.20613828649510765,
    0.246827256385882,
    0.27149523750251503,
    0.21926074889341327,
    0.08339089089753055
  ],
  "lower_weights": [
    -0.09704240852042847,
    -0.04645220385860429,
    -0.07767289092031138,
    -0.08357919433058045,
    -0.05650480388575365,
    -0.020552021083771875,
    -0.11897705213962737,
    -0.3
  ],
  "leading_edge_weight": 0.4662272527106371,
  "TE_thickness": 0.006794054336277123,
  "name": "design"
}