{
  "design_name": "SweptCamberedThinAnhedral",
  "design_params": {
    "le_sweep_deg": 71.96489133162581,
    "root_chord_in": 42.2334703443839,
    "twist_root_deg": -3.8774616916961384,
    "twist_tip_deg": -4.3214712300179485,
    "dihedral_deg": -3.258759897913437,
    "naca": {
      "m": 4,
      "p": 4,
      "t": 7,
      "chord_length": 1.0
    }
  },
  "sim_conditions": {
    "aoa_deg": 10.0,
    "mach": 0.3,
    "reynolds": 3000000.0
  },
  "vlm_results": {
    "CL": 0.26076070179836625,
    "CDi": 0.02456935859409342,
    "CM": -0.28768073626256596,
    "L_D": 10.613248237626124
  },
  "corrected_results": {
    "CL": -0.040321110581254135,
    "CDi": -0.016240442460754862,
    "CM": 0.09038316166054487,
    "L_D": 2.4827593631571534
  }
}