{
  "upper_weights": [
    0.3429322049144817,
    0.30742672653220443,
    0.2666982647174964,
    0.18419694623241312,
    0.16102033202408506,
    0.08436172091282274,
    0.24740669082484806,
    0.4182324812111922
  ],
  "lower_weights": [
    -0.22025434431693203,
    -0.22795660954513564,
    -0.20193940540026917,
    -0.17961139051090097,
    -0.22009247822126632,
    -0.2990721057350394,
    -0.2762811978629669,
    -0.265899451826062
  ],
  "leading_edge_weight": 0.49550159544911576,
  "TE_thickness": 0.002457338776437463,
  "name": "iter_00693"
}