{
  "design_name": "HighSweep_PosRootTwist_Symmetric",
  "design_params": {
    "le_sweep_deg": 72.73614463472529,
    "root_chord_in": 26.670957620924735,
    "twist_root_deg": -1.6867169710880638,
    "twist_tip_deg": -7.820110816052536,
    "dihedral_deg": 4.033177491279874,
    "naca": {
      "m": 2,
      "p": 0,
      "t": 9,
      "chord_length": 1.0
    }
  },
  "sim_conditions": {
    "aoa_deg": 10.0,
    "mach": 0.3,
    "reynolds": 3000000.0
  },
  "vlm_results": {
    "CL": 0.21353109854078042,
    "CDi": 0.021308111908909265,
    "CM": -0.19289000666492417,
    "L_D": 10.021117753351936
  },
  "corrected_results": {
    "CL": 0.13975213784577367,
    "CDi": 0.015432046457943742,
    "CM": -0.11621200545955328,
    "L_D": 9.055969227842455
  }
}