{
  "upper_weights": [
    0.26330689909085253,
    0.4076385869244789,
    0.4265201206711582,
    0.2601852313073387,
    0.11212363526429278,
    0.015823528238626188,
    -0.04072195476819554,
    -0.08694620660609177
  ],
  "lower_weights": [
    -0.137690762836972,
    0.0022407280295096816,
    -0.027434635823193325,
    -0.104547686121186,
    -0.1569202128601695,
    -0.21468548157553266,
    -0.2883657517739128,
    -0.2850558900677481
  ],
  "leading_edge_weight": 0.4015243907407203,
  "TE_thickness": 0.00017891154760383307,
  "name": "Reflexed_High_LD_Explore_01"
}