{
  "design_name": "Moderate_Sweep_MaxCamber_MaxWashout",
  "design_params": {
    "le_sweep_deg": 60.172595405389465,
    "root_chord_in": 36.45013969064454,
    "twist_root_deg": -6.234467348640164,
    "twist_tip_deg": -10.0,
    "dihedral_deg": -10.64918454022208,
    "naca": {
      "m": 4,
      "p": 4,
      "t": 15,
      "chord_length": 1.0
    }
  },
  "sim_conditions": {
    "aoa_deg": 10.0,
    "mach": 0.3,
    "reynolds": 3000000.0
  },
  "vlm_results": {
    "CL": 0.2402977379234252,
    "CDi": 0.01757434774601015,
    "CM": -0.28119517188010446,
    "L_D": 13.673209463946067
  },
  "corrected_results": {
    "CL": 0.04092572128629214,
    "CDi": -0.0016182938819559454,
    "CM": -0.02698315478035837,
    "L_D": -25.28942470994663
  }
}