{
  "upper_weights": [
    -0.1387331278641874,
    -0.24559192986767592,
    0.5156642750705605,
    0.14305082146180936,
    -0.2078479245794408,
    0.4171277855888427,
    0.5687824979164944,
    -0.09835340946031879
  ],
  "lower_weights": [
    -0.18235114259044988,
    0.05732812627633005,
    -0.23789402529659043,
    -0.18503988151876105,
    0.05766065167077283,
    -0.04567154920340527,
    0.0037337172811237607,
    -0.041892366134367365
  ],
  "leading_edge_weight": -0.14959910150843847,
  "TE_thickness": 0.00909741858877838,
  "name": "design"
}