{
  "upper_weights": [
    0.2376277670960178,
    0.3088088631944398,
    0.3313227699244197,
    0.17155828103627724,
    0.09967271223243826,
    0.026993215048016814,
    0.035761631855326936,
    0.17604496357097696
  ],
  "lower_weights": [
    -0.1529725454696415,
    -0.14763647400483618,
    -0.10627395878790287,
    -0.061633551803352726,
    -0.05382591130611516,
    -0.05581986899483182,
    -0.04238844906566917,
    -0.11496745109191063
  ],
  "leading_edge_weight": 0.2207400634983215,
  "TE_thickness": 0.004057539832772624,
  "name": "design"
}