{
  "upper_weights": [
    0.11217409525914307,
    0.11497185620912992,
    -0.2970903840248609,
    -0.11917503633458668,
    0.3859680284224481,
    0.14421111782205331,
    0.5932915630026516,
    0.5243263793718911
  ],
  "lower_weights": [
    -0.02242746437380999,
    -0.07032480239902897,
    0.08910904501304073,
    -0.2999867220495966,
    0.29974625796504967,
    -0.18613331462602795,
    0.05877171642880513,
    -0.19662442627211144
  ],
  "leading_edge_weight": 0.12700226798244363,
  "TE_thickness": 0.007113713484884897,
  "name": "iter_00000"
}