{
  "upper_weights": [
    -0.284389326129143,
    0.3178414881218465,
    -0.11216278705138447,
    -0.08614519472814686,
    -0.20340253821839305,
    0.5813343092479186,
    0.5838853608494805,
    0.46830241040351556
  ],
  "lower_weights": [
    -0.05509313012302308,
    -0.2565792816792554,
    -0.1649482167811068,
    -0.14904656886771397,
    -0.011096717409763923,
    0.09899809334914417,
    -0.24328538954694257,
    -0.29909881185651643
  ],
  "leading_edge_weight": 0.433520232810532,
  "TE_thickness": 0.005175143194103409,
  "name": "iter_00117"
}