{
  "upper_weights": [
    0.24885641481344484,
    0.3362146440298386,
    0.33559950170261044,
    0.2353979286661954,
    0.05620168847649223,
    -0.07359787564506073,
    -0.06959660849737828,
    0.030871933584983594
  ],
  "lower_weights": [
    -0.06369276943727527,
    0.023281376964554682,
    -0.03146341808190808,
    -0.13882013749256894,
    -0.19865024304061832,
    -0.24328489617086793,
    -0.2934690349590915,
    -0.2910481107943017
  ],
  "leading_edge_weight": -0.18539985133289824,
  "TE_thickness": 0.0009639004682864112,
  "name": "Reflexed_SmoothLE_ThinnerMidChord"
}