{
  "upper_weights": [
    0.3289276400934981,
    0.4771370619954434,
    0.34893948850001527,
    0.5482666681276287,
    0.5999999999999999,
    0.5999999999999999,
    0.16015664546282427,
    0.39329061311315755
  ],
  "lower_weights": [
    -0.2689747653102883,
    0.3,
    0.3,
    0.3,
    0.3,
    0.3,
    0.3,
    0.3
  ],
  "leading_edge_weight": -0.22510010769093464,
  "TE_thickness": 0.0,
  "name": "iter_0437"
}