{
  "upper_weights": [
    0.026168363799775607,
    0.07001874400955799,
    0.5999999999999999,
    -0.3,
    -0.3,
    0.5999999999999999,
    0.5999999999999999,
    -0.3
  ],
  "lower_weights": [
    0.12633805278014493,
    0.3,
    0.3,
    0.3,
    0.3,
    0.3,
    -0.3,
    0.3
  ],
  "leading_edge_weight": 0.5,
  "TE_thickness": 0.0,
  "name": "iter_0558"
}