{
  "design_name": "Hybrid_Sweep_Camber_Twist",
  "design_params": {
    "le_sweep_deg": 72.4342651788559,
    "root_chord_in": 27.170859077710332,
    "twist_root_deg": -10.0,
    "twist_tip_deg": -10.0,
    "dihedral_deg": -15.0,
    "naca": {
      "m": 2,
      "p": 4,
      "t": 9,
      "chord_length": 1.0
    }
  },
  "sim_conditions": {
    "aoa_deg": 10.0,
    "mach": 0.3,
    "reynolds": 3000000.0
  },
  "vlm_results": {
    "CL": 0.005687794371329266,
    "CDi": 0.005248000372574729,
    "CM": -0.03975372740070228,
    "L_D": 1.083802204179107
  },
  "corrected_results": {
    "CL": 0.04285838573635262,
    "CDi": 0.0012966818972895411,
    "CM": -0.04726482183568877,
    "L_D": 33.05235141011813
  }
}