{
  "upper_weights": [
    0.3927468760595965,
    0.3950073371189063,
    0.3424760326688281,
    0.29051338325031884,
    0.1793134358125454,
    0.14884892865545607,
    0.1452519708154252,
    0.14748619791227488
  ],
  "lower_weights": [
    -0.14033708241248588,
    0.07985217627418627,
    0.24180948617850936,
    0.0803756292341321,
    -0.062916550183368,
    -0.09152399247580875,
    -0.1176714577411415,
    0.040183151116012394
  ],
  "leading_edge_weight": -0.019938646067260826,
  "TE_thickness": 0.005258439718912776,
  "name": "design"
}