{
  "design_name": "SweptWashoutLargeChordThinNACA",
  "design_params": {
    "le_sweep_deg": 69.77763046738565,
    "root_chord_in": 25.734,
    "twist_root_deg": 0.0,
    "twist_tip_deg": 0.0,
    "dihedral_deg": 0.0,
    "naca": {
      "m": 2,
      "p": 4,
      "t": 9,
      "chord_length": 1.0
    }
  },
  "sim_conditions": {
    "aoa_deg": 0.0,
    "mach": 0.3,
    "reynolds": 3000000.0
  },
  "vlm_results": {
    "CL": 0.07756631093180612,
    "CDi": 0.0030669180671870854,
    "CM": -0.10085117343438017,
    "L_D": 25.291288920198756
  },
  "corrected_results": {
    "CL": 0.03909700596217292,
    "CDi": 0.0014633665404842258,
    "CM": -0.04965260756771612,
    "L_D": 26.71716544047521
  }
}