{
  "upper_weights": [
    0.22847570739420506,
    0.35995428216003417,
    0.36564871929009735,
    0.6,
    0.6,
    0.6,
    0.09678884778750008,
    0.4850696395934042
  ],
  "lower_weights": [
    -0.12758162424626318,
    -0.29881736257239666,
    -0.05169559038473999,
    0.3,
    0.3,
    0.010860233545720084,
    0.26341181856520773,
    0.3
  ],
  "leading_edge_weight": 0.1809539879631156,
  "TE_thickness": 0.00020013209755780306,
  "name": "design"
}