{
  "design_name": "HighSweep_AggressiveWashout_NACA4410",
  "design_params": {
    "le_sweep_deg": 65.88767516013303,
    "root_chord_in": 24.02127410244655,
    "twist_root_deg": -9.546398541041716,
    "twist_tip_deg": -3.4034886597107636,
    "dihedral_deg": 4.162759212472258,
    "naca": {
      "m": 2,
      "p": 0,
      "t": 9,
      "chord_length": 1.0
    }
  },
  "sim_conditions": {
    "aoa_deg": 10.0,
    "mach": 0.3,
    "reynolds": 3000000.0
  },
  "vlm_results": {
    "CL": 0.09678538211498328,
    "CDi": 0.0060456195732602625,
    "CM": -0.09804107541407865,
    "L_D": 16.00917506339043
  },
  "corrected_results": {
    "CL": 0.11017299621898984,
    "CDi": 0.00515279715996982,
    "CM": -0.1055723884735826,
    "L_D": 21.3812018596197
  }
}