{
  "SA": 34.63432591712628,
  "AR": 10.515867336641426,
  "TR": 0.34022075780138195,
  "kink": 0.4030910126298126,
  "rootadj": 0.6600171269594806,
  "DA_kink": 4.7718785929297685,
  "DA_tip": 5.327361844806224,
  "t_root": 0.1580214335790533,
  "r_t2": 0.6731674064845014,
  "r_t3": 0.9669498557510696,
  "r_t4": 0.9737632182368645,
  "r_d1": 0.6320940086825184,
  "r_d2": 0.9142287617583436,
  "r_d4": 0.6625105077192908,
  "tw1": -2.4660877187797503,
  "tw2": -2.7113820706129403,
  "tw3": -1.6004307182300623,
  "tw4": -1.4814223389143701,
  "cst_upper": [
    0.2888552794902695,
    0.42895771304147995,
    0.4186312175037992,
    0.3848745732147793,
    0.4027457358625632,
    0.2649726631429062,
    0.32817772374077697,
    0.21389046701899422,
    0.2486897111818998,
    0.3092619497205091
  ],
  "cst_lower": [
    0.12238415452426227,
    0.09685301572532218,
    0.12573001611715673,
    0.10659967129900211,
    0.057626023062955944,
    0.04552820116436568,
    0.1839668287226341,
    0.08649122724900882,
    0.13887240223826203,
    0.08023141459396499
  ],
  "_score": -0.3472094699843985
}