{
  "upper_weights": [
    0.2855161279326855,
    0.20027030655271777,
    0.1661670678317002,
    0.177497976704923,
    0.2570211117761662,
    0.3320773886528871,
    0.22022266934576135,
    0.08301285005216341
  ],
  "lower_weights": [
    -0.11526795618945682,
    -0.11942833027305169,
    -0.08805559246344583,
    -0.16885789684650576,
    -0.26851401674587105,
    -0.3,
    -0.2697032692144363,
    -0.3
  ],
  "leading_edge_weight": 0.5,
  "TE_thickness": 0.0,
  "name": "iter_0646"
}