{
  "SA": 32.39454386376055,
  "AR": 8.954592648055977,
  "TR": 0.2592163186132971,
  "kink": 0.40487845827785135,
  "rootadj": 0.20614442220629223,
  "DA_kink": 0.8208752160002133,
  "DA_tip": 4.747066148819194,
  "t_root": 0.14662928297176628,
  "r_t2": 0.6154643315822511,
  "r_t3": 0.9407495462002342,
  "r_t4": 0.9684627971135166,
  "r_d1": 0.6043815065792788,
  "r_d2": 0.7538239987967016,
  "r_d4": 0.08772589239615228,
  "tw1": -3.8474541856671762,
  "tw2": -3.210144583735443,
  "tw3": -1.495725177385225,
  "tw4": -1.990436026670044,
  "cst_upper": [
    0.07810712303269185,
    0.17811691046548933,
    0.37824365838612567,
    0.2584151209058146,
    0.4339106618107154,
    0.20138587101478062,
    0.36674195416131333,
    0.20198059529001416,
    0.45998200312595355,
    0.11081934033258017
  ],
  "cst_lower": [
    -0.05396894705171815,
    -0.00042214309418942,
    0.032521583500531914,
    -0.23231253259589882,
    -0.2489546183374397,
    0.23072050731820787,
    0.07630767392552634,
    0.039350781106904764,
    0.10123531620793624,
    0.08313223995364294
  ],
  "_score": -0.04816704579910226
}