{
  "name": "iter_0089",
  "mach": 0.82,
  "aoa": 3.0,
  "SA": 40.0,
  "AR": 11.0,
  "TR": 0.15,
  "kink": 0.3628328466346009,
  "rootadj": 0.1,
  "DA_kink": 3.3532466377003356,
  "DA_tip": 4.070648928237244,
  "t_root": 0.14,
  "r_t2": 0.6,
  "r_t3": 0.9,
  "r_t4": 1.0,
  "r_d1": 0.8,
  "r_d2": 0.7260517885030485,
  "r_d4": 0.3474963742985155,
  "tw1": -4.0,
  "tw2": -3.8941817002301216,
  "tw3": -1.0,
  "tw4": -3.0,
  "cst_upper": [
    0.5999999999999999,
    0.2839676165923804,
    0.5999999999999999,
    0.5999999999999999,
    0.5999999999999999,
    0.2128881372245714,
    0.5999999999999999,
    0.5999999999999999,
    0.5999999999999999,
    0.35694126423222944
  ],
  "cst_lower": [
    -0.0959441918357038,
    -0.3,
    -0.3,
    -0.3,
    -0.3,
    -0.3,
    0.13008153232203434,
    0.1321008384951038,
    0.3,
    0.004360208241142527
  ]
}