{
  "name": "design",
  "mach": 0.82,
  "aoa": 3.0,
  "SA": 30.826759862174903,
  "AR": 9.814598539313273,
  "TR": 0.2209671655964497,
  "kink": 0.386743247589207,
  "rootadj": 0.870808828353173,
  "DA_kink": 2.950052989291436,
  "DA_tip": 5.080941558497971,
  "t_root": 0.14000165668792322,
  "r_t2": 0.632750726223216,
  "r_t3": 0.9440763333992723,
  "r_t4": 0.9769123543761057,
  "r_d1": 0.701238255392055,
  "r_d2": 0.6312074778950837,
  "r_d4": 0.009568454021536816,
  "tw1": -4.0,
  "tw2": -3.3606691749456754,
  "tw3": -2.815408916491866,
  "tw4": -1.9565525217204602,
  "cst_upper": [
    0.1828287735185677,
    0.19548893121821315,
    0.2940680029563984,
    0.2185623277224487,
    -0.056858332707861586,
    0.538889340828093,
    0.5683804720778558,
    -0.1387048143587234,
    0.16724248125571667,
    0.3096182726816998
  ],
  "cst_lower": [
    0.07091481423559981,
    -0.29457449712150147,
    -0.2740707535465114,
    -0.17519402173110737,
    -0.2885819894976601,
    -0.1995478681806891,
    -0.14100358555670822,
    0.051512610636861744,
    -0.036658764380147923,
    -0.27586135849232324
  ]
}