{
  "upper_weights": [
    0.5999999999999999,
    0.3405059124514081,
    0.24493249671717826,
    0.20274672469257443,
    0.14932136085530123,
    0.055777107749027055,
    0.0197562874789452,
    0.08083596098935114
  ],
  "lower_weights": [
    -0.3,
    -0.11300871402474619,
    -0.017745767330778595,
    -0.007646132379638293,
    -0.00251235764051011,
    -0.11640784622691733,
    -0.22521084943152658,
    -0.2833600626311474
  ],
  "leading_edge_weight": -0.3508709688274255,
  "TE_thickness": 0.0,
  "name": "iter_0355"
}