{
  "upper_weights": [
    0.3631106659546409,
    0.3391433595035237,
    0.2556129237972796,
    0.20464178944272302,
    0.2419599599916975,
    0.22211567616036595,
    0.24834451676216104,
    0.13639208192288632
  ],
  "lower_weights": [
    -0.17354921210417934,
    -0.06792690536038484,
    -0.012158023492388053,
    -0.09997296501386164,
    -0.08239869135637737,
    -0.20683988128144637,
    -0.2624735531343527,
    -0.3
  ],
  "leading_edge_weight": -0.10041193480198304,
  "TE_thickness": 0.002308809718804576,
  "name": "design"
}