{
  "upper_weights": [
    0.3451987938672905,
    0.4157447149500109,
    0.5932866180204044,
    0.5819982611299399,
    0.5861757040479703,
    0.05949364935948992,
    0.5892784390339234,
    0.22622073116641844
  ],
  "lower_weights": [
    -0.2538693707931319,
    0.18537174762788128,
    0.1876514963257329,
    0.2772774552210921,
    0.28296621837472585,
    0.2635929578082344,
    0.29024821246506455,
    0.29999547826969736
  ],
  "leading_edge_weight": 0.4983883733613832,
  "TE_thickness": 0.00994777647263027,
  "name": "iter_00651"
}