{
  "upper_weights": [
    0.08811606776343084,
    0.11487805165474468,
    0.33964605255560637,
    0.2923145084265117,
    0.29790723210991615,
    0.3995893872096438,
    0.5999999999999999,
    0.06528669975466334
  ],
  "lower_weights": [
    -0.056210630455725524,
    0.25154409674565054,
    0.09813793660424325,
    0.3,
    0.3,
    0.3,
    0.26682097856586723,
    0.3
  ],
  "leading_edge_weight": 0.5,
  "TE_thickness": 0.0002504792495266925,
  "name": "design"
}