{
  "design_name": "Moderate_Sweep_Camber_NeutralDihedral",
  "design_params": {
    "le_sweep_deg": 65.37090537085572,
    "root_chord_in": 31.249046014214827,
    "twist_root_deg": -2.726273781511491,
    "twist_tip_deg": -10.0,
    "dihedral_deg": 6.527574948865695,
    "naca": {
      "m": 4,
      "p": 4,
      "t": 13,
      "chord_length": 1.0
    }
  },
  "sim_conditions": {
    "aoa_deg": 10.0,
    "mach": 0.3,
    "reynolds": 3000000.0
  },
  "vlm_results": {
    "CL": 0.3814178714909851,
    "CDi": 0.026917234776603724,
    "CM": -0.40420356852625045,
    "L_D": 14.170024322948318
  },
  "corrected_results": {
    "CL": 0.20836875183397757,
    "CDi": 0.010662080876865536,
    "CM": -0.18772555318048856,
    "L_D": 19.542972355996078
  }
}