{
  "upper_weights": [
    0.1673660033717304,
    0.16555885542326138,
    0.2780904199893724,
    0.3066362878728724,
    0.1938553524662629,
    0.14662192670371355,
    0.21670915732893697,
    0.37851272270036546
  ],
  "lower_weights": [
    -0.2556209732366663,
    -0.12919092107943084,
    -0.10362624341514962,
    -0.059876949858107986,
    -0.022386339518425613,
    -0.030069544230431455,
    0.05997990478659215,
    0.08739039642058999
  ],
  "leading_edge_weight": 0.3273647524523071,
  "TE_thickness": 0.0031551563100606296,
  "name": "design"
}