{
  "upper_weights": [
    0.3330100551349034,
    0.39145996845947045,
    0.4231961035148735,
    0.1985405237029762,
    0.04662105467094463,
    -0.057323547654174384,
    -0.09489237367649322,
    -0.10275881159846856
  ],
  "lower_weights": [
    -0.12650586488899074,
    -0.02988973927495686,
    -0.006207757199650388,
    -0.049021381605797776,
    -0.06550484045192345,
    -0.10519861069637773,
    -0.19128299904933088,
    -0.2999570685774295
  ],
  "leading_edge_weight": -0.07910288752216776,
  "TE_thickness": 0.005794736430945744,
  "name": "design"
}