{
  "upper_weights": [
    0.5926290161765242,
    0.4099840273728025,
    0.5868304351781268,
    0.5997696620544704,
    0.31183316650255805,
    0.0506009227259119,
    0.20628942639565936,
    -0.012623356767620905
  ],
  "lower_weights": [
    -0.20851405832522443,
    -0.22518252221822094,
    -0.20000026141001986,
    0.16928346537704894,
    0.1752727089337947,
    0.3,
    0.16687382024962683,
    0.3
  ],
  "leading_edge_weight": -0.0037353382274622014,
  "TE_thickness": 0.01,
  "name": "HighLift_RobustTE_Exp"
}