{
  "upper_weights": [
    0.4158414336581614,
    0.43742831392056425,
    0.46415608970359573,
    0.2984670415678478,
    0.08192026302035194,
    -0.021958737631822604,
    -0.050500749942768396,
    -0.09486633963947189
  ],
  "lower_weights": [
    -0.09990076533640808,
    -0.0041356695065741965,
    0.040883409381902984,
    -0.004489137570772875,
    -0.14279075692851628,
    -0.2399067784978693,
    -0.27545208736784776,
    -0.22511878947604264
  ],
  "leading_edge_weight": 0.01674122165842337,
  "TE_thickness": 0.0002377036226874813,
  "name": "ReflexBlend_V2"
}