{
  "design_name": "Cambered_MidSweep_Washout_Thin",
  "design_params": {
    "le_sweep_deg": 58.36429832789167,
    "root_chord_in": 34.89555611386732,
    "twist_root_deg": -2.9775148964150517,
    "twist_tip_deg": -9.604132480144393,
    "dihedral_deg": -0.2901291153366936,
    "naca": {
      "m": 0,
      "p": 0,
      "t": 15,
      "chord_length": 1.0
    }
  },
  "sim_conditions": {
    "aoa_deg": 10.0,
    "mach": 0.3,
    "reynolds": 3000000.0
  },
  "vlm_results": {
    "CL": 0.24716755689923708,
    "CDi": 0.01939727185701779,
    "CM": -0.20539380608787308,
    "L_D": 12.742387626526648
  },
  "corrected_results": {
    "CL": 0.05429791072999453,
    "CDi": 0.005173413910431733,
    "CM": -0.0109733441356858,
    "L_D": 10.495566693495679
  }
}