{
  "upper_weights": [
    0.12912129406330924,
    0.23519310301289525,
    0.45636809807741646,
    0.3727744564472651,
    0.5999999999999999,
    0.5999999999999999,
    0.28013765435253585,
    0.23506093258545074
  ],
  "lower_weights": [
    -0.08304789590731501,
    0.06627121160693633,
    0.19708143441231252,
    0.22847354833665895,
    0.18930410880149862,
    0.22890832870080363,
    0.3,
    0.3
  ],
  "leading_edge_weight": 0.5,
  "TE_thickness": 0.0001843917524692899,
  "name": "design"
}