{
  "SA": 25.58535985529203,
  "AR": 9.343076970311888,
  "TR": 0.3333482047988392,
  "kink": 0.41931782867784084,
  "rootadj": 1.0784707704675607,
  "DA_kink": 1.483221578569775,
  "DA_tip": 4.183064221679066,
  "t_root": 0.163349021651163,
  "r_t2": 0.6227028807469815,
  "r_t3": 0.9013529572275705,
  "r_t4": 0.9801357479963267,
  "r_d1": 0.6855708807487747,
  "r_d2": 0.6429527029150783,
  "r_d4": 0.10214172263310412,
  "tw1": -2.1990865443647736,
  "tw2": -2.7184279496663146,
  "tw3": -1.4855243316002338,
  "tw4": -1.9464121871125741,
  "cst_upper": [
    0.14159793028153467,
    0.011210061857008569,
    0.3844972296154377,
    0.13822535751910775,
    0.4785113505585756,
    0.3410835740387225,
    0.0018024651772063915,
    0.5945283429077912,
    0.488423937401048,
    0.11855952319937468
  ],
  "cst_lower": [
    -0.0957245713586822,
    -0.05903813580132411,
    0.26505296094879155,
    -0.2451683576597179,
    -0.20557126842671458,
    0.13900718805042184,
    0.003630726179135235,
    0.15596740476238208,
    -0.18846965285812547,
    0.0726429960710972
  ],
  "_score": -0.6395718002209819
}