{
  "design_name": "Hybrid_Sweep_Cambered_Thin",
  "design_params": {
    "le_sweep_deg": 72.20586802632256,
    "root_chord_in": 26.80955201127254,
    "twist_root_deg": -10.0,
    "twist_tip_deg": -10.0,
    "dihedral_deg": -15.0,
    "naca": {
      "m": 2,
      "p": 4,
      "t": 9,
      "chord_length": 1.0
    }
  },
  "sim_conditions": {
    "aoa_deg": 10.0,
    "mach": 0.3,
    "reynolds": 3000000.0
  },
  "vlm_results": {
    "CL": 0.006360241082419892,
    "CDi": 0.005258041650834036,
    "CM": -0.04050323044471523,
    "L_D": 1.2096216623561786
  },
  "corrected_results": {
    "CL": 0.04574098806594739,
    "CDi": 0.0013743028895048727,
    "CM": -0.05088107430698301,
    "L_D": 33.28304729274544
  }
}