{
  "upper_weights": [
    0.3059680901205322,
    0.22886532025218592,
    0.2632294965708723,
    0.2667402044620794,
    0.21175049744843694,
    -0.00950681008884574,
    -0.09216863612770465,
    -0.18452359909802202
  ],
  "lower_weights": [
    -0.2752524287768555,
    -0.17585211732030354,
    -0.11992352414950588,
    -0.1391907718457508,
    -0.144930716960213,
    -0.1606112173028738,
    -0.19192138600393882,
    -0.3
  ],
  "leading_edge_weight": 0.5,
  "TE_thickness": 0.01,
  "name": "iter_0620"
}