{
  "car_size": 0.8,
  "car_width": -0.1,
  "car_len": -0.1,
  "ramp_angle": 6.5270646426415455,
  "front_bumper_length": 0.1,
  "wind_screen_x": -0.05,
  "wind_screen_z": 0.009741045432064508,
  "side_mirrors_x": -0.004219365041589019,
  "side_mirrors_z": 0.05,
  "rear_window_x": -0.05,
  "rear_window_z": -0.05,
  "trunklid_angle": 8.0,
  "trunklid_x": 0.05,
  "trunklid_z": -0.05,
  "diffusor_angle": 7.103639463579084,
  "car_green_house_angle": -8.0,
  "car_front_hood_angle": -3.31968365868075,
  "car_air_intake_angle": 8.0,
  "tires_diameter": 0.012023569922491694,
  "tires_width": -0.014999,
  "name": "aero_optimized_boattail_v1"
}