{
  "upper_weights": [
    0.436781397321969,
    0.46048455558675067,
    0.4353930948480746,
    0.38557681882992073,
    0.21861949271425302,
    0.05958565921660336,
    -0.05791508932570813,
    0.029798851269368598
  ],
  "lower_weights": [
    -0.1546505572279559,
    0.05827762883819859,
    0.15292919866460847,
    0.1692819517251966,
    0.122192490430857,
    0.021366912927686332,
    -0.16584646379277795,
    -0.299975569370222
  ],
  "leading_edge_weight": 0.1277339876909035,
  "TE_thickness": 0.009035383850690918,
  "name": "iter_00680"
}