{
  "design_name": "HighSweep_MaxWashout_MaxAnhedral_NACA2408",
  "design_params": {
    "le_sweep_deg": 71.96167489521501,
    "root_chord_in": 29.735963439178686,
    "twist_root_deg": -3.57585386538422,
    "twist_tip_deg": -8.689130335172461,
    "dihedral_deg": -15.0,
    "naca": {
      "m": 0,
      "p": 0,
      "t": 11,
      "chord_length": 1.0
    }
  },
  "sim_conditions": {
    "aoa_deg": 10.0,
    "mach": 0.3,
    "reynolds": 3000000.0
  },
  "vlm_results": {
    "CL": 0.20997471321498887,
    "CDi": 0.01573166734022887,
    "CM": -0.19790902355815732,
    "L_D": 13.347263749853362
  },
  "corrected_results": {
    "CL": 0.10593238054846692,
    "CDi": 0.008834365045702083,
    "CM": -0.08069861345804318,
    "L_D": 11.990944453897454
  }
}