{
  "design_name": "Exploit_D1_Camber_Sweep_Twist",
  "design_params": {
    "le_sweep_deg": 71.29623418546728,
    "root_chord_in": 38.07738950999221,
    "twist_root_deg": -10.0,
    "twist_tip_deg": -1.4572420323557247,
    "dihedral_deg": 4.2467258925774685,
    "naca": {
      "m": 4,
      "p": 4,
      "t": 7,
      "chord_length": 1.0
    }
  },
  "sim_conditions": {
    "aoa_deg": 10.0,
    "mach": 0.3,
    "reynolds": 3000000.0
  },
  "vlm_results": {
    "CL": 0.10308565635596076,
    "CDi": 0.019635434993978608,
    "CM": -0.16481594126167648,
    "L_D": 5.2499807815601205
  },
  "corrected_results": {
    "CL": -0.042838766912038695,
    "CDi": -0.005774196164197459,
    "CM": 0.058707554885959926,
    "L_D": 7.419000964611798
  }
}