{
  "upper_weights": [
    0.48706179499065844,
    0.468106812196202,
    0.48624658751930694,
    0.31370641252792986,
    0.15062853038028384,
    0.004750901456834719,
    -0.058505049702160784,
    -0.1164178433689986
  ],
  "lower_weights": [
    -0.18500852799321976,
    -0.14907219039210964,
    -0.0018478335227485104,
    0.04187783580782773,
    -0.04904764612860156,
    -0.18318199910951666,
    -0.25795130910917247,
    -0.3
  ],
  "leading_edge_weight": 0.41763158106655496,
  "TE_thickness": 0.0020679057084282103,
  "name": "Refined_Reflexed_Section_V2"
}