{
  "upper_weights": [
    0.5134026035730719,
    0.591332873587848,
    0.5797680039452431,
    0.5950927449972829,
    0.5971581569787245,
    0.5012133081810839,
    0.4392778336547292,
    0.24975221901159
  ],
  "lower_weights": [
    -0.18191349702104126,
    0.08497301575767346,
    0.24575132518935544,
    0.25891139307821615,
    0.2679630525547774,
    0.28477259465642485,
    0.1629487614765487,
    0.0856807406455733
  ],
  "leading_edge_weight": 0.3476769973423076,
  "TE_thickness": 0.0009292157491928587,
  "name": "iter_00686"
}