{
  "upper_weights": [
    0.3061620941851554,
    0.24642729721111822,
    0.22869909768053295,
    0.2024352293885402,
    0.09078363170818564,
    -0.022117928656477867,
    -0.02308364235296722,
    0.09996235894169903
  ],
  "lower_weights": [
    -0.1482151539466976,
    -0.12260127262330507,
    -0.1402325666796639,
    -0.10998857261931543,
    -0.2151276243772739,
    -0.25451349364780423,
    -0.3,
    -0.3
  ],
  "leading_edge_weight": 0.49825475617677795,
  "TE_thickness": 0.0065089998313674876,
  "name": "design"
}