{
  "upper_weights": [
    0.5536292361984798,
    0.5999234975692131,
    0.5993442958788329,
    0.570543230737175,
    0.5184923269950317,
    0.5323746110656578,
    0.5387897225374085,
    0.5622161243272474
  ],
  "lower_weights": [
    -0.2420167137703116,
    0.07433955273830745,
    0.15169376464245515,
    0.1909419538804002,
    0.2659126970439302,
    0.2879427174480084,
    0.2995181831638288,
    0.2352000811225336
  ],
  "leading_edge_weight": 0.47532314305520273,
  "TE_thickness": 0.00010073920672640967,
  "name": "iter_00577"
}