{
  "upper_weights": [
    0.33602808486021046,
    0.5035991749018847,
    0.5601536478187792,
    0.5994585458662944,
    0.5444202817224502,
    0.4496339297363369,
    0.41923598950100555,
    0.37631870381351834
  ],
  "lower_weights": [
    -0.2349627054261781,
    -0.0745476698208552,
    -0.03882606364872149,
    -0.005225985709089609,
    -0.05996807179217506,
    -0.004346340851388908,
    0.054812659689192245,
    -0.08747811986210166
  ],
  "leading_edge_weight": 0.25812123437506407,
  "TE_thickness": 0.0058746942579778584,
  "name": "iter_00549"
}