{
  "design_name": "Exploit_MaxSweep_NACA0006_V2",
  "design_params": {
    "le_sweep_deg": 75.37190700431303,
    "root_chord_in": 26.5514530637169,
    "twist_root_deg": -10.0,
    "twist_tip_deg": -9.101883472018413,
    "dihedral_deg": -14.36245769260138,
    "naca": {
      "m": 0,
      "p": 0,
      "t": 8,
      "chord_length": 1.0
    }
  },
  "sim_conditions": {
    "aoa_deg": 10.0,
    "mach": 0.3,
    "reynolds": 3000000.0
  },
  "vlm_results": {
    "CL": -0.0010956349216632493,
    "CDi": 2.1410217186573423e-05,
    "CM": -0.0002957384009026763,
    "L_D": -51.17346134864683
  },
  "corrected_results": {
    "CL": 0.05631198231368877,
    "CDi": -0.00019939760143944572,
    "CM": -0.04753635769924904,
    "L_D": -282.41053005238854
  }
}