{
  "design_name": "High_Sweep_Aggressive_Camber_Thin",
  "design_params": {
    "le_sweep_deg": 69.48138837570511,
    "root_chord_in": 34.78055036427369,
    "twist_root_deg": -5.812928341516562,
    "twist_tip_deg": -10.0,
    "dihedral_deg": -2.5408560941628546,
    "naca": {
      "m": 4,
      "p": 0,
      "t": 11,
      "chord_length": 1.0
    }
  },
  "sim_conditions": {
    "aoa_deg": 10.0,
    "mach": 0.3,
    "reynolds": 3000000.0
  },
  "vlm_results": {
    "CL": 0.14153420682357096,
    "CDi": 0.006245416980811033,
    "CM": -0.12783077294169792,
    "L_D": 22.66209081930527
  },
  "corrected_results": {
    "CL": 0.020697422281567315,
    "CDi": 0.00152334010771105,
    "CM": 0.015655824370083192,
    "L_D": 13.5868688658549
  }
}