{
  "design_name": "HighSweep_ZeroCam_PosDihedral_LargeChord",
  "design_params": {
    "le_sweep_deg": 79.26113035498916,
    "root_chord_in": 50.0,
    "twist_root_deg": -7.019378671547768,
    "twist_tip_deg": -8.506473191488602,
    "dihedral_deg": 12.611373462327277,
    "naca": {
      "m": 0,
      "p": 0,
      "t": 24,
      "chord_length": 1.0
    }
  },
  "sim_conditions": {
    "aoa_deg": 10.0,
    "mach": 0.3,
    "reynolds": 3000000.0
  },
  "vlm_results": {
    "CL": 0.07346706242442742,
    "CDi": 0.0027155449256197075,
    "CM": -0.07463337126292628,
    "L_D": 27.054261460123588
  },
  "corrected_results": {
    "CL": -0.29597176632806504,
    "CDi": -0.01136181418326726,
    "CM": 0.36461234067674025,
    "L_D": 26.049692553848292
  }
}