{
  "upper_weights": [
    0.36281677314542854,
    0.31400453411152335,
    0.5999999999999999,
    0.5999999999999999,
    0.5999999999999999,
    -0.08512720514139963,
    0.5978841154523324,
    0.5999999999999999
  ],
  "lower_weights": [
    -0.1646407747104296,
    0.3,
    0.26803247612069264,
    0.3,
    0.3,
    0.3,
    0.3,
    0.3
  ],
  "leading_edge_weight": 0.5,
  "TE_thickness": 0.01,
  "name": "design"
}