{
  "upper_weights": [
    0.1486008625494259,
    0.2989501424872702,
    0.4923677647592087,
    0.12460225749657566,
    0.44961767093831756,
    0.35197584425124145,
    0.280970485484825,
    0.5910215644541563
  ],
  "lower_weights": [
    0.09283792936317664,
    0.27080809281597845,
    0.11059086986494304,
    0.28750627205771445,
    -0.25956172784046827,
    0.12251558001127821,
    0.17041668974843233,
    0.2065255082133171
  ],
  "leading_edge_weight": 0.4891262765972597,
  "TE_thickness": 0.0042772757397418525,
  "name": "iter_00672"
}