{
  "design_name": "HighSweep_LargeChord_ZeroRootTwist_ThinAirfoil",
  "design_params": {
    "le_sweep_deg": 72.69868005877339,
    "root_chord_in": 42.723348160198185,
    "twist_root_deg": -1.8491026293435575,
    "twist_tip_deg": 1.46602202893191,
    "dihedral_deg": 15.0,
    "naca": {
      "m": 4,
      "p": 4,
      "t": 10,
      "chord_length": 1.0
    }
  },
  "sim_conditions": {
    "aoa_deg": 10.0,
    "mach": 0.3,
    "reynolds": 3000000.0
  },
  "vlm_results": {
    "CL": 0.4620629250385384,
    "CDi": 0.07315538030540798,
    "CM": -0.5057303713727542,
    "L_D": 6.316185126911035
  },
  "corrected_results": {
    "CL": -0.0032030536915450686,
    "CDi": -0.014270203256146809,
    "CM": 0.057077287269854594,
    "L_D": 0.2244574680578128
  }
}