{
  "upper_weights": [
    0.6,
    0.5742201674684797,
    0.4603251556998262,
    0.3614016786123657,
    0.2841286743265388,
    0.25825825213691406,
    0.16947879549623718,
    0.24545742435289553
  ],
  "lower_weights": [
    -0.2546047542056112,
    -0.17384082918912105,
    -0.083745096026457,
    0.03560458035666352,
    0.08800990302894618,
    0.06747236607644484,
    -0.02334821250352682,
    -0.3
  ],
  "leading_edge_weight": -0.05530466641730594,
  "TE_thickness": 0.008935915698391651,
  "name": "design"
}