{
  "design_name": "Hybrid_Camber_ModerateWashout",
  "design_params": {
    "le_sweep_deg": 62.84583677752287,
    "root_chord_in": 38.71476778982855,
    "twist_root_deg": -10.0,
    "twist_tip_deg": -7.077760742269008,
    "dihedral_deg": -1.1529964483699395,
    "naca": {
      "m": 0,
      "p": 0,
      "t": 16,
      "chord_length": 1.0
    }
  },
  "sim_conditions": {
    "aoa_deg": 10.0,
    "mach": 0.3,
    "reynolds": 3000000.0
  },
  "vlm_results": {
    "CL": 0.04487321412298145,
    "CDi": 0.0011405567116984693,
    "CM": -0.04590053946431581,
    "L_D": 39.34325550209436
  },
  "corrected_results": {
    "CL": -0.0778043260491428,
    "CDi": -0.001546961768115961,
    "CM": 0.11443486658679673,
    "L_D": 50.294924963724476
  }
}