{
  "design_name": "ExtremeSweep_MaxWashout_MinChord_0006",
  "design_params": {
    "le_sweep_deg": 77.25754878807786,
    "root_chord_in": 18.13796954596618,
    "twist_root_deg": -1.7603548399915638,
    "twist_tip_deg": -10.0,
    "dihedral_deg": -12.718483130027693,
    "naca": {
      "m": 0,
      "p": 0,
      "t": 6,
      "chord_length": 1.0
    }
  },
  "sim_conditions": {
    "aoa_deg": 10.0,
    "mach": 0.3,
    "reynolds": 3000000.0
  },
  "vlm_results": {
    "CL": 0.27008077598771,
    "CDi": 0.021602465692901494,
    "CM": -0.26273790292182425,
    "L_D": 12.502312459473446
  },
  "corrected_results": {
    "CL": 0.24150706638706174,
    "CDi": 0.02214127418340569,
    "CM": -0.23187706368588717,
    "L_D": 10.9075505043908
  }
}