{
  "upper_weights": [
    0.2448850903886486,
    0.6,
    0.4543787479695533,
    0.5995408530041794,
    0.29033715167923485,
    0.2605261573413031,
    0.30877977040685023,
    0.6
  ],
  "lower_weights": [
    -0.3,
    0.27254112623944843,
    0.3,
    0.28833465872058206,
    0.296576672747255,
    0.3,
    0.3,
    0.3
  ],
  "leading_edge_weight": 0.5,
  "TE_thickness": 0.01,
  "name": "design"
}