{
  "design_name": "High_Sweep_MaxTipWashout_PosDihedral_2410",
  "design_params": {
    "le_sweep_deg": 70.11380200390776,
    "root_chord_in": 40.88038056007102,
    "twist_root_deg": -5.905836936759408,
    "twist_tip_deg": -10.0,
    "dihedral_deg": 15.0,
    "naca": {
      "m": 0,
      "p": 0,
      "t": 12,
      "chord_length": 1.0
    }
  },
  "sim_conditions": {
    "aoa_deg": 10.0,
    "mach": 0.3,
    "reynolds": 3000000.0
  },
  "vlm_results": {
    "CL": 0.07887820284580088,
    "CDi": 0.0031971378406239676,
    "CM": -0.06608037947570407,
    "L_D": 24.6715051955366
  },
  "corrected_results": {
    "CL": -0.09265745420744648,
    "CDi": -0.003017214789250645,
    "CM": 0.14571605966294005,
    "L_D": 30.70959831482825
  }
}