{
  "upper_weights": [
    0.13016244563040685,
    0.2301006294789112,
    0.30606368310208937,
    0.29400869023958703,
    0.11085462780387174,
    0.01343068191916299,
    -0.03476860105301849,
    -0.019466562091927535
  ],
  "lower_weights": [
    -0.08504540263990737,
    -0.012914446898572702,
    -0.04693521044696741,
    -0.13544936491920972,
    -0.26436070928260075,
    -0.2522570633067841,
    -0.29971121063859585,
    -0.3
  ],
  "leading_edge_weight": 0.347986893616197,
  "TE_thickness": 3.210484670622922e-05,
  "name": "Refined_Reflexed_HighLD_001"
}