{
  "upper_weights": [
    0.17417993361123224,
    0.3329325763292375,
    0.43860885887741635,
    0.5246696719076698,
    0.5999999999999999,
    0.43439079860766566,
    0.1967078369782837,
    0.1462537788964029
  ],
  "lower_weights": [
    -0.06918638654634032,
    0.3,
    0.16717051296473584,
    0.22563300388702007,
    0.29104446964942426,
    0.2715666728863679,
    0.3,
    0.3
  ],
  "leading_edge_weight": 0.5,
  "TE_thickness": 0.0,
  "name": "iter_0381"
}