{
  "upper_weights": [
    0.10928437429865234,
    0.35873024545977433,
    0.5514389625242078,
    0.5999999999999999,
    0.44020403234385747,
    0.2790806303471644,
    0.09909564273849036,
    -0.0340621329841565
  ],
  "lower_weights": [
    -0.3,
    -0.16406720467712604,
    -0.0693175378371721,
    -0.06010506660131168,
    -0.0810365336665185,
    -0.08807025025047763,
    -0.11076638183450094,
    -0.1681171896677835
  ],
  "leading_edge_weight": 0.5,
  "TE_thickness": 0.0041851890585607125,
  "name": "iter_0648"
}