{
  "design_name": "Moderate_Sweep_Thick_Positive_Dihedral",
  "design_params": {
    "le_sweep_deg": 58.960503871429474,
    "root_chord_in": 43.32363834532628,
    "twist_root_deg": -5.199131616920386,
    "twist_tip_deg": -6.038759980841511,
    "dihedral_deg": 15.0,
    "naca": {
      "m": 2,
      "p": 4,
      "t": 20,
      "chord_length": 1.0
    }
  },
  "sim_conditions": {
    "aoa_deg": 10.0,
    "mach": 0.3,
    "reynolds": 3000000.0
  },
  "vlm_results": {
    "CL": 0.296917403566206,
    "CDi": 0.01811007538078747,
    "CM": -0.29859053622843185,
    "L_D": 16.395150065537457
  },
  "corrected_results": {
    "CL": -0.0695991954694752,
    "CDi": -0.012438158751926411,
    "CM": 0.12176003593125674,
    "L_D": 5.595618841791655
  }
}