{
  "name": "design",
  "mach": 0.82,
  "aoa": 3.0,
  "SA": 36.110824785331324,
  "AR": 9.49894301532763,
  "TR": 0.2630468297341334,
  "kink": 0.38162833403195,
  "rootadj": 0.5707845055212567,
  "DA_kink": 2.6290745255396,
  "DA_tip": 5.174572980193773,
  "t_root": 0.1518256625170725,
  "r_t2": 0.6982031129714991,
  "r_t3": 0.9501957735786624,
  "r_t4": 0.9351444852901916,
  "r_d1": 0.48817591634903107,
  "r_d2": 0.7074631933235282,
  "r_d4": 0.6373205993257123,
  "tw1": -2.091549737297457,
  "tw2": -2.145934753143348,
  "tw3": -1.6795793278791122,
  "tw4": -2.3099209972329016,
  "cst_upper": [
    -0.1242506400798074,
    0.48846365037963757,
    0.19825510664637078,
    0.4124179107141307,
    0.1517871059212555,
    0.3587803273266688,
    0.1620897525842534,
    0.4379670602032795,
    0.17693137418747248,
    0.10350486300251746
  ],
  "cst_lower": [
    -0.11933012333477873,
    -0.24117582309343058,
    -0.026216680882777017,
    -0.28319111784169543,
    0.3,
    -0.21685738751050496,
    0.14468089671610945,
    0.19030337270592357,
    0.1548226505236353,
    0.07899668956942331
  ]
}