{
  "SA": 31.855422425037382,
  "AR": 9.495395649920502,
  "TR": 0.25442798102472897,
  "kink": 0.3953020864262083,
  "rootadj": 0.9777626362362077,
  "DA_kink": 5.706979014586841,
  "DA_tip": 4.85688231287017,
  "t_root": 0.15997125366374745,
  "r_t2": 0.6851170323784616,
  "r_t3": 0.9253283767359901,
  "r_t4": 0.9802093798254715,
  "r_d1": 0.7799262494128552,
  "r_d2": 0.6010904527291938,
  "r_d4": 0.2905360491637076,
  "tw1": -2.2303116577991333,
  "tw2": -3.165058516194531,
  "tw3": -1.1158436418082023,
  "tw4": -2.670810436971506,
  "cst_upper": [
    0.3019112369420733,
    0.49368625471265165,
    0.2920363426820713,
    0.07811241985452921,
    0.333036065375276,
    0.4045829007870338,
    0.2830510672976711,
    -0.022582989021983357,
    0.16266042651899537,
    0.2519013705137228
  ],
  "cst_lower": [
    0.12623602284393093,
    -0.2621974037939411,
    -0.1678705031826301,
    -0.008092495340771277,
    0.07332644465597649,
    -0.20891830082523574,
    0.1629305251411669,
    0.25803612792938185,
    -0.1894264110970621,
    0.12651908114953336
  ],
  "_score": 8.471633958811365
}