{
  "upper_weights": [
    0.3338681330349344,
    0.3184624093915703,
    0.49417478111046026,
    -0.09660211245763575,
    0.26257980030754097,
    0.3875222385292337,
    0.5580487326567005,
    -0.06810038873684537
  ],
  "lower_weights": [
    -0.21207054084342514,
    0.055631086759878934,
    -0.08603932188144248,
    0.16242026582264518,
    0.023727671067156786,
    0.021599262386530538,
    0.11922860621501674,
    0.2622148685224725
  ],
  "leading_edge_weight": -0.04426771005074581,
  "TE_thickness": 0.0056637019523935106,
  "_score": 1.8801821936783363
}