{
  "upper_weights": [
    0.20318150390524709,
    0.1927375147258526,
    0.3095437478979121,
    0.43919182567631204,
    0.4974332708115136,
    0.4006782397713153,
    0.2547205458587121,
    0.06291687456539918
  ],
  "lower_weights": [
    -0.21650564897674884,
    -0.19545301296435247,
    -0.20272823005863616,
    -0.3,
    -0.3,
    -0.3,
    -0.3,
    -0.2713443245144368
  ],
  "leading_edge_weight": 0.5,
  "TE_thickness": 0.0020174181029605815,
  "name": "iter_0294"
}