{
  "SA": 27.265830646931818,
  "AR": 10.67040581258508,
  "TR": 0.29058530576278097,
  "kink": 0.38025872510742065,
  "rootadj": 0.6903372588353948,
  "DA_kink": 5.613385625730826,
  "DA_tip": 4.727483480801284,
  "t_root": 0.14851442356585073,
  "r_t2": 0.641500904901687,
  "r_t3": 0.9635322448472908,
  "r_t4": 0.966292820273288,
  "r_d1": 0.685738875287599,
  "r_d2": 0.7681567380546644,
  "r_d4": 0.04005174559441347,
  "tw1": -2.068654748923974,
  "tw2": -3.2836925680094007,
  "tw3": -2.2866453885848594,
  "tw4": -1.5879123478090225,
  "cst_upper": [
    0.5453181903916569,
    0.515908706544357,
    -0.1445143477156968,
    0.38692733818141484,
    0.3778136134963836,
    0.2095406243262889,
    0.04708391776275411,
    0.5536851227221111,
    0.04448240902769279,
    0.2736400334494851
  ],
  "cst_lower": [
    0.10184267181336987,
    0.07902266728306928,
    -0.07682424318127348,
    0.20803214277754184,
    0.16491256670120252,
    -0.25532316804029404,
    0.15839078828735326,
    -0.0022430057809112447,
    0.1048431858376897,
    0.16324598146937958
  ],
  "_score": -0.5970196556637002
}