{
  "design_name": "Exploitation_NACA4411_WashoutRefinement",
  "design_params": {
    "le_sweep_deg": 64.58158586295932,
    "root_chord_in": 34.15965421000818,
    "twist_root_deg": -8.828988754196851,
    "twist_tip_deg": -6.478078334997223,
    "dihedral_deg": 1.8405087869598535,
    "naca": {
      "m": 2,
      "p": 4,
      "t": 10,
      "chord_length": 1.0
    }
  },
  "sim_conditions": {
    "aoa_deg": 10.0,
    "mach": 0.3,
    "reynolds": 3000000.0
  },
  "vlm_results": {
    "CL": 0.1697233197257089,
    "CDi": 0.007410165307972054,
    "CM": -0.1925514434335892,
    "L_D": 22.90412057921515
  },
  "corrected_results": {
    "CL": 0.044783973126142955,
    "CDi": -0.0012269538280224807,
    "CM": -0.026382251472051206,
    "L_D": -36.50012910292041
  }
}