{
  "upper_weights": [
    0.11246116958505589,
    0.23302099598855647,
    0.2671209674141036,
    0.19553508365399117,
    0.16728470081914096,
    0.2166544361385454,
    0.19427086211186967,
    0.2214483156404414
  ],
  "lower_weights": [
    -0.28893459200764293,
    -0.2663635615977113,
    -0.3,
    -0.2871826472283668,
    -0.14937093746798583,
    -0.12817998434513161,
    -0.20277825077141548,
    -0.28660884300746964
  ],
  "leading_edge_weight": -0.15141955077206884,
  "TE_thickness": 0.01,
  "name": "design"
}