{
  "SA": 31.27211563214474,
  "AR": 9.357562253315164,
  "TR": 0.26432584364602585,
  "kink": 0.3875850255412922,
  "rootadj": 0.5897059666899787,
  "DA_kink": 3.6894880582455585,
  "DA_tip": 5.291505691377507,
  "t_root": 0.1517511738657587,
  "r_t2": 0.6299466524101809,
  "r_t3": 0.9261060745034253,
  "r_t4": 0.9535039610507343,
  "r_d1": 0.520673223515291,
  "r_d2": 0.6858336611502119,
  "r_d4": 0.22718444476668076,
  "tw1": -3.1520402758247292,
  "tw2": -2.9395244599620094,
  "tw3": -1.8016568447214785,
  "tw4": -2.1858076843694403,
  "cst_upper": [
    0.14793501088928282,
    0.09439810146916136,
    0.1481136497775134,
    0.09909428194855113,
    0.184387668794472,
    0.04284801048395334,
    0.12842221965285225,
    0.16806644035150453,
    0.16103007097935026,
    0.31158201983882977
  ],
  "cst_lower": [
    0.0017490001228395377,
    -0.04016218387368041,
    -0.003818569883562921,
    -0.07104985333865807,
    -0.0032239899718704353,
    -0.03332224228003035,
    0.03661561102240647,
    -0.021981610983821395,
    -0.004670636631809865,
    -0.025422313656176136
  ],
  "_score": 10.03016577348647
}