{
  "SA": 36.83395817985276,
  "AR": 9.187161098687296,
  "TR": 0.2701044717932335,
  "kink": 0.38612821340186393,
  "rootadj": 0.4486363932879439,
  "DA_kink": 3.9764245142320904,
  "DA_tip": 4.0,
  "t_root": 0.15300165488293593,
  "r_t2": 0.6566338163835457,
  "r_t3": 0.9447706673101482,
  "r_t4": 0.9737750623874669,
  "r_d1": 0.4382117799942209,
  "r_d2": 0.7380769957919656,
  "r_d4": 0.4251568017350573,
  "tw1": -2.4988160325482456,
  "tw2": -2.921963271696292,
  "tw3": -1.8723255191754682,
  "tw4": -2.176632915267368,
  "cst_upper": [
    0.46715908725470706,
    0.5996431695721587,
    0.1363834891879095,
    0.10473072456969827,
    0.35782686279053405,
    0.18139018017024902,
    0.4160614402142002,
    0.1592762483868127,
    0.053995840310920556,
    0.4714286865489774
  ],
  "cst_lower": [
    0.015920212173433396,
    -0.3,
    -0.019861795060535953,
    -0.12873226818621059,
    -0.09543778022250116,
    0.01891150295732248,
    -0.14424152360724923,
    0.28950739343428333,
    0.14195471786320066,
    0.3
  ],
  "_score": -0.05677842803151839
}