{
  "upper_weights": [
    0.39722850489068234,
    0.37976904644880544,
    0.25122033446717923,
    0.2790710374322977,
    0.2894751617798355,
    0.3015273606998555,
    0.2868220275842381,
    0.184808905636987
  ],
  "lower_weights": [
    -0.1026252700399265,
    0.013265674242007253,
    0.039381457821599686,
    -0.06552215544205237,
    -0.23795597476707941,
    -0.3,
    -0.3,
    -0.2857273062500729
  ],
  "leading_edge_weight": 0.36581298583981114,
  "TE_thickness": 0.003868926511185593,
  "name": "design"
}