{
  "upper_weights": [
    0.5999702386364604,
    0.40090297542063663,
    0.2658280288708724,
    0.2125520615249795,
    0.16423578568669858,
    0.09117943373552795,
    -0.03206915680398026,
    -0.14096662645558947
  ],
  "lower_weights": [
    -0.3,
    -0.14369135001407643,
    -0.09050933481281312,
    0.023387094951606274,
    0.00364382313103513,
    -0.05183459620399124,
    -0.24970649131925055,
    -0.3
  ],
  "leading_edge_weight": 0.25223921739871036,
  "TE_thickness": 0.007828755410748837,
  "name": "design"
}