{
  "design_name": "Exploitation-HighSweepWashoutAnhedralThin",
  "design_params": {
    "le_sweep_deg": 65.19602516601658,
    "root_chord_in": 33.0385391280079,
    "twist_root_deg": -10.0,
    "twist_tip_deg": -6.3369015180268295,
    "dihedral_deg": -15.0,
    "naca": {
      "m": 2,
      "p": 4,
      "t": 7,
      "chord_length": 1.0
    }
  },
  "sim_conditions": {
    "aoa_deg": 10.0,
    "mach": 0.3,
    "reynolds": 3000000.0
  },
  "vlm_results": {
    "CL": 0.06959090780835434,
    "CDi": 0.005833686136606408,
    "CM": -0.10376407467672043,
    "L_D": 11.929148428413223
  },
  "corrected_results": {
    "CL": 0.019595097419668972,
    "CDi": -0.00072415837387648,
    "CM": -0.010952686294296847,
    "L_D": -27.059132541373216
  }
}