{
  "name": "design",
  "mach": 0.82,
  "aoa": 3.0,
  "SA": 40.0,
  "AR": 9.73977345182592,
  "TR": 0.3307752231700415,
  "kink": 0.3609673882921627,
  "rootadj": 0.1,
  "DA_kink": 3.6795556704481744,
  "DA_tip": 5.016573163316614,
  "t_root": 0.14,
  "r_t2": 0.6016568341313695,
  "r_t3": 0.9442544995535249,
  "r_t4": 0.9515311011910469,
  "r_d1": 0.5618559839424906,
  "r_d2": 0.5341072594174363,
  "r_d4": 0.40510992117143596,
  "tw1": -3.404643331855934,
  "tw2": -2.654315969320264,
  "tw3": -1.4907681287091281,
  "tw4": -2.1501978283255245,
  "cst_upper": [
    0.16640497235474255,
    0.27591270207155466,
    0.30911376471584023,
    0.24407600735675067,
    0.3134365802887416,
    0.3505792289608946,
    0.3231421261557879,
    0.3467688953558267,
    0.23269972945737588,
    0.5983087054194327
  ],
  "cst_lower": [
    -0.2965082479041422,
    -0.29800268159081006,
    -0.27599360072966633,
    -0.20674753912758936,
    -0.2734029968636384,
    -0.12879528984781585,
    -0.15884211249454108,
    -0.12235938986378078,
    0.21456064732819574,
    0.09691831694551967
  ]
}