{
  "name": "iter_0114",
  "mach": 0.82,
  "aoa": 3.0,
  "SA": 40.0,
  "AR": 10.986965551347485,
  "TR": 0.24444982515966462,
  "kink": 0.4144726803338903,
  "rootadj": 0.26035011003122904,
  "DA_kink": 5.231603233620185,
  "DA_tip": 4.272406960328249,
  "t_root": 0.1589659823310686,
  "r_t2": 0.6701032986548896,
  "r_t3": 0.956195351038321,
  "r_t4": 0.9654087791993112,
  "r_d1": 0.772149354731998,
  "r_d2": 0.7708486958835076,
  "r_d4": 0.5142370427414571,
  "tw1": -2.173492972902662,
  "tw2": -2.9926286350704987,
  "tw3": -1.8771268422583576,
  "tw4": -2.0219112293232753,
  "cst_upper": [
    0.3608601641609787,
    0.11166515344731848,
    0.4675473769310236,
    0.1960568079747787,
    0.09664043587316729,
    0.4102246977647281,
    0.11089925452972926,
    0.5340943958145716,
    0.46091629746041823,
    0.5442350362139436
  ],
  "cst_lower": [
    0.10536070148303106,
    -0.18874603909754956,
    -0.27561892803082133,
    -0.19643357122465555,
    -0.14888287955790322,
    0.003978342126647105,
    -0.03733857311486094,
    0.06570225817245151,
    0.3,
    -0.13581523891435549
  ]
}