{
  "upper_weights": [
    0.2047072199432905,
    0.3792010455761656,
    0.4712625072536008,
    0.4331675071377436,
    0.027921689203012523,
    0.15655867023607162,
    0.5358177005103419,
    0.3501069517172651
  ],
  "lower_weights": [
    0.10998918704778898,
    0.29268112643548777,
    0.3,
    -0.25489068174428203,
    -0.16241014578596463,
    0.1775959876236043,
    0.2034331670902007,
    -0.007742052433482749
  ],
  "leading_edge_weight": 0.18175560998050533,
  "TE_thickness": 0.004887588766872435,
  "name": "design"
}