{
  "upper_weights": [
    0.44901873873146386,
    0.6,
    0.19598410417389553,
    0.5440392850247934,
    0.3533638936419168,
    0.09759308888443996,
    0.4727726545676276,
    0.5424193914379316
  ],
  "lower_weights": [
    0.15653650339124572,
    0.3,
    0.16905549129859437,
    -0.13049049907108667,
    -0.2596156987757831,
    0.2488131346096753,
    0.3,
    0.22819402993892682
  ],
  "leading_edge_weight": -0.2545041662217815,
  "TE_thickness": 0.004523269628548699,
  "name": "design"
}