{
  "design_name": "Vortex_Flow_Explorer_2410",
  "design_params": {
    "le_sweep_deg": 65.62815005097384,
    "root_chord_in": 43.62815052935867,
    "twist_root_deg": -6.603345341693587,
    "twist_tip_deg": -1.3278109616228169,
    "dihedral_deg": 13.424560380318038,
    "naca": {
      "m": 0,
      "p": 0,
      "t": 8,
      "chord_length": 1.0
    }
  },
  "sim_conditions": {
    "aoa_deg": 10.0,
    "mach": 0.3,
    "reynolds": 3000000.0
  },
  "vlm_results": {
    "CL": 0.20333186630689098,
    "CDi": 0.020364101945661076,
    "CM": -0.1938035734895111,
    "L_D": 9.984818719207716
  },
  "corrected_results": {
    "CL": -0.0813609155759396,
    "CDi": -0.008271071540878498,
    "CM": 0.14707582502419259,
    "L_D": 9.836804720383059
  }
}