{
  "upper_weights": [
    0.07694250263563218,
    0.1749102668730506,
    0.19629371920797378,
    0.3490173575572736,
    0.05233337155245084,
    0.09037060957402318,
    0.27968328367242523,
    0.11899838178983067
  ],
  "lower_weights": [
    -0.09887204243517461,
    -0.2288416928546663,
    -0.24311603126027576,
    -0.17428882422352138,
    -0.02316694899273255,
    -0.2063675075802803,
    0.10458660827111133,
    -0.09523906151586845
  ],
  "leading_edge_weight": 0.4312821815801249,
  "TE_thickness": 0.0,
  "name": "HPA_HighCamber_SmoothRecov"
}