{
  "upper_weights": [
    -0.05077005846457744,
    0.31108243799235297,
    0.06301568622711323,
    0.3250597761047243,
    -0.3,
    0.4210824105840781,
    0.5999999999999999,
    -0.3
  ],
  "lower_weights": [
    0.059396779143896905,
    0.29708942516655495,
    -0.13951494532929493,
    0.3,
    0.23409578751467447,
    0.053902850407167024,
    0.3,
    0.3
  ],
  "leading_edge_weight": 0.5,
  "TE_thickness": 0.0,
  "name": "iter_0099"
}