{
  "design_name": "Exploit_LowSweep_LargeChord_ThinNACA",
  "design_params": {
    "le_sweep_deg": 45.0,
    "root_chord_in": 25.734,
    "twist_root_deg": 0.0,
    "twist_tip_deg": 0.0,
    "dihedral_deg": 0.0,
    "naca": {
      "m": 4,
      "p": 4,
      "t": 7,
      "chord_length": 1.0
    }
  },
  "sim_conditions": {
    "aoa_deg": 0.0,
    "mach": 0.3,
    "reynolds": 3000000.0
  },
  "vlm_results": {
    "CL": 0.26189172022011176,
    "CDi": 0.013847645550182723,
    "CM": -0.3136516696609818,
    "L_D": 18.912364507817436
  },
  "corrected_results": {
    "CL": 0.20350697462097447,
    "CDi": 0.01020170421843452,
    "CM": -0.24226194759454547,
    "L_D": 19.948331206587678
  }
}