{
  "upper_weights": [
    0.1579525544512484,
    0.15478009253223246,
    0.5549386258768423,
    0.03570453065799778,
    -0.3,
    0.06108325224199551,
    0.5999999999999999,
    0.08216428758186778
  ],
  "lower_weights": [
    0.07553592925082092,
    0.23136532654719416,
    0.3,
    0.3,
    -0.20115472050703542,
    0.3,
    0.3,
    0.15851679521658185
  ],
  "leading_edge_weight": 0.5,
  "TE_thickness": 0.0,
  "name": "design"
}