{
  "upper_weights": [
    0.3324041081126023,
    0.25519601864879177,
    0.3021953052985937,
    0.3989381710097742,
    0.34927769371553147,
    0.3682570518330191,
    0.2937338908265778,
    0.31527606054446405
  ],
  "lower_weights": [
    0.08141345950825885,
    0.1620624548135231,
    0.15560998080203348,
    0.13821829440209488,
    0.15716449113961245,
    0.07271693571563681,
    0.15534731180285766,
    0.09414424879638394
  ],
  "leading_edge_weight": 0.10715876974406724,
  "TE_thickness": 0.007230189362207195,
  "_score": 206.77726892152742
}