{
  "design_name": "LowSweepSymmetricDihedral",
  "design_params": {
    "le_sweep_deg": 53.111224729645336,
    "root_chord_in": 16.591382956799475,
    "twist_root_deg": 3.87560650605366,
    "twist_tip_deg": 0.5600033289552973,
    "dihedral_deg": 3.75275506859201,
    "naca": {
      "m": 0,
      "p": 0,
      "t": 11,
      "chord_length": 1.0
    }
  },
  "sim_conditions": {
    "aoa_deg": 10.0,
    "mach": 0.3,
    "reynolds": 3000000.0
  },
  "vlm_results": {
    "CL": 0.7591882575223853,
    "CDi": 0.16847332633959816,
    "CM": -0.6556922543657145,
    "L_D": 4.506281641237737
  },
  "corrected_results": {
    "CL": 0.38147319023787074,
    "CDi": 0.08583328785811373,
    "CM": -0.36893906418896844,
    "L_D": 4.444350202085501
  }
}