{
  "upper_weights": [
    0.08243302567381378,
    0.1555839624960948,
    0.21903837146353394,
    0.5218683927070735,
    0.1174892891390859,
    0.5942194830864012,
    0.44041441686516,
    0.09118949910380864
  ],
  "lower_weights": [
    -0.03898335954033372,
    0.2909788219729936,
    -0.07065908483210048,
    0.027759813334469308,
    0.2855199079908342,
    -0.09564991332052558,
    0.29924304553726916,
    0.1579812585723691
  ],
  "leading_edge_weight": 0.41795768058347516,
  "TE_thickness": 0.0014345583097924736,
  "name": "iter_00495"
}