{
  "upper_weights": [
    0.43436535769588686,
    0.5152286380630577,
    0.5602643201383948,
    0.5202708777913603,
    0.34959484456714024,
    0.16700011903992146,
    0.13864061603261202,
    0.250567932752001
  ],
  "lower_weights": [
    -0.3,
    -0.26522003821051254,
    -0.2120706718339541,
    -0.11625103226529743,
    -0.04284150776713985,
    -0.05508886873361535,
    -0.10853436110835493,
    -0.1523620742867721
  ],
  "leading_edge_weight": -0.016848260589938213,
  "TE_thickness": 0.005064648596516145,
  "name": "iter_0323"
}