{
  "SA": 34.358343522619954,
  "AR": 9.73021435689389,
  "TR": 0.2576255772297526,
  "kink": 0.389923355390767,
  "rootadj": 0.49926254506511547,
  "DA_kink": 3.4567200886033143,
  "DA_tip": 5.231401920397409,
  "t_root": 0.1534380838849373,
  "r_t2": 0.6336179519483967,
  "r_t3": 0.9399435873391654,
  "r_t4": 0.9678653309228346,
  "r_d1": 0.544828345266062,
  "r_d2": 0.7096817736498852,
  "r_d4": 0.28632859941708805,
  "tw1": -2.908173770228917,
  "tw2": -3.055302983619097,
  "tw3": -1.934790127052041,
  "tw4": -2.224631483236288,
  "cst_upper": [
    0.1826127508527689,
    0.12394611081559638,
    0.17661276395623438,
    0.14944773992324215,
    0.05760506581808238,
    0.20792759164854702,
    0.2815272994474709,
    0.20317276979595983,
    0.3275347354731217,
    0.25179387198956404
  ],
  "cst_lower": [
    -0.13318817143558953,
    -0.10215863027366448,
    -0.140421544737622,
    -0.21030340504356565,
    -0.08419807698635252,
    -0.22603540482215084,
    -0.06593175079206291,
    -0.10794284873723281,
    -0.15494028607844865,
    -0.16966415348269992
  ],
  "_score": -0.024775588503881174
}