{
  "upper_weights": [
    0.26278157110980643,
    0.1255236280770155,
    0.0020243215436880286,
    0.020645523538186657,
    0.019652512277065756,
    1.717867927505945e-06,
    0.07806618299330634,
    0.01430765614131467
  ],
  "lower_weights": [
    -0.1802057446746968,
    -0.20408804165933134,
    -0.12235583137423642,
    -0.11981880325126468,
    -0.22611696561194086,
    -0.23139403070683467,
    -0.24333191655120073,
    -0.3
  ],
  "leading_edge_weight": 0.5,
  "TE_thickness": 0.004581026013931525,
  "name": "design"
}