{
  "upper_weights": [
    0.5632141291555814,
    0.4643165296208716,
    0.5900489766429253,
    0.5955335602423937,
    0.3352239885451184,
    0.27320263793392424,
    0.14485026255882327,
    0.5441859459136191
  ],
  "lower_weights": [
    -0.13781745027464398,
    0.1609777359077606,
    0.0647968508976633,
    0.2987125933610952,
    0.2993897038427828,
    0.2649588113543028,
    0.2998264542455344,
    0.2969380237928841
  ],
  "leading_edge_weight": -0.12941831273771065,
  "TE_thickness": 0.009936549220861941,
  "name": "iter_00688"
}