{
  "name": "design",
  "mach": 0.82,
  "aoa": 3.0,
  "SA": 38.867712223147144,
  "AR": 11.0,
  "TR": 0.37872328397215976,
  "kink": 0.42,
  "rootadj": 1.1,
  "DA_kink": 4.656310352621782,
  "DA_tip": 5.019146591751532,
  "t_root": 0.15086199592699778,
  "r_t2": 0.6094810084779714,
  "r_t3": 0.957024005357336,
  "r_t4": 0.961172410523529,
  "r_d1": 0.7927273066012621,
  "r_d2": 0.8168633520176332,
  "r_d4": 0.6185546493926027,
  "tw1": -2.0,
  "tw2": -2.0,
  "tw3": -1.0,
  "tw4": -1.7660200466561806,
  "cst_upper": [
    0.09207963839889666,
    0.3976008244909735,
    0.005028109605474118,
    0.3573125627216845,
    0.12184275480246842,
    0.2034738274658458,
    0.18235880762274898,
    0.2922031272472942,
    0.10525943358977169,
    0.41354644876708374
  ],
  "cst_lower": [
    0.05230059165650991,
    -0.29990383388603814,
    0.09689044864957164,
    -0.16938250502613397,
    -0.13630950690624657,
    0.09485013554811728,
    0.14087511826107096,
    -0.28165413710940895,
    0.11806117611412353,
    0.2993684786473468
  ]
}