{
  "SA": 34.30370422200604,
  "AR": 10.170695724295186,
  "TR": 0.3017640663862282,
  "kink": 0.3863106059712221,
  "rootadj": 0.6407957779114968,
  "DA_kink": 3.957569182920916,
  "DA_tip": 4.909631048612862,
  "t_root": 0.15031514597288956,
  "r_t2": 0.6370758192284324,
  "r_t3": 0.9551503856185806,
  "r_t4": 0.9483335874394029,
  "r_d1": 0.5591735202700387,
  "r_d2": 0.7621449573430576,
  "r_d4": 0.515042426215196,
  "tw1": -2.6650514505249685,
  "tw2": -3.1701055925252373,
  "tw3": -1.904502239470434,
  "tw4": -2.417985129173306,
  "cst_upper": [
    0.04559044243890646,
    0.09759075071407583,
    0.020419902696613684,
    0.11558681140909219,
    0.10984607530401055,
    0.07974152759580254,
    0.157253902192718,
    0.08535431633205115,
    0.24477011620669326,
    0.24641628117101222
  ],
  "cst_lower": [
    0.0034451176841216674,
    -0.07897572792092519,
    -0.059381862168615504,
    -0.02327082672958395,
    -0.05532373167848121,
    -0.05078345882769236,
    -0.09183784877135269,
    -0.05351509380445349,
    -0.03412688962149609,
    -0.08363748731714085
  ],
  "_score": 12.889105390668728
}