{
  "upper_weights": [
    0.5620977564291953,
    0.29518203247115987,
    0.31406665644647797,
    -0.03997442065215778,
    0.13367758347672914,
    -0.2892425524851225,
    0.2468273444595857,
    0.018693474051033276
  ],
  "lower_weights": [
    0.28142483155698833,
    -0.1801861171814818,
    0.2957086836361102,
    -0.0295460167332251,
    0.03481334848219836,
    0.23317575637805693,
    0.08798652041828142,
    -0.014982404320194875
  ],
  "leading_edge_weight": 0.289100434372476,
  "TE_thickness": 0.007068578974719096,
  "name": "iter_00000"
}