{
  "B1": 100.0,
  "B2": 116.36124581827988,
  "B3": 700.0,
  "C2": 697.4155797755373,
  "C3": 276.3184154332629,
  "C4": 60.0,
  "S1": 40.0,
  "S2": 60.0,
  "S3": 40.0,
  "alpha": 0.19784051444575354,
  "name": "design"
}