{
  "upper_weights": [
    0.16259862644457276,
    0.31892670294837605,
    0.31335070216333916,
    0.22224176607536655,
    0.0835865106290904,
    -0.01932134132128178,
    -0.07300866890256125,
    -0.13689586195166367
  ],
  "lower_weights": [
    -0.12579101257443764,
    -0.06135274741412321,
    -0.08914121939093135,
    -0.17043576759893989,
    -0.29362946043918553,
    -0.244638318006791,
    -0.27801833096855805,
    -0.26734510072773304
  ],
  "leading_edge_weight": 0.24819036015894524,
  "TE_thickness": 0.00014695359354628378,
  "name": "ReflexWing_Hybrid_V1"
}