{
  "upper_weights": [
    0.4803389244954584,
    0.426928157967772,
    0.39748012997103815,
    0.20883615633720648,
    0.06259301984729215,
    -0.099149842348743,
    -0.15743515403321184,
    -0.16117771178529103
  ],
  "lower_weights": [
    -0.11355112626525934,
    -0.008838315422187604,
    0.011512515846305194,
    -0.07154774590566282,
    -0.0916873338636747,
    -0.13395827032767346,
    -0.22204746129178943,
    -0.2935442019586931
  ],
  "leading_edge_weight": -0.05156076968626727,
  "TE_thickness": 0.005696031734338466,
  "name": "design"
}