{
  "upper_weights": [
    0.13312912456467757,
    0.12570604144476288,
    0.11465920598263363,
    0.059352841096273146,
    0.15421662970559546,
    0.3414786005991384,
    0.3966436751508456,
    0.5420389311135447
  ],
  "lower_weights": [
    -0.26886067110814127,
    -0.2844990930230626,
    -0.2828463220064455,
    -0.19761287900690286,
    -0.21058732155038773,
    -0.12975466351907702,
    -0.07318498900131515,
    -0.04323073498701169
  ],
  "leading_edge_weight": 0.41122291609479034,
  "TE_thickness": 0.0036405375630889575,
  "name": "iter_00687"
}