{
  "upper_weights": [
    0.3434460435680398,
    0.23326596781243938,
    0.18084936406213056,
    0.19998658674566733,
    0.23512920719530034,
    0.20288832422466138,
    0.11905041931719224,
    0.1933350870709444
  ],
  "lower_weights": [
    -0.1458628575050762,
    -0.20552616806503715,
    -0.2387527998336116,
    -0.12872845253056192,
    0.025476780902286437,
    0.03458158110466911,
    -0.03666913206500362,
    -0.017261702752703886
  ],
  "leading_edge_weight": 0.16495643300431656,
  "TE_thickness": 0.009487299635317616,
  "name": "HPA_HighLift_RefinedRecovery_001"
}