{
  "upper_weights": [
    0.2013828533472058,
    0.3514976146390765,
    0.35266521054974637,
    0.18596655403103612,
    0.11923922974651147,
    0.036877177419690266,
    -0.07501360824792677,
    -0.07746644780098963
  ],
  "lower_weights": [
    -0.3,
    -0.11489872809581661,
    -0.04333643480720073,
    -0.05268379573929913,
    -0.13597631924063638,
    -0.14865105686016122,
    -0.18275737758965802,
    -0.18575177302666004
  ],
  "leading_edge_weight": -0.16641420901676562,
  "TE_thickness": 0.002554618370920091,
  "name": "design"
}