{
  "design_name": "LowSweepHighChordPositiveTwistThin",
  "design_params": {
    "le_sweep_deg": 46.37145556995385,
    "root_chord_in": 49.43629829124609,
    "twist_root_deg": -4.6661919399772405,
    "twist_tip_deg": -1.890683496399432,
    "dihedral_deg": 12.292611005242792,
    "naca": {
      "m": 2,
      "p": 4,
      "t": 11,
      "chord_length": 1.0
    }
  },
  "sim_conditions": {
    "aoa_deg": 10.0,
    "mach": 0.3,
    "reynolds": 3000000.0
  },
  "vlm_results": {
    "CL": 0.5104584214908701,
    "CDi": 0.044949463713873566,
    "CM": -0.4911169883083106,
    "L_D": 11.356273897731022
  },
  "corrected_results": {
    "CL": -0.038187425825269634,
    "CDi": -0.016183894882775957,
    "CM": 0.1255640676713777,
    "L_D": 2.35959428196184
  }
}