{
  "upper_weights": [
    0.04188798757083645,
    0.22170695586920164,
    0.29363789253748046,
    0.21628334387421,
    0.31216855919216807,
    0.36576484815691335,
    0.34630073474806383,
    0.26360321562432676
  ],
  "lower_weights": [
    0.04608331537229671,
    0.09899977633432328,
    0.0774370214001382,
    -0.06696479561761018,
    0.012840551540019174,
    -0.0177057229902417,
    -0.006087619167611191,
    -0.021509295405864826
  ],
  "leading_edge_weight": 0.325713522103552,
  "TE_thickness": 0.003949711907561483,
  "_score": 107.56845031544232
}