{
  "design_name": "Moderate Sweep Aggressive Washout",
  "design_params": {
    "le_sweep_deg": 69.7485376484294,
    "root_chord_in": 34.88765386427891,
    "twist_root_deg": -7.730989665194349,
    "twist_tip_deg": -10.0,
    "dihedral_deg": -5.900922869569385,
    "naca": {
      "m": 4,
      "p": 4,
      "t": 14,
      "chord_length": 1.0
    }
  },
  "sim_conditions": {
    "aoa_deg": 10.0,
    "mach": 0.3,
    "reynolds": 3000000.0
  },
  "vlm_results": {
    "CL": 0.1309441181371088,
    "CDi": 0.016755547582189733,
    "CM": -0.18852757341037715,
    "L_D": 7.814970981688209
  },
  "corrected_results": {
    "CL": -0.004595003849760686,
    "CDi": 0.0007495152038506081,
    "CM": 0.008805057031301255,
    "L_D": -6.130634610417526
  }
}