{
  "upper_weights": [
    0.34326406000624604,
    0.3467501838335176,
    0.38296005586698334,
    0.4465256293288987,
    0.4420214135766929,
    0.3286591109375033,
    0.2830492913438247,
    0.1754849049551437
  ],
  "lower_weights": [
    -0.12548838760088724,
    -0.04913759626485741,
    -0.047430085327908655,
    0.06216424944868793,
    0.047397194495141876,
    0.056467743922291425,
    0.010669730105322062,
    0.06360783389098361
  ],
  "leading_edge_weight": 0.16053211995560263,
  "TE_thickness": 0.0060881991871842974,
  "name": "design"
}