{
  "upper_weights": [
    0.15770234847087583,
    0.10807553266201791,
    0.15780375998655743,
    0.1587690268990098,
    0.08222690981521247,
    0.02150296114742245,
    -0.0886009842659719,
    -0.11814596122989346
  ],
  "lower_weights": [
    -0.16928733429395676,
    -0.26822734988427116,
    -0.3,
    -0.2554037327567658,
    -0.2590488574766885,
    -0.3,
    -0.3,
    -0.3
  ],
  "leading_edge_weight": 0.5,
  "TE_thickness": 0.01,
  "name": "iter_0194"
}