{
  "upper_weights": [
    0.3505651870480817,
    0.392969627334809,
    0.34161199379225066,
    0.21379508156721522,
    0.12615655997092562,
    0.027083157275756546,
    0.05086079027064407,
    -0.03173678638028792
  ],
  "lower_weights": [
    -0.14270640781044303,
    -0.0899581066608519,
    -0.06837781717353696,
    0.004089832458664417,
    -0.015130232776702987,
    -0.06451293686192563,
    -0.1032868120306995,
    -0.1775830527286289
  ],
  "leading_edge_weight": 0.2768619691205428,
  "TE_thickness": 0.0024642178971458957,
  "name": "design"
}