{
  "design_name": "HighSweep_ModTwist_NACA4410",
  "design_params": {
    "le_sweep_deg": 62.72291996688241,
    "root_chord_in": 36.92189620706656,
    "twist_root_deg": -7.7512655382838,
    "twist_tip_deg": -7.396516445357922,
    "dihedral_deg": -4.293462878263597,
    "naca": {
      "m": 4,
      "p": 4,
      "t": 9,
      "chord_length": 1.0
    }
  },
  "sim_conditions": {
    "aoa_deg": 10.0,
    "mach": 0.3,
    "reynolds": 3000000.0
  },
  "vlm_results": {
    "CL": 0.22980646945814154,
    "CDi": 0.01888135365482905,
    "CM": -0.2798949938140412,
    "L_D": 12.171080191560673
  },
  "corrected_results": {
    "CL": 0.03568457334260152,
    "CDi": -0.0014840918753750325,
    "CM": -0.021775167371394375,
    "L_D": -24.04471982813326
  }
}