{
  "design_name": "LowSweep_TipWashout_NACA2410",
  "le_sweep": 51.26137222174163,
  "root_chord_in": 30.766785576480377,
  "twist_root": -7.490817287205348,
  "twist_tip": -10.0,
  "dihedral": 5.2176982042805085,
  "naca": {
    "m": 0,
    "p": 0,
    "t": 10,
    "chord_length": 1.0
  }
}