{
  "design_name": "Exploit_Design1_Refined",
  "le_sweep": 68.56181125695724,
  "root_chord_in": 43.83907291148592,
  "twist_root": -10.0,
  "twist_tip": -9.43584204028357,
  "dihedral": -0.5094779150191941,
  "naca": {
    "m": 4,
    "p": 4,
    "t": 15,
    "chord_length": 1.0
  }
}