{
  "design_name": "CamberedHighSweepWashout",
  "le_sweep": 67.0664998004355,
  "root_chord_in": 36.19126624683024,
  "twist_root": -9.727103053926408,
  "twist_tip": -5.804788023306287,
  "dihedral": 3.635469961005005,
  "naca": {
    "m": 4,
    "p": 4,
    "t": 8,
    "chord_length": 1.0
  }
}