{
  "design_name": "AggressiveWashout_HighSweep_ThinCamber",
  "le_sweep": 65.22004066220381,
  "root_chord_in": 38.60378306290461,
  "twist_root": -10.0,
  "twist_tip": -9.513009593382774,
  "dihedral": 9.569451148671082,
  "naca": {
    "m": 4,
    "p": 4,
    "t": 11,
    "chord_length": 1.0
  }
}