{
  "design_name": "Exploit_Washout_Camber_Sweep",
  "le_sweep": 70.87175279866166,
  "root_chord_in": 36.13932065266053,
  "twist_root": -7.1037731910416575,
  "twist_tip": -10.0,
  "dihedral": 4.256826814201523,
  "naca": {
    "m": 4,
    "p": 4,
    "t": 9,
    "chord_length": 1.0
  }
}