{
  "design_name": "Exploit_Refined_Washout_NACA4410",
  "le_sweep": 64.37714660271388,
  "root_chord_in": 38.52873119349129,
  "twist_root": -9.83896566445208,
  "twist_tip": -4.4328835020904656,
  "dihedral": 0.8074823060259639,
  "naca": {
    "m": 4,
    "p": 4,
    "t": 11,
    "chord_length": 1.0
  }
}