{
  "design_name": "Hybrid_Vortex_Twist_Delta",
  "le_sweep": 66.36519833986907,
  "root_chord_in": 41.396993626010314,
  "twist_root": -10.0,
  "twist_tip": -0.9197027567915974,
  "dihedral": 2.63886046352777,
  "naca": {
    "m": 4,
    "p": 4,
    "t": 15,
    "chord_length": 1.0
  }
}