{
  "design_name": "Hybrid_Camber_ModerateWashout",
  "le_sweep": 62.84583677752287,
  "root_chord_in": 38.71476778982855,
  "twist_root": -10.0,
  "twist_tip": -7.077760742269008,
  "dihedral": -1.1529964483699395,
  "naca": {
    "m": 0,
    "p": 0,
    "t": 16,
    "chord_length": 1.0
  }
}