{
  "design_name": "Exploitation Delta Refinement",
  "le_sweep": 64.73254630980578,
  "root_chord_in": 31.21492350343739,
  "twist_root": -3.4763149756437652,
  "twist_tip": -3.302512993913603,
  "dihedral": -6.053444814712212,
  "naca": {
    "m": 4,
    "p": 4,
    "t": 12,
    "chord_length": 1.0
  }
}