{
  "design_name": "Exploitation_Cambered_Twist",
  "le_sweep": 59.05500128532767,
  "root_chord_in": 38.749549582016186,
  "twist_root": -10.0,
  "twist_tip": -1.544530266496296,
  "dihedral": -8.390114908153443,
  "naca": {
    "m": 4,
    "p": 4,
    "t": 13,
    "chord_length": 1.0
  }
}