{
  "design_name": "Hybrid_CamberTwist_LargeChord_Thin",
  "le_sweep": 63.56993908830374,
  "root_chord_in": 39.52207022800914,
  "twist_root": -7.954052816728179,
  "twist_tip": -0.04096589502718739,
  "dihedral": 4.969526389148333,
  "naca": {
    "m": 2,
    "p": 4,
    "t": 12,
    "chord_length": 1.0
  }
}