{
  "design_name": "HighSweepAggressiveWashoutAnhedral4410",
  "le_sweep": 63.79215179223182,
  "root_chord_in": 42.32835492921419,
  "twist_root": -6.691581850044425,
  "twist_tip": -7.088203112581223,
  "dihedral": -7.036231427433844,
  "naca": {
    "m": 2,
    "p": 4,
    "t": 9,
    "chord_length": 1.0
  }
}