{
  "design_name": "HighSweepAggressiveTipWashoutCamber",
  "le_sweep": 70.93739907058769,
  "root_chord_in": 37.28207679219426,
  "twist_root": -7.733800776245063,
  "twist_tip": -10.0,
  "dihedral": -3.135111574851165,
  "naca": {
    "m": 2,
    "p": 4,
    "t": 12,
    "chord_length": 1.0
  }
}