{
  "design_name": "LowSweep_HighChord_SymmAirfoil_Dihedral",
  "le_sweep": 55.32388316185731,
  "root_chord_in": 50.0,
  "twist_root": -2.6156696359843683,
  "twist_tip": -8.777301977494558,
  "dihedral": 7.312759203388702,
  "naca": {
    "m": 0,
    "p": 0,
    "t": 15,
    "chord_length": 1.0
  }
}