{
  "design_name": "HighSweep_MaxCamber_AggressiveWashout",
  "le_sweep": 76.5176230413981,
  "root_chord_in": 34.14433613305561,
  "twist_root": -10.0,
  "twist_tip": -5.170985736327254,
  "dihedral": -0.7677380681925827,
  "naca": {
    "m": 4,
    "p": 4,
    "t": 14,
    "chord_length": 1.0
  }
}