{
  "design_name": "SweptVortexOptimizer_NACA2412",
  "le_sweep": 73.47019725684802,
  "root_chord_in": 42.66618430639011,
  "twist_root": -9.936740593194664,
  "twist_tip": -4.594361263209042,
  "dihedral": -4.831317938342708,
  "naca": {
    "m": 0,
    "p": 0,
    "t": 9,
    "chord_length": 1.0
  }
}