{
  "design_name": "LowSweep_LargeChord_RootWashIn",
  "le_sweep": 56.68800590887267,
  "root_chord_in": 46.40698488119904,
  "twist_root": 4.532215739865428,
  "twist_tip": -4.82663142768649,
  "dihedral": 6.065571710444007,
  "naca": {
    "m": 4,
    "p": 4,
    "t": 9,
    "chord_length": 1.0
  }
}