{
  "design_name": "Exploit_RefinedWashout_SweepUp_NACA4410",
  "le_sweep": 66.91836267992437,
  "root_chord_in": 41.738571524014375,
  "twist_root": -7.21979268770236,
  "twist_tip": 0.044932805045176494,
  "dihedral": -7.253579363853816,
  "naca": {
    "m": 2,
    "p": 4,
    "t": 7,
    "chord_length": 1.0
  }
}