{
  "design_name": "HighSweep_LargeChord_ZeroRootTwist_ThinAirfoil",
  "le_sweep": 72.69868005877339,
  "root_chord_in": 42.723348160198185,
  "twist_root": -1.8491026293435575,
  "twist_tip": 1.46602202893191,
  "dihedral": 15.0,
  "naca": {
    "m": 4,
    "p": 4,
    "t": 10,
    "chord_length": 1.0
  }
}