{
  "design_name": "Exploit_Design1_Refined_Washout_Camber",
  "le_sweep": 62.15592813608804,
  "root_chord_in": 28.39975591501576,
  "twist_root": -4.743237794527745,
  "twist_tip": -8.724421900311004,
  "dihedral": -10.399688026380836,
  "naca": {
    "m": 4,
    "p": 4,
    "t": 7,
    "chord_length": 1.0
  }
}