{
  "design_name": "HighSweep_PositiveRootTwist_ThickCamber",
  "le_sweep": 76.14682916051396,
  "root_chord_in": 49.96691445058028,
  "twist_root": 3.088569928975988,
  "twist_tip": -10.0,
  "dihedral": 0.13838919091536472,
  "naca": {
    "m": 4,
    "p": 4,
    "t": 19,
    "chord_length": 1.0
  }
}