{
  "design_name": "MidSweepHighCamberTipWashout",
  "le_sweep": 55.88126382159983,
  "root_chord_in": 44.78984580690256,
  "twist_root": -2.641618016325337,
  "twist_tip": -10.0,
  "dihedral": 15.0,
  "naca": {
    "m": 4,
    "p": 0,
    "t": 13,
    "chord_length": 1.0
  }
}