{
  "design_name": "CamberedWashoutHighSweep",
  "le_sweep": 63.80186605866261,
  "root_chord_in": 31.86915580644419,
  "twist_root": -8.774863851265202,
  "twist_tip": -7.025005013078848,
  "dihedral": 1.0643642541642369,
  "naca": {
    "m": 4,
    "p": 4,
    "t": 13,
    "chord_length": 1.0
  }
}