{
  "design_name": "Exploitation_Delta_TwistOptimized",
  "le_sweep": 64.77832270053915,
  "root_chord_in": 34.170265205471246,
  "twist_root": -9.778604681029169,
  "twist_tip": -0.916213869876719,
  "dihedral": 1.4905622216169645,
  "naca": {
    "m": 4,
    "p": 4,
    "t": 10,
    "chord_length": 1.0
  }
}