{
  "design_name": "HybridVortexWashout",
  "le_sweep": 66.6636294589949,
  "root_chord_in": 37.14833113518495,
  "twist_root": -10.0,
  "twist_tip": -4.829258514323849,
  "dihedral": -10.347406774694644,
  "naca": {
    "m": 2,
    "p": 4,
    "t": 16,
    "chord_length": 1.0
  }
}