{
  "design_name": "HighSweep_MaxCamber_ExtremeWashout_Thin",
  "le_sweep": 71.51039731543345,
  "root_chord_in": 28.71000921696186,
  "twist_root": -10.0,
  "twist_tip": -8.38989900603714,
  "dihedral": 2.4255975239328222,
  "naca": {
    "m": 4,
    "p": 4,
    "t": 6,
    "chord_length": 1.0
  }
}