{
  "design_name": "CamberedWashoutMidHighSweepThin",
  "le_sweep": 68.83673427468969,
  "root_chord_in": 40.996539195127276,
  "twist_root": -10.0,
  "twist_tip": -0.09473714497632368,
  "dihedral": 1.8437149355181681,
  "naca": {
    "m": 4,
    "p": 4,
    "t": 6,
    "chord_length": 1.0
  }
}