{
  "design_name": "HighSweep_AggressiveWashout_NACA4410",
  "le_sweep": 65.88767516013303,
  "root_chord_in": 24.02127410244655,
  "twist_root": -9.546398541041716,
  "twist_tip": -3.4034886597107636,
  "dihedral": 4.162759212472258,
  "naca": {
    "m": 2,
    "p": 0,
    "t": 9,
    "chord_length": 1.0
  }
}