{
  "design_name": "SweptCamberedWashout_Thinner",
  "le_sweep": 67.74376651308273,
  "root_chord_in": 30.833990177629957,
  "twist_root": -9.568525987166698,
  "twist_tip": -7.26469704828825,
  "dihedral": -5.729762049756708,
  "naca": {
    "m": 4,
    "p": 4,
    "t": 8,
    "chord_length": 1.0
  }
}