{
  "design_name": "Exploitation_D1_Refinement_SlightlyThinner",
  "le_sweep": 66.4128619357443,
  "root_chord_in": 36.439158720449214,
  "twist_root": -9.401497725096378,
  "twist_tip": -2.4886816034026946,
  "dihedral": -1.1016609162021915,
  "naca": {
    "m": 2,
    "p": 4,
    "t": 12,
    "chord_length": 1.0
  }
}