{
  "design_name": "LowSweep_Symmetric_Thin_LargeChord",
  "le_sweep": 52.47561220070215,
  "root_chord_in": 45.08410520663433,
  "twist_root": -8.398380212076564,
  "twist_tip": -0.9703875756458027,
  "dihedral": -0.31818345419705185,
  "naca": {
    "m": 0,
    "p": 0,
    "t": 7,
    "chord_length": 1.0
  }
}