{
  "design_name": "Exp_InverseWashout_Sweep60_NACA4409",
  "le_sweep": 57.628977392737916,
  "root_chord_in": 37.528771145834064,
  "twist_root": -7.2630983079180655,
  "twist_tip": 5.406648745707164,
  "dihedral": 7.491248777013153,
  "naca": {
    "m": 2,
    "p": 4,
    "t": 7,
    "chord_length": 1.0
  }
}