{
  "design_name": "Cambered_HighSweep_BalancedWashout_Thin",
  "le_sweep": 68.05676289302448,
  "root_chord_in": 40.937819244066,
  "twist_root": -5.978163743612214,
  "twist_tip": -9.532690537180125,
  "dihedral": 5.022285359871517,
  "naca": {
    "m": 4,
    "p": 4,
    "t": 11,
    "chord_length": 1.0
  }
}