{
  "design_name": "Exploit_D1_Camber_Sweep_Twist",
  "le_sweep": 71.29623418546728,
  "root_chord_in": 38.07738950999221,
  "twist_root": -10.0,
  "twist_tip": -1.4572420323557247,
  "dihedral": 4.2467258925774685,
  "naca": {
    "m": 4,
    "p": 4,
    "t": 7,
    "chord_length": 1.0
  }
}