{
  "design_name": "HighSweep_ModTwist_PosDihedral_NACA4414",
  "le_sweep": 75.9279740547399,
  "root_chord_in": 39.19171401280473,
  "twist_root": -9.5302978252928,
  "twist_tip": 3.010175750973163,
  "dihedral": 2.03442059545818,
  "naca": {
    "m": 2,
    "p": 0,
    "t": 15,
    "chord_length": 1.0
  }
}