{
  "design_name": "HighCamber_TwistDiff_MidSweep",
  "le_sweep": 60.8869047057154,
  "root_chord_in": 34.45974172435582,
  "twist_root": -7.469291647152522,
  "twist_tip": -0.24155022831883954,
  "dihedral": -0.2328772720075034,
  "naca": {
    "m": 4,
    "p": 4,
    "t": 11,
    "chord_length": 1.0
  }
}