{
  "design_name": "CamberedSweepOpt_StrongTwistGradient",
  "le_sweep": 67.35184807080412,
  "root_chord_in": 36.85242546589373,
  "twist_root": -10.0,
  "twist_tip": 0.5187138634647384,
  "dihedral": -3.355441636742424,
  "naca": {
    "m": 4,
    "p": 4,
    "t": 9,
    "chord_length": 1.0
  }
}