{
  "design_name": "HighSweep_AggressiveWashout_NACA2410",
  "le_sweep": 70.22042055941981,
  "root_chord_in": 41.80758345795114,
  "twist_root": -1.6336056578038156,
  "twist_tip": -4.692845733028851,
  "dihedral": 6.459122933769108,
  "naca": {
    "m": 0,
    "p": 0,
    "t": 10,
    "chord_length": 1.0
  }
}