{
  "design_name": "HighSweep_SmallChord_ThinAirfoil_Dihedral",
  "le_sweep": 71.58515849031893,
  "root_chord_in": 12.239367007236966,
  "twist_root": -6.995730789820815,
  "twist_tip": -10.0,
  "dihedral": 11.574210862378019,
  "naca": {
    "m": 0,
    "p": 0,
    "t": 7,
    "chord_length": 1.0
  }
}