{
  "design_name": "HighSweepCamberThinWashout",
  "le_sweep": 74.27965397235404,
  "root_chord_in": 42.49493500255882,
  "twist_root": -6.971073328948538,
  "twist_tip": -7.937054920088597,
  "dihedral": -15.0,
  "naca": {
    "m": 4,
    "p": 4,
    "t": 7,
    "chord_length": 1.0
  }
}