{
  "design_name": "Refined Washout Anhedral Delta",
  "le_sweep": 68.8825401427711,
  "root_chord_in": 32.040522674418035,
  "twist_root": -4.3350852076078645,
  "twist_tip": -0.75987126878077,
  "dihedral": -10.91887253385442,
  "naca": {
    "m": 2,
    "p": 4,
    "t": 11,
    "chord_length": 1.0
  }
}