{
  "design_name": "SweptCamberWashoutThin",
  "le_sweep": 65.58940326508774,
  "root_chord_in": 36.917431422973884,
  "twist_root": -7.393434546375355,
  "twist_tip": -6.620766894967039,
  "dihedral": -7.575910983180109,
  "naca": {
    "m": 4,
    "p": 4,
    "t": 9,
    "chord_length": 1.0
  }
}