{
  "design_name": "HighSweep_LEcamber_Thick_PosDihedral",
  "le_sweep": 80.0,
  "root_chord_in": 23.06799071985302,
  "twist_root": -1.4571293646908128,
  "twist_tip": -0.22562901817933323,
  "dihedral": 2.4753413836119975,
  "naca": {
    "m": 4,
    "p": 0,
    "t": 24,
    "chord_length": 1.0
  }
}