{
  "design_name": "Exploitative_Refined_NACA2412",
  "le_sweep": 58.3338806168554,
  "root_chord_in": 36.83807565757954,
  "twist_root": -7.699897701291576,
  "twist_tip": -7.127645249766683,
  "dihedral": -0.33842089851657775,
  "naca": {
    "m": 0,
    "p": 0,
    "t": 11,
    "chord_length": 1.0
  }
}