{
  "design_name": "Hybrid_InvertedWashout_HighSweep",
  "le_sweep": 69.43723135836643,
  "root_chord_in": 43.003599368713374,
  "twist_root": -4.285484529651714,
  "twist_tip": -7.59656310223577,
  "dihedral": 5.174208427337009,
  "naca": {
    "m": 4,
    "p": 4,
    "t": 11,
    "chord_length": 1.0
  }
}