{
  "design_name": "Refined_Design1_Twist_Thin",
  "le_sweep": 65.06967293907006,
  "root_chord_in": 34.633753484171834,
  "twist_root": -10.0,
  "twist_tip": 1.3909797684126648,
  "dihedral": -3.278277803717927,
  "naca": {
    "m": 4,
    "p": 4,
    "t": 14,
    "chord_length": 1.0
  }
}