{
  "design_name": "Hybrid_Camber_HigherSweep_StrongWashout",
  "le_sweep": 69.92141541158327,
  "root_chord_in": 32.949490503458044,
  "twist_root": -9.420188467304556,
  "twist_tip": -7.45261915018043,
  "dihedral": -5.103709358679733,
  "naca": {
    "m": 4,
    "p": 4,
    "t": 9,
    "chord_length": 1.0
  }
}