{
  "design_name": "HigherSweepBalancedWashoutAnhedral4410",
  "le_sweep": 73.55343584735279,
  "root_chord_in": 42.421151734629575,
  "twist_root": 1.5777632796167076,
  "twist_tip": -9.68847127391775,
  "dihedral": -5.267365654737818,
  "naca": {
    "m": 4,
    "p": 0,
    "t": 12,
    "chord_length": 1.0
  }
}