{
  "design_name": "Hybrid_AggressiveWashout_HighSweep_NACA4411",
  "le_sweep": 72.47521244488996,
  "root_chord_in": 42.098549925591634,
  "twist_root": -10.0,
  "twist_tip": 0.34225831219136804,
  "dihedral": -7.505778873613943,
  "naca": {
    "m": 2,
    "p": 4,
    "t": 13,
    "chord_length": 1.0
  }
}