{
  "design_name": "Exploitation_CamberWashout_Sweep65",
  "le_sweep": 72.22898415316808,
  "root_chord_in": 31.36295485695726,
  "twist_root": -6.616714298875612,
  "twist_tip": -6.769110078975896,
  "dihedral": 1.3135881003922267,
  "naca": {
    "m": 4,
    "p": 4,
    "t": 14,
    "chord_length": 1.0
  }
}