{
  "design_name": "Exploitation_NACA4410_TwistRefined",
  "le_sweep": 64.59146295851976,
  "root_chord_in": 39.55183979976784,
  "twist_root": -6.10874842128953,
  "twist_tip": -2.4891675782063287,
  "dihedral": -6.488526314543896,
  "naca": {
    "m": 4,
    "p": 4,
    "t": 11,
    "chord_length": 1.0
  }
}