{
  "design_name": "LowSweep_ZeroCamber_PositiveRootTwist_LargeChord",
  "le_sweep": 51.18721856213807,
  "root_chord_in": 45.67101994634245,
  "twist_root": 4.31654404380349,
  "twist_tip": -4.998327644892549,
  "dihedral": 6.596193082565955,
  "naca": {
    "m": 0,
    "p": 0,
    "t": 10,
    "chord_length": 1.0
  }
}