{
  "design_name": "HighSweepAggressiveTipWashout",
  "le_sweep": 77.50442736938925,
  "root_chord_in": 27.66399849702022,
  "twist_root": 2.002626698305643,
  "twist_tip": -10.0,
  "dihedral": 5.264190823773907,
  "naca": {
    "m": 4,
    "p": 4,
    "t": 14,
    "chord_length": 1.0
  }
}