{
  "design_name": "HigherSweepCamberedThinnerWashout",
  "le_sweep": 67.27306136572525,
  "root_chord_in": 37.829901034964394,
  "twist_root": -5.450079005972968,
  "twist_tip": -1.5485397686565487,
  "dihedral": 1.0720400915150687,
  "naca": {
    "m": 4,
    "p": 4,
    "t": 11,
    "chord_length": 1.0
  }
}