{
  "design_name": "High_Sweep_Symmetric_Differential_Washout",
  "design_params": {
    "le_sweep_deg": 74.18781552483613,
    "root_chord_in": 30.37435559452932,
    "twist_root_deg": -4.927391853417741,
    "twist_tip_deg": -10.0,
    "dihedral_deg": -14.404270278104805,
    "naca": {
      "m": 2,
      "p": 0,
      "t": 9,
      "chord_length": 1.0
    }
  },
  "sim_conditions": {
    "aoa_deg": 10.0,
    "mach": 0.3,
    "reynolds": 3000000.0
  },
  "vlm_results": {
    "CL": 0.14747007476306986,
    "CDi": 0.007729721389340944,
    "CM": -0.13719114941527147,
    "L_D": 19.078316970961815
  },
  "corrected_results": {
    "CL": 0.07850463060149836,
    "CDi": 0.004885670109039165,
    "CM": -0.05342987309839452,
    "L_D": 16.068344536045107
  }
}