{
  "upper_weights": [
    0.3729658034316846,
    0.4173985102194707,
    0.4640830288369232,
    0.49674867516375654,
    0.37039226635222444,
    0.15830810684082744,
    0.11007841897833112,
    0.14177775732850298
  ],
  "lower_weights": [
    -0.16100434245158737,
    -0.07628886058225044,
    -0.09813822578199843,
    -0.1472048238553434,
    -0.14614066289353225,
    -0.22547701266637046,
    -0.24224708246464915,
    -0.22781927305272712
  ],
  "leading_edge_weight": -0.011676679956000297,
  "TE_thickness": 0.0005570679673067359,
  "name": "ReflexExplorationV1"
}