{
  "upper_weights": [
    0.31008269330375754,
    0.40074103320006127,
    0.4176281368507003,
    0.23553702010316616,
    0.09175339654387003,
    0.01668686176034289,
    -0.020777594651899257,
    -0.04344673477672021
  ],
  "lower_weights": [
    -0.09244493451246147,
    -0.07147631806754234,
    -0.0380399463528485,
    -0.057859272377724,
    -0.0672752028392431,
    -0.1693244424870982,
    -0.19329027305758448,
    -0.1950650636103638
  ],
  "leading_edge_weight": 0.05522271138717167,
  "TE_thickness": 0.00019012558491245454,
  "name": "ReflexOptimized_SmoothLE_AftReflex"
}