{
  "upper_weights": [
    0.2573672194121499,
    0.33416758346600567,
    0.3595191407076443,
    0.49195626780635654,
    0.4298445435435757,
    0.29069724610687037,
    0.19367168215725672,
    0.18377777975036416
  ],
  "lower_weights": [
    -0.07307426145500288,
    0.06925083742011222,
    0.07564711589431687,
    0.06127949847206188,
    0.022478275816673263,
    0.03999640931487624,
    0.0337683551766838,
    0.07736009305340513
  ],
  "leading_edge_weight": 0.07084619023760934,
  "TE_thickness": 0.0008840814962828824,
  "name": "design"
}