{
  "upper_weights": [
    0.20096606119288957,
    0.32542284143977135,
    0.3985937742371473,
    0.47439411919557906,
    0.553004352518705,
    0.4291956879820177,
    0.205689969593129,
    0.12302257144546695
  ],
  "lower_weights": [
    -0.06888338660533602,
    -0.010666876107124074,
    -0.005672463238626363,
    -0.034633943904880594,
    0.0043484569865169485,
    0.013570292487745808,
    -0.027358121024550694,
    0.018718640224640523
  ],
  "leading_edge_weight": 0.3991066006723615,
  "TE_thickness": 0.0015530027386042506,
  "name": "GA_att5"
}