{
  "upper_weights": [
    0.20660341608578278,
    0.29348056062771094,
    0.37287779479184613,
    0.47322888735741264,
    0.4803118939184786,
    0.30035075686083795,
    0.17953784302794792,
    0.21013064252197747
  ],
  "lower_weights": [
    -0.06867725802087045,
    0.06044081769639168,
    0.06598153642246465,
    0.009640120105560783,
    0.007726402063702002,
    0.013410958921479777,
    0.034522718964223945,
    0.05650104955466375
  ],
  "leading_edge_weight": 0.30920237181982557,
  "TE_thickness": 0.001040313110081966,
  "name": "design"
}