{
  "upper_weights": [
    0.26852254777070944,
    0.3304468853925163,
    0.43508727909631956,
    0.5277074526321623,
    0.5578662251176384,
    0.3780340696085199,
    0.1772428261185361,
    0.10770487390766373
  ],
  "lower_weights": [
    -0.08296544174817613,
    0.026807942826181593,
    0.054287851871577024,
    0.024558327928122774,
    0.0003973580482870297,
    0.019428556805415186,
    0.0638627471978671,
    0.0036732356447490007
  ],
  "leading_edge_weight": 0.35718921790970964,
  "TE_thickness": 0.0016250932124700094,
  "name": "design"
}