{
  "upper_weights": [
    0.21627648183167097,
    0.2768996536906981,
    0.40318732945640506,
    0.5026748255586228,
    0.4655261929129101,
    0.2855820967810021,
    0.18428214386151998,
    0.13569249274626605
  ],
  "lower_weights": [
    -0.06967459886544039,
    0.06725240855886067,
    0.1063611063590565,
    0.032621697918499386,
    0.03106135893694966,
    0.04590176967817371,
    -0.005634536478867354,
    0.030727382773686928
  ],
  "leading_edge_weight": 0.24838288885176957,
  "TE_thickness": 0.0011043457328368087,
  "name": "design"
}