{
  "upper_weights": [
    0.21403323095100757,
    0.2999579314615459,
    0.35454113022061584,
    0.4184425120481707,
    0.5101392521173608,
    0.4051179345637937,
    0.18683385764786042,
    0.12531447331234485
  ],
  "lower_weights": [
    -0.1733683083510067,
    -0.03183909598678103,
    0.0060594142598862965,
    -0.004787555792686354,
    -0.008429105183728648,
    0.012056404002200758,
    0.004950183329603489,
    0.02048945571219552
  ],
  "leading_edge_weight": 0.14045740779222135,
  "TE_thickness": 0.001070168024992578,
  "name": "design"
}