{
  "upper_weights": [
    0.3820631261717303,
    0.4051884572718153,
    0.454002419475037,
    0.5770600667818887,
    0.5595072082464656,
    0.33860770014209424,
    0.17105483383318243,
    0.0991060206710868
  ],
  "lower_weights": [
    -0.08638330221309584,
    -0.04925105270569386,
    -0.025212913549459808,
    0.010932849975637836,
    0.07840565680078126,
    0.11231140614335097,
    0.08286607504769204,
    -0.03142551771967164
  ],
  "leading_edge_weight": 0.09137653779429424,
  "TE_thickness": 0.0012415902417114212,
  "name": "design"
}