{
  "upper_weights": [
    0.29776844299603383,
    0.34499105427936694,
    0.38774466259709023,
    0.4797452663351926,
    0.5326689297117886,
    0.41822314934302673,
    0.20049436675384966,
    0.20085373052912167
  ],
  "lower_weights": [
    -0.0786839591188435,
    -0.054028920512606535,
    -0.03350528580239184,
    -0.04541372283939373,
    -0.040471251465694046,
    -0.049049395038280465,
    -0.05181505875711463,
    -0.02027101049437624
  ],
  "leading_edge_weight": 0.0013870885796825124,
  "TE_thickness": 0.0013423867617875869,
  "name": "design"
}