{
  "upper_weights": [
    0.31905261673568147,
    0.3865555204144799,
    0.47303720980810243,
    0.5624400002491583,
    0.4601650066093088,
    0.26149771114346426,
    0.16947981015667843,
    0.20402459036419485
  ],
  "lower_weights": [
    -0.06271509497302873,
    0.03886486357213323,
    0.03603463529679601,
    0.03485253450438109,
    0.06818623794252152,
    0.07127553885460162,
    0.02627287063095087,
    0.04089757719041552
  ],
  "leading_edge_weight": -0.12015776333258657,
  "TE_thickness": 0.0007966673472750806,
  "name": "lbfgsb_s3"
}