{
  "upper_weights": [
    0.2513869827356102,
    0.33486312809018776,
    0.39578778794050357,
    0.5182810344970318,
    0.537110656656427,
    0.37747120457081307,
    0.19986103373400574,
    0.14948363616798407
  ],
  "lower_weights": [
    -0.07833730378362301,
    0.0451343351805709,
    0.10491568469375023,
    0.04571485719680816,
    0.019810102679715596,
    0.012636446979409672,
    -0.022754256856445585,
    0.03718621618837674
  ],
  "leading_edge_weight": 0.2882451166906466,
  "TE_thickness": 0.0011148585407205565,
  "name": "lbfgsb_s0"
}