{
  "upper_weights": [
    0.3583274460840679,
    0.206574381777674,
    0.17496524682413667,
    0.18028606812453163,
    0.03564624470350086,
    -0.14491287889584592,
    -0.13352422581304083,
    -0.09253292108592853
  ],
  "lower_weights": [
    -0.05010475521526042,
    -0.0796869998127632,
    -0.18782626340335334,
    -0.20771323399872443,
    -0.20368647597723671,
    -0.19327669824865368,
    -0.17825871799593776,
    -0.19602336286404504
  ],
  "leading_edge_weight": -0.05699073263948379,
  "TE_thickness": 0.007330608859837646,
  "name": "design"
}