{
  "upper_weights": [
    0.4685936937617499,
    0.36207886133420003,
    0.2815909163984572,
    0.09043988436633227,
    -0.0007658959092661233,
    -0.20738978759359789,
    -0.18285249061039455,
    0.03620643039276494
  ],
  "lower_weights": [
    -0.12095559956949156,
    -0.0758577664271024,
    -0.11888027652838062,
    -0.1275033375893116,
    -0.2225716102132731,
    -0.28627679401841905,
    -0.2817812222304997,
    -0.23687638248920745
  ],
  "leading_edge_weight": -0.3702871779226188,
  "TE_thickness": 0.005139130043811937,
  "name": "iter_00676"
}