{
  "design_name": "Hybrid_HighSweep_MaxWashout_NACA2410",
  "design_params": {
    "le_sweep_deg": 72.9775054480152,
    "root_chord_in": 35.41731040048122,
    "twist_root_deg": -10.0,
    "twist_tip_deg": -10.0,
    "dihedral_deg": -6.619012409845014,
    "naca": {
      "m": 2,
      "p": 4,
      "t": 10,
      "chord_length": 1.0
    }
  },
  "sim_conditions": {
    "aoa_deg": 10.0,
    "mach": 0.3,
    "reynolds": 3000000.0
  },
  "vlm_results": {
    "CL": 0.01761430748302758,
    "CDi": 0.004886928438584822,
    "CM": -0.05044736028041754,
    "L_D": 3.6043718880664453
  },
  "corrected_results": {
    "CL": -0.04118533857616728,
    "CDi": -0.0010144884241904063,
    "CM": 0.058100802207243035,
    "L_D": 40.59714984824443
  }
}