{
  "upper_weights": [
    0.2241531984855519,
    0.3469678577296891,
    0.12276484338906907,
    0.5905053942447258,
    0.37283164592418083,
    -0.02296264628409381,
    0.5512369136238825,
    0.6
  ],
  "lower_weights": [
    0.07448685309167254,
    0.3,
    -0.04875403447593926,
    0.011199547159591275,
    0.02264546994997319,
    0.3,
    -0.13146016844981398,
    0.3
  ],
  "leading_edge_weight": 0.5,
  "TE_thickness": 0.0037716825739015263,
  "name": "design"
}