{
  "upper_weights": [
    0.10822476730613823,
    0.5861347483360726,
    0.43166196786329036,
    0.49272166787097005,
    0.26928231833951555,
    0.0855452348637912,
    -0.08358271730854284,
    0.1319767220188165
  ],
  "lower_weights": [
    -0.20053534016617383,
    -0.3,
    -0.2648128900670326,
    -0.09570486976651668,
    -0.12049797537395993,
    0.0037625433592959035,
    0.08713721993174456,
    -0.009445185271976117
  ],
  "leading_edge_weight": 0.333258682667308,
  "TE_thickness": 0.0,
  "name": "HPA_HighCamber_InitialBaseline"
}