{
  "upper_weights": [
    0.31076995463635587,
    0.16893450397006238,
    0.17496204195849313,
    0.056894108827625633,
    0.04244811725413222,
    0.17222585849362415,
    0.2353304388055834,
    0.4527103129409797
  ],
  "lower_weights": [
    -0.22681364850144403,
    -0.16912343271379138,
    -0.22745233394859843,
    -0.2996339581691664,
    -0.24544965957264395,
    -0.08340897770202896,
    -0.016173270650085725,
    0.04773121462723168
  ],
  "leading_edge_weight": 0.49881147829818495,
  "TE_thickness": 0.00923474114331169,
  "name": "iter_00688"
}