{
  "design_name": "Hybrid_Sweep_Washout_Anhedral_NACA2406",
  "design_params": {
    "le_sweep_deg": 75.675388318998,
    "root_chord_in": 36.47111787555895,
    "twist_root_deg": -10.0,
    "twist_tip_deg": -8.475782259879999,
    "dihedral_deg": -15.0,
    "naca": {
      "m": 2,
      "p": 4,
      "t": 7,
      "chord_length": 1.0
    }
  },
  "sim_conditions": {
    "aoa_deg": 10.0,
    "mach": 0.3,
    "reynolds": 3000000.0
  },
  "vlm_results": {
    "CL": 0.01296799721135363,
    "CDi": 0.004571109285548304,
    "CM": -0.04509920409805689,
    "L_D": 2.8369475331408793
  },
  "corrected_results": {
    "CL": -0.04865418775579091,
    "CDi": -0.002289243532632722,
    "CM": 0.07033697866682018,
    "L_D": 21.253390939948027
  }
}