{
  "upper_weights": [
    0.5179235280199164,
    0.3825304236979635,
    0.26969661322761057,
    0.12448711518013389,
    0.06370722458076644,
    -0.04737450609381649,
    -0.05820105030231584,
    -0.11494737873242647
  ],
  "lower_weights": [
    -0.3,
    -0.2562668980920185,
    -0.1594766511807959,
    -0.10829791976979083,
    -0.08299916227076626,
    -0.07851845598525498,
    -0.13186828735868802,
    -0.3
  ],
  "leading_edge_weight": 0.5,
  "TE_thickness": 0.01,
  "name": "iter_0350"
}