{
  "design_name": "HighSweep_UniformWashout_ThinNACA0007",
  "design_params": {
    "le_sweep_deg": 79.00790979631982,
    "root_chord_in": 34.87345728877593,
    "twist_root_deg": -6.813179974165971,
    "twist_tip_deg": -9.995632783839715,
    "dihedral_deg": -15.0,
    "naca": {
      "m": 2,
      "p": 0,
      "t": 6,
      "chord_length": 1.0
    }
  },
  "sim_conditions": {
    "aoa_deg": 10.0,
    "mach": 0.3,
    "reynolds": 3000000.0
  },
  "vlm_results": {
    "CL": 0.05529110439925986,
    "CDi": 0.0016604732342956113,
    "CM": -0.04897122748998309,
    "L_D": 33.29840147812734
  },
  "corrected_results": {
    "CL": -0.0027648791607586096,
    "CDi": 0.0005475250743980101,
    "CM": 0.03776860290841615,
    "L_D": -5.049776329967215
  }
}