{
  "upper_weights": [
    0.31077763638411066,
    0.4846652931955942,
    0.3437997858247473,
    0.5999999999999999,
    0.5999999999999999,
    0.5999999999999999,
    0.19867897708123683,
    0.32130457008015106
  ],
  "lower_weights": [
    -0.29654577937200305,
    -0.08350773059025732,
    0.3,
    0.2191145202499704,
    0.3,
    0.3,
    0.3,
    0.3
  ],
  "leading_edge_weight": -0.14831527280603368,
  "TE_thickness": 0.0,
  "name": "iter_0224"
}