{
  "upper_weights": [
    0.26745461089357564,
    0.2892623713524922,
    0.2317566504624581,
    0.21020993109922012,
    0.21537002089775514,
    0.3079688740002805,
    0.27413314051326987,
    0.27325034712688145
  ],
  "lower_weights": [
    -0.2039209828829133,
    -0.09225430729241745,
    -0.1099923259683106,
    -0.1689460887509112,
    -0.18773419221533397,
    -0.1979723899301536,
    -0.21134566722155598,
    -0.0440371033486533
  ],
  "leading_edge_weight": 0.379395782183361,
  "TE_thickness": 8.882622961746926e-06,
  "name": "AftCuspDeepLowerCamber"
}