{
  "upper_weights": [
    0.48012121012847836,
    0.44932514832108766,
    0.28620820688839116,
    0.20065428569908245,
    0.08852679174828404,
    0.005740837509002894,
    -0.05429112711473463,
    -0.1958345088711645
  ],
  "lower_weights": [
    -0.11601402847417155,
    -0.1431991708992823,
    -0.09448222966888581,
    0.009520942225643536,
    0.07647589766839274,
    0.050459608792068456,
    -0.16430666761994053,
    -0.29999612062288816
  ],
  "leading_edge_weight": 0.03182089762403906,
  "TE_thickness": 0.007173174738861502,
  "name": "design"
}