{
  "upper_weights": [
    0.21298788241148048,
    0.16083349842634773,
    0.20619600200109445,
    0.17796632527465517,
    0.23494477580694567,
    0.32261762460529037,
    0.21939850255463075,
    0.3046745918823474
  ],
  "lower_weights": [
    -0.14379399609903223,
    0.09991243243607281,
    -0.015614224416500067,
    -0.04831035674600001,
    -0.1026153444203612,
    -0.14149416759739455,
    -0.08660143657987499,
    -0.01956075667866757
  ],
  "leading_edge_weight": 0.39864193194089614,
  "TE_thickness": 0.00048168055066158714,
  "name": "design"
}