{
  "upper_weights": [
    0.3053138157797128,
    0.39126703541616253,
    0.26102660999132277,
    0.2509884649719401,
    0.18892445727060547,
    0.06947160882956722,
    0.04273788994485018,
    0.09809258184532449
  ],
  "lower_weights": [
    -0.1588919435165295,
    0.14309693693577738,
    0.3,
    0.10865340742666411,
    0.014836467655306784,
    -0.01227969934325681,
    -0.03844911741017233,
    -0.06947874046707114
  ],
  "leading_edge_weight": -0.022970539643616613,
  "TE_thickness": 0.006582013554153908,
  "name": "design"
}