{
  "B1": 199.80691122255118,
  "B2": 50.49162544776774,
  "B3": 200.0002855931051,
  "C2": 794.71020831292,
  "C3": 180.04553800058994,
  "C4": 88.67884934054621,
  "S1": 46.94679700387941,
  "S2": 41.202152868475515,
  "S3": 39.99351926203048,
  "alpha": -1.5602475471255124,
  "name": "iter_00962"
}