{
  "design_name": "AggressiveWashoutHighCamberDelta",
  "design_params": {
    "le_sweep_deg": 59.7348939233856,
    "root_chord_in": 25.734,
    "twist_root_deg": 0.0,
    "twist_tip_deg": 0.0,
    "dihedral_deg": 0.0,
    "naca": {
      "m": 4,
      "p": 4,
      "t": 6,
      "chord_length": 1.0
    }
  },
  "sim_conditions": {
    "aoa_deg": 0.0,
    "mach": 0.3,
    "reynolds": 3000000.0
  },
  "vlm_results": {
    "CL": 0.1930029805746713,
    "CDi": 0.014502545398337724,
    "CM": -0.24883999781930632,
    "L_D": 13.308214197818904
  },
  "corrected_results": {
    "CL": 0.12341022425438668,
    "CDi": 0.008854179725240609,
    "CM": -0.15788889399339429,
    "L_D": 13.938075359209297
  }
}