{
  "upper_weights": [
    0.18897694473761784,
    0.06610580500499696,
    0.18437993021063986,
    0.23833377224369495,
    0.33651624450874956,
    0.3311694239858099,
    0.4192472312990297,
    0.37623146177297134
  ],
  "lower_weights": [
    -0.29999460946347,
    -0.14021133813096817,
    -0.09872676622435186,
    -0.21163039568158126,
    -0.172102079612595,
    -0.21141902104713078,
    -0.01471799890952391,
    0.13137143289277442
  ],
  "leading_edge_weight": 0.4645033299682111,
  "TE_thickness": 0.006729253185898688,
  "name": "iter_00607"
}