{
  "upper_weights": [
    0.25945892790841796,
    0.2945953301640193,
    0.23142147109612501,
    0.1374689849078356,
    0.052432006024870983,
    -0.07441070311316804,
    -0.1264283648020485,
    -0.05839990680749527
  ],
  "lower_weights": [
    -0.20582470307197004,
    -0.1943769546733751,
    -0.19387727327763477,
    -0.14067919160982756,
    -0.11390684715507164,
    -0.17544327637566137,
    -0.2878331413640829,
    -0.1917271074757417
  ],
  "leading_edge_weight": 0.4395389066550392,
  "TE_thickness": 0.0015210675842652454,
  "name": "HPA_RuleCompliant_Base"
}