{
  "upper_weights": [
    0.47530005788999796,
    0.3062047575578151,
    0.26847197268482803,
    0.20572767073865328,
    0.09683568229855988,
    0.004633059614563714,
    -0.08053769763753502,
    -0.18100998536279772
  ],
  "lower_weights": [
    -0.3,
    -0.12727481349045966,
    -0.0014983792348037205,
    0.052866854665445995,
    -0.049498421416106234,
    -0.19273293707558642,
    -0.3,
    -0.3
  ],
  "leading_edge_weight": -0.10597826760939988,
  "TE_thickness": 0.01,
  "name": "design"
}