{
  "upper_weights": [
    0.45456471926033765,
    0.4360046786083232,
    0.3641357876226512,
    0.3229148473789429,
    0.23188411363625788,
    0.16713645101360006,
    0.11842177422528433,
    0.07825547877391234
  ],
  "lower_weights": [
    -0.18581234728348742,
    -0.2631962711588146,
    -0.26242282500834185,
    -0.16316014777488616,
    -0.28816089233289743,
    -0.3,
    -0.3,
    -0.3
  ],
  "leading_edge_weight": 0.48616913945468926,
  "TE_thickness": 0.0,
  "name": "SmoothCamber_HPA_V1"
}