{
  "SA": 39.04264401111191,
  "AR": 8.322146095972872,
  "TR": 0.3048944785785221,
  "kink": 0.37607599815953763,
  "rootadj": 0.29512047891621707,
  "DA_kink": 2.8138349282947948,
  "DA_tip": 4.886496543235181,
  "t_root": 0.1419253510645049,
  "r_t2": 0.6008307112789899,
  "r_t3": 0.910945468063401,
  "r_t4": 0.9456841299522059,
  "r_d1": 0.6181845100643588,
  "r_d2": 0.9525062229669814,
  "r_d4": 0.5986320809763539,
  "tw1": -3.5802738808118346,
  "tw2": -2.511384019952483,
  "tw3": -2.111148865716816,
  "tw4": -2.1017370911020796,
  "cst_upper": [
    0.06740471454584615,
    0.16176592981021454,
    0.09146642435554042,
    0.15808361367588183,
    0.19747029880976605,
    0.22152953307565978,
    0.14735639734408879,
    0.20863928589568953,
    0.1309518716756745,
    0.23362323951386266
  ],
  "cst_lower": [
    -0.09519819844068975,
    -0.15296148680494046,
    -0.1223505710934322,
    -0.15438837865396565,
    -0.1733597537591271,
    -0.09753170186120677,
    -0.15661071246750116,
    -0.06808162913872697,
    -0.10811143383868958,
    -0.1612735859573272
  ],
  "_score": 12.53700869240808
}