{
  "upper_weights": [
    0.2346048260205323,
    0.006229250867551495,
    0.35497046575922114,
    0.1992507873358137,
    0.059197228656615974,
    -0.06931645767162983,
    0.4679358346799953,
    0.0827029454728927
  ],
  "lower_weights": [
    0.0527824610464267,
    -0.268297670317231,
    0.2921044843676383,
    -0.09579565634830198,
    -0.26402153612959117,
    0.030962526107860766,
    0.019619119811239538,
    0.2803009579912769
  ],
  "leading_edge_weight": 0.0797393241997929,
  "TE_thickness": 0.006859047466548988,
  "_score": 99.48901137866733
}