{
  "design_name": "Exploit_NACA4412_RefinedTwistSweep",
  "design_params": {
    "le_sweep_deg": 66.4546347466624,
    "root_chord_in": 34.31939814510751,
    "twist_root_deg": -3.8390195377630585,
    "twist_tip_deg": -0.14344979554981308,
    "dihedral_deg": -3.3556246526242375,
    "naca": {
      "m": 4,
      "p": 4,
      "t": 12,
      "chord_length": 1.0
    }
  },
  "sim_conditions": {
    "aoa_deg": 10.0,
    "mach": 0.3,
    "reynolds": 3000000.0
  },
  "vlm_results": {
    "CL": 0.35040822241074027,
    "CDi": 0.04234885197022586,
    "CM": -0.37904763935048413,
    "L_D": 8.27432636561438
  },
  "corrected_results": {
    "CL": 0.10526364376268722,
    "CDi": 0.005681741379611464,
    "CM": -0.0782805971767231,
    "L_D": 18.526651730474484
  }
}