{
  "upper_weights": [
    0.49802490704260954,
    0.2877965866288325,
    -0.14946561206052209,
    -0.27650951580730937,
    0.5997591209408135,
    0.5233009360702339,
    0.561908287610194,
    0.4273071811137295
  ],
  "lower_weights": [
    0.24660842056475168,
    0.0477710383037126,
    0.26526595685675974,
    -0.299950011154607,
    0.037791139695122655,
    -0.29966131694379994,
    0.17064744501291235,
    -0.2214917577505665
  ],
  "leading_edge_weight": 0.25375870160689096,
  "TE_thickness": 0.004776248917141303,
  "name": "iter_00000"
}