{
  "upper_weights": [
    0.5429522809966159,
    0.4335530877371709,
    0.4185594732760432,
    0.40600257264816747,
    0.36944922474496183,
    0.27374291633529385,
    0.09014574066513026,
    -0.09150830832199935
  ],
  "lower_weights": [
    -0.3,
    -0.04880553597505405,
    0.11886485913670641,
    0.16089994704684418,
    0.08560623169630294,
    -0.02074815969767213,
    -0.11772967026469697,
    -0.27667604454959305
  ],
  "leading_edge_weight": 0.5,
  "TE_thickness": 0.01,
  "name": "iter_0314"
}