{
  "upper_weights": [
    0.144414116564699,
    0.09525514899191567,
    0.4826220605410145,
    -0.05748315382848582,
    0.3538911145754389,
    0.14817419539442045,
    0.22604824647230104,
    0.2656702768230921
  ],
  "lower_weights": [
    0.10823536961093355,
    -0.026372153326444436,
    -0.21871112881631816,
    -0.02585644304389262,
    -0.072037924917563,
    -0.004551118890191164,
    0.0092823199301309,
    0.20964890214317114
  ],
  "leading_edge_weight": 0.29148423225857717,
  "TE_thickness": 0.006015853381981847,
  "_score": 99.73750856144676
}