{
  "upper_weights": [
    0.5629085088237842,
    0.5983092262625089,
    0.5443434883225933,
    0.5224453706570786,
    0.459568463077277,
    0.4815715644978476,
    0.592101086477844,
    0.5544504852859515
  ],
  "lower_weights": [
    -0.11528350581894653,
    -0.07478254189902353,
    -0.030432529881916193,
    0.04309493009936094,
    -0.05998136173508098,
    -0.23486244288382901,
    -0.2546387963814885,
    -0.23311763224595425
  ],
  "leading_edge_weight": 0.33483579240637196,
  "TE_thickness": 0.0012354961170787724,
  "name": "iter_00681"
}