{
  "upper_weights": [
    0.48738746681396244,
    0.4260752576773787,
    0.31595384030270085,
    0.17142808821104055,
    0.0205333921215633,
    0.05038878988017792,
    0.07363846332375773,
    -0.03517297165935129
  ],
  "lower_weights": [
    -0.14965932393860604,
    -0.07044743237957718,
    -0.010034455027513156,
    -0.10171183464999761,
    -0.20513726783354094,
    -0.23139829442044657,
    -0.22279970584483483,
    -0.14069630714278333
  ],
  "leading_edge_weight": 0.07897914877854417,
  "TE_thickness": 0.0015747015198996615,
  "name": "design"
}