{
  "upper_weights": [
    0.6,
    0.4916528090866955,
    0.42156953397693225,
    0.34769055195719123,
    0.22831482932081476,
    0.2565698967679684,
    0.2158806582575245,
    0.18686925067629176
  ],
  "lower_weights": [
    -0.3,
    -0.09794087310326935,
    0.13106454405430415,
    0.14488971046048163,
    0.07607788521373218,
    -0.013160341298851231,
    -0.017052172984043684,
    -0.015294993627865083
  ],
  "leading_edge_weight": 0.44513796270830946,
  "TE_thickness": 0.0,
  "name": "design"
}