{
  "upper_weights": [
    0.5044099096004127,
    0.47918477425915684,
    0.35389741359864696,
    0.24825707237416886,
    0.2222743411259807,
    0.1159250845547012,
    0.11912973259383024,
    0.13206286958139618
  ],
  "lower_weights": [
    -0.14157113470848948,
    -0.16953910869617136,
    -0.09318600364613473,
    -0.10295683861747801,
    -0.04670510815977267,
    -0.12502997968259139,
    -0.08133177223158773,
    -0.07965343153268656
  ],
  "leading_edge_weight": 0.44077930579029967,
  "TE_thickness": 0.00958703823682525,
  "name": "SmoothCamber_LaminarFlow_RobustLE"
}