{
  "upper_weights": [
    0.1862422203878214,
    0.2670411760347548,
    0.5331701514822942,
    -0.2344581485313333,
    -0.27028502062537335,
    0.43866428428511745,
    0.5336985146010718,
    0.010081493083600568
  ],
  "lower_weights": [
    0.13570952944148051,
    0.1580807370985181,
    0.1929590650859226,
    -0.22076549958988262,
    0.15076565771292294,
    0.2655971318227815,
    0.03394335302245316,
    0.22366899998484874
  ],
  "leading_edge_weight": -0.2928805081283491,
  "TE_thickness": 0.003386297024365853,
  "_score": 186.1680411959654
}