{
  "upper_weights": [
    -0.11333892996230138,
    0.2019218856524058,
    0.33810946501515204,
    0.4090438926290707,
    0.2716073406553159,
    0.1507992554794844,
    0.26451847251325583,
    -0.040561476488415266
  ],
  "lower_weights": [
    -0.14352685720833294,
    -0.25857470571464614,
    -0.28976382713193133,
    -0.22038826644135087,
    -0.29835619888308285,
    -0.028769430821742686,
    -0.06634858517158289,
    -0.14727420543178057
  ],
  "leading_edge_weight": -0.05929703487267715,
  "TE_thickness": 0.0,
  "name": "HPA_Camber_Focus_01"
}