{
  "design_name": "HybridSweepWashoutDelta",
  "design_params": {
    "le_sweep_deg": 66.75430717813715,
    "root_chord_in": 25.734,
    "twist_root_deg": 0.0,
    "twist_tip_deg": 0.0,
    "dihedral_deg": 0.0,
    "naca": {
      "m": 2,
      "p": 4,
      "t": 11,
      "chord_length": 1.0
    }
  },
  "sim_conditions": {
    "aoa_deg": 0.0,
    "mach": 0.3,
    "reynolds": 3000000.0
  },
  "vlm_results": {
    "CL": 0.08630666928162964,
    "CDi": 0.0031746500691591704,
    "CM": -0.11030177093575537,
    "L_D": 27.1861992350195
  },
  "corrected_results": {
    "CL": 0.043365636155290564,
    "CDi": 0.0015853122996168768,
    "CM": -0.05540134908928506,
    "L_D": 27.354633005604484
  }
}