{
  "upper_weights": [
    0.4623463785923149,
    0.42357695817694113,
    0.26976623536004396,
    0.26554087517961406,
    0.25876393291862343,
    0.11050875051603264,
    -0.020187444430715618,
    -0.1039294930354092
  ],
  "lower_weights": [
    -0.15037888207314842,
    -0.1238121283993145,
    -0.1024027836396654,
    -0.16170216539088333,
    -0.20588249659679392,
    -0.2599503602772986,
    -0.3,
    -0.27535970698189666
  ],
  "leading_edge_weight": 0.18577947168657055,
  "TE_thickness": 0.0,
  "name": "Reflex_Refined_LE_Smooth_Aft"
}