{
  "design_name": "CamberedModerateSweepThinAirfoil",
  "design_params": {
    "le_sweep_deg": 64.21950356723936,
    "root_chord_in": 33.47454058776262,
    "twist_root_deg": -4.260227205013409,
    "twist_tip_deg": -3.6737894573289953,
    "dihedral_deg": 0.3659306244328788,
    "naca": {
      "m": 4,
      "p": 4,
      "t": 9,
      "chord_length": 1.0
    }
  },
  "sim_conditions": {
    "aoa_deg": 10.0,
    "mach": 0.3,
    "reynolds": 3000000.0
  },
  "vlm_results": {
    "CL": 0.39055211132163803,
    "CDi": 0.03526887474777341,
    "CM": -0.41428844985665997,
    "L_D": 11.07356313788532
  },
  "corrected_results": {
    "CL": 0.17897055078600935,
    "CDi": 0.00960703548517402,
    "CM": -0.14737086179639297,
    "L_D": 18.629113118422868
  }
}