{
  "design_name": "HighCamberDeepWashoutDelta",
  "design_params": {
    "le_sweep_deg": 65.61610337427051,
    "root_chord_in": 41.63785914159389,
    "twist_root_deg": -1.3690696883231288,
    "twist_tip_deg": -8.116610870942175,
    "dihedral_deg": -5.740548819002135,
    "naca": {
      "m": 4,
      "p": 4,
      "t": 11,
      "chord_length": 1.0
    }
  },
  "sim_conditions": {
    "aoa_deg": 10.0,
    "mach": 0.3,
    "reynolds": 3000000.0
  },
  "vlm_results": {
    "CL": 0.39704084393690703,
    "CDi": 0.030853628188885526,
    "CM": -0.4020642828433185,
    "L_D": 12.868530128976337
  },
  "corrected_results": {
    "CL": 0.02784981157109158,
    "CDi": -0.010519831117602317,
    "CM": 0.032195850604566416,
    "L_D": -2.647362990884127
  }
}