{
  "upper_weights": [
    0.2617006287531089,
    0.24420145087650477,
    0.18081748861136138,
    0.19624021405756564,
    0.1745744817948207,
    0.058174118744822284,
    0.013729798494153955,
    -0.15208077434119885
  ],
  "lower_weights": [
    -0.2621889837964603,
    -0.23989873871224188,
    -0.13344366128626153,
    -0.09767997118138538,
    -0.05701221955486509,
    0.00944316302093805,
    -0.11071007690410135,
    -0.26348655158990675
  ],
  "leading_edge_weight": -0.14787163259026276,
  "TE_thickness": 0.008833797478621183,
  "name": "design"
}