{
  "design_name": "HighSweep_Cambered_StrongWashout_Anhedral",
  "design_params": {
    "le_sweep_deg": 79.61516785176018,
    "root_chord_in": 29.282378702370476,
    "twist_root_deg": -3.4115969102715673,
    "twist_tip_deg": -8.32510203667489,
    "dihedral_deg": -13.754520088921014,
    "naca": {
      "m": 4,
      "p": 4,
      "t": 7,
      "chord_length": 1.0
    }
  },
  "sim_conditions": {
    "aoa_deg": 10.0,
    "mach": 0.3,
    "reynolds": 3000000.0
  },
  "vlm_results": {
    "CL": 0.11753653881547041,
    "CDi": 0.011105854831707096,
    "CM": -0.14844623735978918,
    "L_D": 10.58329508142902
  },
  "corrected_results": {
    "CL": 0.071698015203168,
    "CDi": 0.004669471136413424,
    "CM": -0.0650880096824217,
    "L_D": 15.354632914218753
  }
}