{
  "upper_weights": [
    0.18964000051293287,
    0.32795601581130257,
    0.3793423454009047,
    0.27723451752237926,
    -0.3,
    0.1800323844054037,
    0.6,
    0.1616949024353588
  ],
  "lower_weights": [
    0.11282325676386647,
    0.3,
    0.08432689327886561,
    -0.06900606899637471,
    -0.038987011680752144,
    0.16179871460989056,
    -0.18381268778671017,
    0.2453181141027972
  ],
  "leading_edge_weight": 0.17798107083531564,
  "TE_thickness": 0.006114450388880145,
  "name": "design"
}