{
  "design_name": "MaxSweep_LargeChord_DifferentiatedWashout_NACA008",
  "design_params": {
    "le_sweep_deg": 80.0,
    "root_chord_in": 39.74368838068371,
    "twist_root_deg": -8.365193223168326,
    "twist_tip_deg": -2.186233398250513,
    "dihedral_deg": -7.619751608615754,
    "naca": {
      "m": 0,
      "p": 0,
      "t": 7,
      "chord_length": 1.0
    }
  },
  "sim_conditions": {
    "aoa_deg": 10.0,
    "mach": 0.3,
    "reynolds": 3000000.0
  },
  "vlm_results": {
    "CL": 0.07250005108111783,
    "CDi": 0.006108551269255016,
    "CM": -0.07351081555014881,
    "L_D": 11.868616286486494
  },
  "corrected_results": {
    "CL": -0.07137980783466479,
    "CDi": -0.005766582766885674,
    "CM": 0.11866924750011495,
    "L_D": 12.37818144994986
  }
}