{
  "upper_weights": [
    0.4697654766256599,
    0.562505984090286,
    0.4789553408711503,
    0.37385722102844227,
    0.27361579855972507,
    0.172500718335229,
    0.09499041564074585,
    0.04440921946073553
  ],
  "lower_weights": [
    -0.2956806613060226,
    -0.28469542406227205,
    -0.2677145687636182,
    -0.22881609370175382,
    -0.06272267877482164,
    0.041507719696728985,
    -0.038798157424568804,
    -0.057446665387796574
  ],
  "leading_edge_weight": 0.31738458640128087,
  "TE_thickness": 0.0016811181313607128,
  "name": "CST_Rule_Adherent_HighCamber"
}