{
  "design_name": "ExploitativeAggressiveWashoutThinNACA",
  "design_params": {
    "le_sweep_deg": 68.45700960805601,
    "root_chord_in": 37.59779523758632,
    "twist_root_deg": -10.0,
    "twist_tip_deg": -10.0,
    "dihedral_deg": -11.948181077610439,
    "naca": {
      "m": 2,
      "p": 4,
      "t": 6,
      "chord_length": 1.0
    }
  },
  "sim_conditions": {
    "aoa_deg": 10.0,
    "mach": 0.3,
    "reynolds": 3000000.0
  },
  "vlm_results": {
    "CL": 0.022429607999366503,
    "CDi": 0.005370606607308186,
    "CM": -0.05782138689458711,
    "L_D": 4.176363982579707
  },
  "corrected_results": {
    "CL": -0.05922682924115727,
    "CDi": -0.0012236186626735283,
    "CM": 0.07994488807865874,
    "L_D": 48.403012350065374
  }
}