{
  "upper_weights": [
    0.11839431259965383,
    0.17790472284634204,
    0.13925112400275652,
    0.19049054213221978,
    0.010782984398217378,
    -0.17523164671372674,
    0.11427655951895782,
    0.1386792971242076
  ],
  "lower_weights": [
    -0.1866381529276632,
    -0.15378059745833292,
    -0.20428634606175763,
    -0.15439634075134415,
    -0.1429471979675924,
    -0.13646797588159035,
    0.09082799159999622,
    -0.08049854915824883
  ],
  "leading_edge_weight": 0.23843382332760732,
  "TE_thickness": 0.0,
  "name": "HPA_BaselineCamber_01"
}