{
  "upper_weights": [
    0.266520349354698,
    0.28618247765562616,
    0.5143107650387584,
    0.5970051284457678,
    0.5918359575767436,
    0.5701532993566185,
    -0.04039298117933199,
    0.39450003683328233
  ],
  "lower_weights": [
    -0.2198817978495215,
    -0.21338154564364653,
    0.28902032905834457,
    0.263719777421172,
    0.18977500647661366,
    0.2901321286234126,
    0.26512978795543823,
    0.17267437497328952
  ],
  "leading_edge_weight": 0.4176754391236629,
  "TE_thickness": 0.00204146011783399,
  "name": "iter_00685"
}