{
  "design_name": "High_Sweep_Optimized_Washout",
  "design_params": {
    "le_sweep_deg": 67.36380402683066,
    "root_chord_in": 39.85911914149961,
    "twist_root_deg": -7.006535226266046,
    "twist_tip_deg": -10.0,
    "dihedral_deg": -1.858162196989492,
    "naca": {
      "m": 4,
      "p": 4,
      "t": 11,
      "chord_length": 1.0
    }
  },
  "sim_conditions": {
    "aoa_deg": 10.0,
    "mach": 0.3,
    "reynolds": 3000000.0
  },
  "vlm_results": {
    "CL": 0.23613753295911855,
    "CDi": 0.016844629379677456,
    "CM": -0.2831608080919323,
    "L_D": 14.018565065255247
  },
  "corrected_results": {
    "CL": -0.023065561130132334,
    "CDi": -0.00514332678787497,
    "CM": 0.04728549258404382,
    "L_D": 4.484560690273028
  }
}