{
  "upper_weights": [
    0.3325413365496064,
    0.30555433578831154,
    0.23337262452510113,
    0.1609503919044104,
    0.11382931867861047,
    0.08889443460957262,
    0.07581759120724561,
    0.2622825194438662
  ],
  "lower_weights": [
    -0.2999985873089769,
    -0.297280992736103,
    -0.23952825917527482,
    -0.16972363949916058,
    -0.12880592134646449,
    -0.1009898648842931,
    -0.08439958971079117,
    -0.27506222459768953
  ],
  "leading_edge_weight": 0.4772871616874067,
  "TE_thickness": 0.0006170719352320707,
  "name": "Robust_LE_Curved_Lower"
}