{
  "design_name": "HighSweep_LeadCamber_HighDihedral",
  "design_params": {
    "le_sweep_deg": 79.97913429021358,
    "root_chord_in": 44.71076330725413,
    "twist_root_deg": 1.9871646271870675,
    "twist_tip_deg": 2.4774507151863268,
    "dihedral_deg": 11.299871850092007,
    "naca": {
      "m": 2,
      "p": 0,
      "t": 22,
      "chord_length": 1.0
    }
  },
  "sim_conditions": {
    "aoa_deg": 10.0,
    "mach": 0.3,
    "reynolds": 3000000.0
  },
  "vlm_results": {
    "CL": 0.3514577013549438,
    "CDi": 0.07648392918470676,
    "CM": -0.3473692860667358,
    "L_D": 4.59518365624473
  },
  "corrected_results": {
    "CL": -0.138581668291834,
    "CDi": -0.030055123042338865,
    "CM": 0.20462121440124245,
    "L_D": 4.61091668454037
  }
}