{
  "upper_weights": [
    0.0837189346692731,
    0.47345226442337734,
    0.01927072361491955,
    0.2897485489205431,
    -0.18325368530900799,
    0.023008774099232354,
    0.35781948768038113,
    0.0430278524218653
  ],
  "lower_weights": [
    0.008051388536834014,
    -0.07858204505697189,
    0.2038442330103583,
    -0.05585135628062293,
    -0.19419800359165923,
    0.22169806385352292,
    0.21987387222347138,
    -0.264988722899107
  ],
  "leading_edge_weight": -0.05264420505860079,
  "TE_thickness": 0.00637454107607905,
  "name": "design"
}