{
  "design_name": "SymmetricHighSweepThinLarge",
  "design_params": {
    "le_sweep_deg": 75.27240984619729,
    "root_chord_in": 47.72178457627489,
    "twist_root_deg": -1.8477333077421352,
    "twist_tip_deg": 5.611993191840461,
    "dihedral_deg": -8.357415888013124,
    "naca": {
      "m": 2,
      "p": 0,
      "t": 6,
      "chord_length": 1.0
    }
  },
  "sim_conditions": {
    "aoa_deg": 10.0,
    "mach": 0.3,
    "reynolds": 3000000.0
  },
  "vlm_results": {
    "CL": 0.27406840420537226,
    "CDi": 0.05908820067158918,
    "CM": -0.2801542995597048,
    "L_D": 4.638293281743981
  },
  "corrected_results": {
    "CL": -0.1427197443898108,
    "CDi": -0.02906480232576554,
    "CM": 0.22469670205995199,
    "L_D": 4.9103979029402085
  }
}