{
  "upper_weights": [
    0.5979863651721715,
    0.46390122935569506,
    0.31018021945454194,
    0.14137170081960165,
    0.15185288234519223,
    0.03440759965090617,
    -0.1365671270400418,
    -0.19375220553352118
  ],
  "lower_weights": [
    -0.17782572614737516,
    -0.03266178582531398,
    0.02000401172616284,
    -0.048481332663588395,
    -0.09985871701894336,
    -0.14547120512792053,
    -0.2134485042895258,
    -0.29964428516813363
  ],
  "leading_edge_weight": -0.09104170354514046,
  "TE_thickness": 0.006439277745739011,
  "name": "design"
}