{
  "design_name": "HighSweep_Camber_Anhedral_Exploration",
  "design_params": {
    "le_sweep_deg": 71.47866618168122,
    "root_chord_in": 25.734,
    "twist_root_deg": 0.0,
    "twist_tip_deg": 0.0,
    "dihedral_deg": 0.0,
    "naca": {
      "m": 4,
      "p": 4,
      "t": 11,
      "chord_length": 1.0
    }
  },
  "sim_conditions": {
    "aoa_deg": 0.0,
    "mach": 0.3,
    "reynolds": 3000000.0
  },
  "vlm_results": {
    "CL": 0.12246590399921986,
    "CDi": 0.01354650796357906,
    "CM": -0.17804105211672247,
    "L_D": 9.040403942365064
  },
  "corrected_results": {
    "CL": 0.057658998314642364,
    "CDi": 0.007136889678391894,
    "CM": -0.08340995913610222,
    "L_D": 8.079009332204539
  }
}