{
  "design_name": "ExtremeVortex_MaxCamber_4410",
  "design_params": {
    "le_sweep_deg": 79.391144525416,
    "root_chord_in": 36.46138870712722,
    "twist_root_deg": -10.0,
    "twist_tip_deg": -9.817630636384877,
    "dihedral_deg": -14.367902694933495,
    "naca": {
      "m": 4,
      "p": 4,
      "t": 11,
      "chord_length": 1.0
    }
  },
  "sim_conditions": {
    "aoa_deg": 10.0,
    "mach": 0.3,
    "reynolds": 3000000.0
  },
  "vlm_results": {
    "CL": -0.13567970031149898,
    "CDi": 0.024073397485073523,
    "CM": 0.04307041069962528,
    "L_D": -5.636084412082917
  },
  "corrected_results": {
    "CL": -0.10313030596329631,
    "CDi": 0.004329022708300441,
    "CM": 0.10744365175005537,
    "L_D": -23.82299953418006
  }
}