{
  "upper_weights": [
    0.05320164155344564,
    0.0907558540247287,
    0.18711847276000723,
    0.4695103999413311,
    0.49896651265762687,
    0.27661104610121484,
    -0.02427805708632455,
    0.1611373632524819
  ],
  "lower_weights": [
    -0.18571744297018034,
    -0.3,
    -0.1299745322829359,
    -0.15881159719127336,
    -0.13105152316538402,
    -0.018841136904995018,
    0.1906154138353332,
    0.21466295620823359
  ],
  "leading_edge_weight": 0.1327220859166222,
  "TE_thickness": 0.0,
  "name": "HPA_CamberReflex_Initial"
}