{
  "design_name": "CamberedWashoutMidHighSweepThin",
  "design_params": {
    "le_sweep_deg": 68.83673427468969,
    "root_chord_in": 40.996539195127276,
    "twist_root_deg": -10.0,
    "twist_tip_deg": -0.09473714497632368,
    "dihedral_deg": 1.8437149355181681,
    "naca": {
      "m": 4,
      "p": 4,
      "t": 6,
      "chord_length": 1.0
    }
  },
  "sim_conditions": {
    "aoa_deg": 10.0,
    "mach": 0.3,
    "reynolds": 3000000.0
  },
  "vlm_results": {
    "CL": 0.13528361184026536,
    "CDi": 0.02316960259531922,
    "CM": -0.19876281552026737,
    "L_D": 5.838840406679901
  },
  "corrected_results": {
    "CL": -0.07008379732487391,
    "CDi": -0.00988017515726554,
    "CM": 0.09340023155462718,
    "L_D": 7.09337599883912
  }
}