{
  "SA": 35.96904479622828,
  "AR": 8.454297757303728,
  "TR": 0.217984819943105,
  "kink": 0.390317245334959,
  "rootadj": 0.24544294163615382,
  "DA_kink": 4.006028776729683,
  "DA_tip": 5.249416762009843,
  "t_root": 0.15476256708790945,
  "r_t2": 0.6452518891923025,
  "r_t3": 0.9476830268503302,
  "r_t4": 0.9834552020262672,
  "r_d1": 0.7797083779266358,
  "r_d2": 0.9805065847651311,
  "r_d4": 0.11591936929972395,
  "tw1": -2.071138852973542,
  "tw2": -3.8869402945434546,
  "tw3": -1.8708256203526747,
  "tw4": -1.8152213600292275,
  "cst_upper": [
    0.19000230314136257,
    0.08617201009116617,
    0.13588349997345123,
    0.20060429511543393,
    0.09659497956021786,
    0.15190588255839244,
    0.14954756189414653,
    0.12917570767426328,
    0.141755910564411,
    0.21799540324238287
  ],
  "cst_lower": [
    -0.07836816153048785,
    -0.14886014853480162,
    -0.1522986751328879,
    -0.1555995534764494,
    -0.06356225386607739,
    -0.11677585076048112,
    -0.10698773190317926,
    -0.13976434762587447,
    -0.14653995728964817,
    -0.16021712352253567
  ],
  "_score": 10.765252200801475
}