{
  "design_name": "HighSweep_Symmetric_Washout",
  "design_params": {
    "le_sweep_deg": 74.37957631706927,
    "root_chord_in": 40.93417091651695,
    "twist_root_deg": -10.0,
    "twist_tip_deg": -10.0,
    "dihedral_deg": 8.357747960119417,
    "naca": {
      "m": 0,
      "p": 0,
      "t": 6,
      "chord_length": 1.0
    }
  },
  "sim_conditions": {
    "aoa_deg": 10.0,
    "mach": 0.3,
    "reynolds": 3000000.0
  },
  "vlm_results": {
    "CL": -0.0029064713634601998,
    "CDi": 9.526987481693949e-06,
    "CM": 0.0028555739956224895,
    "L_D": -305.07769313699293
  },
  "corrected_results": {
    "CL": -0.10772393820087679,
    "CDi": 0.00035310312824342766,
    "CM": 0.15601347951126196,
    "L_D": -305.0778358627636
  }
}