{
  "design_name": "High Sweep Symmetric Wing",
  "design_params": {
    "le_sweep_deg": 70.88793154804847,
    "root_chord_in": 38.53067084588771,
    "twist_root_deg": 0.2633780680961113,
    "twist_tip_deg": -10.0,
    "dihedral_deg": -6.39590883708288,
    "naca": {
      "m": 0,
      "p": 0,
      "t": 6,
      "chord_length": 1.0
    }
  },
  "sim_conditions": {
    "aoa_deg": 10.0,
    "mach": 0.3,
    "reynolds": 3000000.0
  },
  "vlm_results": {
    "CL": 0.2746290270895429,
    "CDi": 0.02887223282650949,
    "CM": -0.24510511283413475,
    "L_D": 9.511873527058427
  },
  "corrected_results": {
    "CL": 0.02812213966530106,
    "CDi": 0.00574388183251292,
    "CM": 0.03502691105839771,
    "L_D": 4.896016402377443
  }
}