{
  "upper_weights": [
    0.28368135923315047,
    0.3179220369884897,
    0.22296715867074396,
    0.10057886148687627,
    0.04938801111773225,
    -0.04897902117456543,
    -0.0683859543248004,
    -0.11585928574009474
  ],
  "lower_weights": [
    -0.0656053247447565,
    0.07613923569012303,
    0.01716128661303344,
    -0.08910859409514289,
    -0.2150326096822295,
    -0.3,
    -0.295551396449653,
    -0.25364635538701263
  ],
  "leading_edge_weight": 0.06808430722395499,
  "TE_thickness": 0.0006329426861307342,
  "name": "Reflexed_HighCL_BalancedCM"
}