{
  "design_name": "Exploitation Delta Refinement",
  "design_params": {
    "le_sweep_deg": 64.73254630980578,
    "root_chord_in": 31.21492350343739,
    "twist_root_deg": -3.4763149756437652,
    "twist_tip_deg": -3.302512993913603,
    "dihedral_deg": -6.053444814712212,
    "naca": {
      "m": 4,
      "p": 4,
      "t": 12,
      "chord_length": 1.0
    }
  },
  "sim_conditions": {
    "aoa_deg": 10.0,
    "mach": 0.3,
    "reynolds": 3000000.0
  },
  "vlm_results": {
    "CL": 0.35035823350679257,
    "CDi": 0.034367936906288366,
    "CM": -0.3713056365047227,
    "L_D": 10.194334168562992
  },
  "corrected_results": {
    "CL": 0.1765070305563993,
    "CDi": 0.013346960526628931,
    "CM": -0.1554740551992701,
    "L_D": 13.224511318831333
  }
}