{
  "upper_weights": [
    0.042323457678965115,
    -0.2914806854367624,
    0.10118267881558224,
    0.1684198968996432,
    0.185980292356333,
    0.15372852605625936,
    -0.14528042652491763,
    -0.2999220047749133
  ],
  "lower_weights": [
    0.2532928857624915,
    -0.2606899157399675,
    -0.20365747299520764,
    -0.03136268562551253,
    0.09249141061357835,
    0.2522080712223695,
    -0.08124823586941643,
    0.16112646576867257
  ],
  "leading_edge_weight": -0.45669860664868195,
  "TE_thickness": 3.7024690815142046e-05,
  "name": "iter_00001"
}