{
  "upper_weights": [
    0.44342198841324537,
    0.41338942824131714,
    0.3100211995709021,
    0.28844935853103487,
    0.2499623696095083,
    0.1522891546864759,
    0.06492921882767233,
    0.0028759730672215378
  ],
  "lower_weights": [
    -0.16541076845431052,
    -0.05662300463111769,
    0.0065166879483643525,
    -0.13128541795565443,
    -0.3,
    -0.3,
    -0.3,
    -0.3
  ],
  "leading_edge_weight": 0.10332274388612028,
  "TE_thickness": 0.01,
  "name": "iter_0354"
}