{
  "upper_weights": [
    0.3344596875083497,
    0.38379798257768555,
    0.3586864242367924,
    0.34921459356446416,
    0.3687446995044877,
    0.35876649208566913,
    0.2842038863049528,
    0.20863889007411143
  ],
  "lower_weights": [
    -0.21948817243360824,
    -0.016873906682246996,
    -0.03754189122443071,
    -0.05947903980568069,
    -0.1545618918977712,
    -0.17265711516247695,
    -0.14611817952942951,
    -0.12300432705409138
  ],
  "leading_edge_weight": 0.49759262721317643,
  "TE_thickness": 0.00021636478410743822,
  "name": "HPA_Iter130_SmoothedCamber"
}