{
  "design_name": "HighSweep_CamberedWashout_Hybrid",
  "design_params": {
    "le_sweep_deg": 75.07907093946089,
    "root_chord_in": 35.13263832723609,
    "twist_root_deg": -10.0,
    "twist_tip_deg": -10.0,
    "dihedral_deg": -13.283919063546053,
    "naca": {
      "m": 2,
      "p": 4,
      "t": 6,
      "chord_length": 1.0
    }
  },
  "sim_conditions": {
    "aoa_deg": 10.0,
    "mach": 0.3,
    "reynolds": 3000000.0
  },
  "vlm_results": {
    "CL": -0.002171931098487509,
    "CDi": 0.005168840184121083,
    "CM": -0.0313912126155193,
    "L_D": -0.4201969921917459
  },
  "corrected_results": {
    "CL": -0.03689087729975215,
    "CDi": -0.0007403795762236984,
    "CM": 0.05383524858290162,
    "L_D": 49.82697859915835
  }
}