{
  "design_name": "Hybrid_Cambered_MaxAnhedral_MidRootTwist",
  "design_params": {
    "le_sweep_deg": 66.17988078860873,
    "root_chord_in": 34.54967965715703,
    "twist_root_deg": -5.0443382933132375,
    "twist_tip_deg": -10.0,
    "dihedral_deg": -15.0,
    "naca": {
      "m": 2,
      "p": 4,
      "t": 11,
      "chord_length": 1.0
    }
  },
  "sim_conditions": {
    "aoa_deg": 10.0,
    "mach": 0.3,
    "reynolds": 3000000.0
  },
  "vlm_results": {
    "CL": 0.19270047553823433,
    "CDi": 0.009459953491580325,
    "CM": -0.20141363234199466,
    "L_D": 20.370129272807123
  },
  "corrected_results": {
    "CL": 0.04687621392395317,
    "CDi": -0.0007659099033126328,
    "CM": -0.021038538461871998,
    "L_D": -61.20330044200906
  }
}