{
  "design_name": "LowerSweep_HighCamber_ModAnhedral",
  "design_params": {
    "le_sweep_deg": 59.60931405908419,
    "root_chord_in": 36.13306580086225,
    "twist_root_deg": -5.918835110798085,
    "twist_tip_deg": -7.911735984695069,
    "dihedral_deg": -6.666897719365219,
    "naca": {
      "m": 4,
      "p": 4,
      "t": 6,
      "chord_length": 1.0
    }
  },
  "sim_conditions": {
    "aoa_deg": 10.0,
    "mach": 0.3,
    "reynolds": 3000000.0
  },
  "vlm_results": {
    "CL": 0.3137004583803928,
    "CDi": 0.02124558448584879,
    "CM": -0.34675639154198057,
    "L_D": 14.765442607114041
  },
  "corrected_results": {
    "CL": 0.12753770778474277,
    "CDi": 0.0008257721468515477,
    "CM": -0.10192075701306991,
    "L_D": 154.44660887511228
  }
}