{
  "upper_weights": [
    0.1778737027940619,
    0.24890088805747265,
    0.020043539897727752,
    -0.020400116968989024,
    -0.07657698387236955,
    0.15618193794336233,
    -0.08617503115016993,
    0.09566628509916365
  ],
  "lower_weights": [
    -0.14193447810462553,
    -0.22101629329957823,
    -0.23639651476189677,
    -0.0852719240710827,
    -0.014383732877385529,
    0.013920482865459122,
    -0.18111215225721883,
    0.13956572275365342
  ],
  "leading_edge_weight": 0.10224323873468652,
  "TE_thickness": 0.002113841783816252,
  "name": "HPA_InitialCamber_001"
}