{
  "SA": 28.859941478021426,
  "AR": 9.183613160184684,
  "TR": 0.29965377147742245,
  "kink": 0.3775868455750204,
  "rootadj": 0.6690152400558869,
  "DA_kink": 2.661728069480307,
  "DA_tip": 5.187185709629063,
  "t_root": 0.1627021682827686,
  "r_t2": 0.6279430701572822,
  "r_t3": 0.9177811964222609,
  "r_t4": 0.9508213078790284,
  "r_d1": 0.5557555157945783,
  "r_d2": 0.7844474485197767,
  "r_d4": 0.5099594050802698,
  "tw1": -2.563088569952992,
  "tw2": -2.7892856763463447,
  "tw3": -2.3032722459638157,
  "tw4": -1.681020282853782,
  "cst_upper": [
    0.15970431694933837,
    0.15147577617524127,
    0.14975854812825304,
    0.14268466391012619,
    0.0955482442082138,
    0.128760938313201,
    0.14420151903069733,
    0.15454333852952096,
    0.16516340858999015,
    0.15086815951531105
  ],
  "cst_lower": [
    -0.001226170895563833,
    -0.027798927418655212,
    -0.006684462715401187,
    -0.013329187344846342,
    0.0003783747737728148,
    -0.00012021503981418857,
    -0.012631756431982713,
    -0.010429686243199454,
    -0.009715582164905989,
    0.0147854238515593
  ],
  "_score": -0.05144652610756137
}