{
  "design_name": "HybridSweepCamberWashout",
  "le_sweep": 62.354792097531096,
  "root_chord_in": 36.112836823688866,
  "twist_root": -2.6464264511386864,
  "twist_tip": -6.551365686293031,
  "dihedral": -4.529526396702392,
  "naca": {
    "m": 4,
    "p": 0,
    "t": 12,
    "chord_length": 1.0
  }
}