{
  "design_name": "HighSweepThinAnhedralWashout",
  "le_sweep": 75.65395099032621,
  "root_chord_in": 36.6052723040421,
  "twist_root": -7.857000194438054,
  "twist_tip": -9.618711733483215,
  "dihedral": -15.0,
  "naca": {
    "m": 4,
    "p": 4,
    "t": 7,
    "chord_length": 1.0
  }
}