{
  "design_name": "High_Sweep_Symmetric_Thin_Dihedral",
  "le_sweep": 73.02249072456011,
  "root_chord_in": 42.31238530387792,
  "twist_root": 1.471275760788382,
  "twist_tip": 0.16971280689424884,
  "dihedral": 4.446025368643882,
  "naca": {
    "m": 0,
    "p": 0,
    "t": 11,
    "chord_length": 1.0
  }
}