{
  "design_name": "Hybrid_Camber_PositiveDihedral",
  "le_sweep": 68.90419085309674,
  "root_chord_in": 33.97257308747369,
  "twist_root": -6.374035642597062,
  "twist_tip": -7.9104427593561075,
  "dihedral": 7.578009793777308,
  "naca": {
    "m": 2,
    "p": 4,
    "t": 6,
    "chord_length": 1.0
  }
}