{
  "design_name": "UncamberedVortexDihedral",
  "le_sweep": 55.16677077642256,
  "root_chord_in": 37.90622587261296,
  "twist_root": -3.323836299631623,
  "twist_tip": -4.413768523032536,
  "dihedral": 2.400350005381371,
  "naca": {
    "m": 0,
    "p": 0,
    "t": 17,
    "chord_length": 1.0
  }
}