{
  "design_name": "High_Sweep_Aggressive_Camber_Thin",
  "le_sweep": 69.48138837570511,
  "root_chord_in": 34.78055036427369,
  "twist_root": -5.812928341516562,
  "twist_tip": -10.0,
  "dihedral": -2.5408560941628546,
  "naca": {
    "m": 4,
    "p": 0,
    "t": 11,
    "chord_length": 1.0
  }
}