{
  "design_name": "LowSweep_SmallChord_PositiveDihedral_WashIn_Thick",
  "le_sweep": 48.54219481675146,
  "root_chord_in": 20.244313872357587,
  "twist_root": 1.8709714928947054,
  "twist_tip": -5.906734329679193,
  "dihedral": 9.384107769900817,
  "naca": {
    "m": 4,
    "p": 4,
    "t": 23,
    "chord_length": 1.0
  }
}