{
  "design_name": "Hybrid_Delta_68_4414_Washout",
  "le_sweep": 74.42729508676051,
  "root_chord_in": 41.83596057965081,
  "twist_root": -7.302538853994683,
  "twist_tip": -4.289528386444788,
  "dihedral": -3.559305614526327,
  "naca": {
    "m": 4,
    "p": 4,
    "t": 18,
    "chord_length": 1.0
  }
}