{
  "design_name": "ModerateSweepAggressiveWashoutScaled",
  "le_sweep": 56.36059990975912,
  "root_chord_in": 45.84823585005108,
  "twist_root": -6.572564112939486,
  "twist_tip": -4.6631329890769315,
  "dihedral": 7.628686984725483,
  "naca": {
    "m": 4,
    "p": 4,
    "t": 11,
    "chord_length": 1.0
  }
}