{
  "design_name": "HighSweep_PosRootTwist_Symmetric",
  "le_sweep": 72.73614463472529,
  "root_chord_in": 26.670957620924735,
  "twist_root": -1.6867169710880638,
  "twist_tip": -7.820110816052536,
  "dihedral": 4.033177491279874,
  "naca": {
    "m": 2,
    "p": 0,
    "t": 9,
    "chord_length": 1.0
  }
}