{
  "design_name": "HighSweep_Symmetric_Washout",
  "le_sweep": 74.37957631706927,
  "root_chord_in": 40.93417091651695,
  "twist_root": -10.0,
  "twist_tip": -10.0,
  "dihedral": 8.357747960119417,
  "naca": {
    "m": 0,
    "p": 0,
    "t": 6,
    "chord_length": 1.0
  }
}