{
  "design_name": "HighSweepAggressiveWashoutCamberedThick",
  "le_sweep": 72.72773240655862,
  "root_chord_in": 44.37179020958433,
  "twist_root": -4.213648199500504,
  "twist_tip": -8.571368480229005,
  "dihedral": 2.098374247197225,
  "naca": {
    "m": 0,
    "p": 0,
    "t": 20,
    "chord_length": 1.0
  }
}