{
  "design_name": "Exploitation_Refinement_Delta",
  "le_sweep": 64.51941103181072,
  "root_chord_in": 35.4009890283051,
  "twist_root": -7.555762079129083,
  "twist_tip": -5.465675675612887,
  "dihedral": -4.202596183010301,
  "naca": {
    "m": 2,
    "p": 4,
    "t": 8,
    "chord_length": 1.0
  }
}