{
  "design_name": "HighSweepCamberWashout",
  "le_sweep": 70.68337163169838,
  "root_chord_in": 36.43240057525073,
  "twist_root": -6.720363171833019,
  "twist_tip": -7.505138682769669,
  "dihedral": -0.9323950221448916,
  "naca": {
    "m": 2,
    "p": 4,
    "t": 9,
    "chord_length": 1.0
  }
}