{
  "design_name": "LowSweep_ExtremeWashout_ThickCamber",
  "le_sweep": 50.41583301278226,
  "root_chord_in": 28.46369541018523,
  "twist_root": -1.2180826724539935,
  "twist_tip": -10.0,
  "dihedral": -9.05915032694074,
  "naca": {
    "m": 4,
    "p": 4,
    "t": 19,
    "chord_length": 1.0
  }
}