{
  "design_name": "HighSweep_MildTwist_PosDihedral_ThinCamber",
  "le_sweep": 71.83015287576329,
  "root_chord_in": 28.56995149816403,
  "twist_root": -4.708671075971289,
  "twist_tip": -7.3293417246561425,
  "dihedral": 8.367965783683374,
  "naca": {
    "m": 2,
    "p": 4,
    "t": 6,
    "chord_length": 1.0
  }
}