{
  "design_name": "ModerateSweepHighCamberWashout",
  "le_sweep": 57.522790242438,
  "root_chord_in": 46.212493033557,
  "twist_root": -10.0,
  "twist_tip": 9.5595840050255,
  "dihedral": -2.5306305781593537,
  "naca": {
    "m": 4,
    "p": 4,
    "t": 12,
    "chord_length": 1.0
  }
}