{
  "design_name": "High_Sweep_AggressiveTwist_ThinCamber",
  "le_sweep": 79.9477357237475,
  "root_chord_in": 28.335213741750827,
  "twist_root": -6.3949058806030035,
  "twist_tip": 3.9805876619284977,
  "dihedral": 14.820619967528097,
  "naca": {
    "m": 4,
    "p": 4,
    "t": 14,
    "chord_length": 1.0
  }
}