{
  "design_name": "LowSweep_HighChord_PositiveDihedral_4411",
  "le_sweep": 54.74787144959549,
  "root_chord_in": 37.10913007088573,
  "twist_root": -10.0,
  "twist_tip": -8.49613946895766,
  "dihedral": 5.814742926467818,
  "naca": {
    "m": 4,
    "p": 4,
    "t": 10,
    "chord_length": 1.0
  }
}