{
  "design_name": "HighSweep_ZeroCamber_AggressiveTipWashout",
  "le_sweep": 74.23348001519236,
  "root_chord_in": 28.85955125929463,
  "twist_root": -6.604607129403265,
  "twist_tip": -7.820783637390148,
  "dihedral": 2.3299493395798914,
  "naca": {
    "m": 0,
    "p": 0,
    "t": 7,
    "chord_length": 1.0
  }
}