{
  "design_name": "Exploit_Design2_RefinedTwistNACA",
  "le_sweep": 62.865738964360624,
  "root_chord_in": 35.29677911044654,
  "twist_root": -8.885934008948727,
  "twist_tip": -6.743187238029742,
  "dihedral": -12.589946190844632,
  "naca": {
    "m": 4,
    "p": 4,
    "t": 11,
    "chord_length": 1.0
  }
}