{
  "design_name": "HighSweep_AggressiveCamber_Twisted",
  "le_sweep": 67.50116269168879,
  "root_chord_in": 27.535434328627133,
  "twist_root": -10.0,
  "twist_tip": -0.7201137006355642,
  "dihedral": -6.819040733141676,
  "naca": {
    "m": 2,
    "p": 4,
    "t": 9,
    "chord_length": 1.0
  }
}