{
  "design_name": "LowSweep_WashInRoot_SymmetricThick",
  "le_sweep": 59.965380677303315,
  "root_chord_in": 21.554980648397652,
  "twist_root": 7.939924922298217,
  "twist_tip": -7.901002876891493,
  "dihedral": 2.5945574444234474,
  "naca": {
    "m": 0,
    "p": 0,
    "t": 20,
    "chord_length": 1.0
  }
}