{
  "design_name": "Initial_Exploratory_Delta",
  "le_sweep": 61.20811714830997,
  "root_chord_in": 31.471826144224305,
  "twist_root": 2.8838992338332554,
  "twist_tip": -2.9134757591412055,
  "dihedral": -8.291147743837199,
  "naca": {
    "m": 0,
    "p": 0,
    "t": 11,
    "chord_length": 1.0
  }
}