{
  "design_name": "HighSweep_WashinRoot_NACA4410",
  "le_sweep": 80.0,
  "root_chord_in": 31.915065328845305,
  "twist_root": -0.684274113555484,
  "twist_tip": -5.232112444987421,
  "dihedral": 9.806942228702063,
  "naca": {
    "m": 4,
    "p": 4,
    "t": 11,
    "chord_length": 1.0
  }
}