{
  "design_name": "Hybrid_SweepCamber_StrongRootWashout",
  "le_sweep": 68.97353762431027,
  "root_chord_in": 34.81040301338248,
  "twist_root": -5.828521151809298,
  "twist_tip": -1.3758803989941097,
  "dihedral": -4.001973359565675,
  "naca": {
    "m": 2,
    "p": 4,
    "t": 15,
    "chord_length": 1.0
  }
}