{
  "design_name": "Hybrid_Camber_Sweep_Twist",
  "le_sweep": 65.7461503137709,
  "root_chord_in": 38.87904806476729,
  "twist_root": -8.351936722409635,
  "twist_tip": -7.083030590702114,
  "dihedral": 1.9771406117086148,
  "naca": {
    "m": 4,
    "p": 0,
    "t": 11,
    "chord_length": 1.0
  }
}