{
  "design_name": "High_Sweep_Aggressive_Washout_NACA4410",
  "le_sweep": 71.69428907534383,
  "root_chord_in": 40.774349447063564,
  "twist_root": -7.04396852201159,
  "twist_tip": 0.23067840800483408,
  "dihedral": -3.1002200503085415,
  "naca": {
    "m": 4,
    "p": 4,
    "t": 7,
    "chord_length": 1.0
  }
}