{
  "design_name": "Hybrid Washout Camber Delta",
  "le_sweep": 60.93107839549697,
  "root_chord_in": 31.396935351832067,
  "twist_root": -10.0,
  "twist_tip": 3.5363189745617643,
  "dihedral": -1.9189536545927897,
  "naca": {
    "m": 4,
    "p": 4,
    "t": 11,
    "chord_length": 1.0
  }
}