{
  "design_name": "HighSweepAggressiveWashout",
  "le_sweep": 72.51357030686904,
  "root_chord_in": 33.117637061409134,
  "twist_root": -10.0,
  "twist_tip": -6.006195676366829,
  "dihedral": 7.131211707338419,
  "naca": {
    "m": 2,
    "p": 4,
    "t": 8,
    "chord_length": 1.0
  }
}