{
  "design_name": "Exploitation_NACA4411_WashoutRefinement",
  "le_sweep": 64.58158586295932,
  "root_chord_in": 34.15965421000818,
  "twist_root": -8.828988754196851,
  "twist_tip": -6.478078334997223,
  "dihedral": 1.8405087869598535,
  "naca": {
    "m": 2,
    "p": 4,
    "t": 10,
    "chord_length": 1.0
  }
}