{
  "design_name": "LowSweep_NoCamber_HighDihedral",
  "le_sweep": 50.26007280104094,
  "root_chord_in": 43.14201908921501,
  "twist_root": -10.0,
  "twist_tip": -8.282378234888895,
  "dihedral": 6.969945721800123,
  "naca": {
    "m": 0,
    "p": 0,
    "t": 21,
    "chord_length": 1.0
  }
}