{
  "design_name": "Initial_Symmetric_Twisted_Delta",
  "le_sweep": 70.43383766599027,
  "root_chord_in": 32.598849004049306,
  "twist_root": 2.2760746492022745,
  "twist_tip": -4.939182729342961,
  "dihedral": 2.347862098550484,
  "naca": {
    "m": 0,
    "p": 0,
    "t": 16,
    "chord_length": 1.0
  }
}