{
  "design_name": "SymmetricHighSweepThinLarge",
  "le_sweep": 75.27240984619729,
  "root_chord_in": 47.72178457627489,
  "twist_root": -1.8477333077421352,
  "twist_tip": 5.611993191840461,
  "dihedral": -8.357415888013124,
  "naca": {
    "m": 2,
    "p": 0,
    "t": 6,
    "chord_length": 1.0
  }
}