{
  "design_name": "Initial_ModerateSweep_Cambered_Washout",
  "le_sweep": 71.9344091490956,
  "root_chord_in": 29.745073400650337,
  "twist_root": 7.570381856872106,
  "twist_tip": 1.8370191425154605,
  "dihedral": -5.5392141355247,
  "naca": {
    "m": 2,
    "p": 0,
    "t": 13,
    "chord_length": 1.0
  }
}