{
  "design_name": "LowSweepPosTwistThinCamber",
  "le_sweep": 48.63519838668501,
  "root_chord_in": 39.105651362708585,
  "twist_root": 8.439806875085814,
  "twist_tip": -2.5934718383790694,
  "dihedral": 1.7594428568916207,
  "naca": {
    "m": 0,
    "p": 0,
    "t": 6,
    "chord_length": 1.0
  }
}