{
  "design_name": "MidHighSweepWashinSmallChordThickNACA",
  "le_sweep": 72.23800602403034,
  "root_chord_in": 22.161723256332195,
  "twist_root": -10.0,
  "twist_tip": -8.359833034445886,
  "dihedral": 10.718237680039717,
  "naca": {
    "m": 4,
    "p": 4,
    "t": 24,
    "chord_length": 1.0
  }
}