{
  "design_name": "LowerSweep_StrongTipWashout_PositiveDihedral_NACA2409",
  "le_sweep": 57.79411048868741,
  "root_chord_in": 40.083645041150405,
  "twist_root": -6.862352534502452,
  "twist_tip": -2.8302619887957885,
  "dihedral": 8.566375963782257,
  "naca": {
    "m": 2,
    "p": 4,
    "t": 9,
    "chord_length": 1.0
  }
}