{
  "design_name": "HybridSweepCamberWashout",
  "le_sweep": 64.40194972140819,
  "root_chord_in": 36.577926274207265,
  "twist_root": -8.998097319309338,
  "twist_tip": -7.885741985611059,
  "dihedral": -8.309917439642764,
  "naca": {
    "m": 4,
    "p": 4,
    "t": 11,
    "chord_length": 1.0
  }
}