{
  "design_name": "HighSweepAggressiveCamberWashout",
  "le_sweep": 70.56885452751918,
  "root_chord_in": 46.91400492557774,
  "twist_root": -5.537966061901884,
  "twist_tip": -5.418503994236705,
  "dihedral": 4.2477998777242725,
  "naca": {
    "m": 2,
    "p": 4,
    "t": 15,
    "chord_length": 1.0
  }
}