{
  "design_name": "Hybrid_Sweep68_PosDihedral_NACA4410",
  "le_sweep": 73.01332321301938,
  "root_chord_in": 32.04197491081827,
  "twist_root": -3.768056925147289,
  "twist_tip": -10.0,
  "dihedral": 15.0,
  "naca": {
    "m": 4,
    "p": 4,
    "t": 10,
    "chord_length": 1.0
  }
}