{
  "design_name": "SymmetricAirfoil_InvertedWashout_PositiveDihedral",
  "le_sweep": 62.81458153908209,
  "root_chord_in": 39.95702030040245,
  "twist_root": -3.321422752165353,
  "twist_tip": -6.110324801062059,
  "dihedral": -0.7587811076200079,
  "naca": {
    "m": 0,
    "p": 0,
    "t": 9,
    "chord_length": 1.0
  }
}