{
  "design_name": "HighSweepThinWashInChordExplore",
  "le_sweep": 73.75270080776728,
  "root_chord_in": 16.28563471141456,
  "twist_root": 3.051192666880425,
  "twist_tip": -7.252725967927136,
  "dihedral": 6.551411950889537,
  "naca": {
    "m": 2,
    "p": 0,
    "t": 8,
    "chord_length": 1.0
  }
}