{
  "design_name": "Hybrid_AggressiveTwistHighSweep",
  "le_sweep": 67.43278980955742,
  "root_chord_in": 33.29617955120511,
  "twist_root": -7.711796532362334,
  "twist_tip": -5.785821701855042,
  "dihedral": -5.403681154251943,
  "naca": {
    "m": 2,
    "p": 4,
    "t": 10,
    "chord_length": 1.0
  }
}