{
  "design_name": "CamberedModerateSweepThinAirfoil",
  "le_sweep": 64.21950356723936,
  "root_chord_in": 33.47454058776262,
  "twist_root": -4.260227205013409,
  "twist_tip": -3.6737894573289953,
  "dihedral": 0.3659306244328788,
  "naca": {
    "m": 4,
    "p": 4,
    "t": 9,
    "chord_length": 1.0
  }
}