{
  "design_name": "HighSweep_Symmetric_LargeChord",
  "le_sweep": 72.44249002979743,
  "root_chord_in": 45.896359445722254,
  "twist_root": -3.77229587179536,
  "twist_tip": -0.0013215615233457267,
  "dihedral": -9.330554926967883,
  "naca": {
    "m": 2,
    "p": 0,
    "t": 16,
    "chord_length": 1.0
  }
}