{
  "design_name": "HighSweep_ThinNACA2409_NeutralDihedral",
  "le_sweep": 72.12876835483732,
  "root_chord_in": 23.727910159653995,
  "twist_root": -5.095496765642104,
  "twist_tip": -3.462334572950207,
  "dihedral": -3.600111901411215,
  "naca": {
    "m": 0,
    "p": 0,
    "t": 9,
    "chord_length": 1.0
  }
}