{
  "design_name": "Exploitation_NACA4413_RefinedWashout",
  "le_sweep": 67.41131157838757,
  "root_chord_in": 36.05999452328434,
  "twist_root": -6.596883654203959,
  "twist_tip": -6.121981842274735,
  "dihedral": -7.695775675748684,
  "naca": {
    "m": 4,
    "p": 4,
    "t": 13,
    "chord_length": 1.0
  }
}