{
  "design_name": "Cambered High Washout Exploitation",
  "le_sweep": 65.64905834621585,
  "root_chord_in": 40.868933388523985,
  "twist_root": -10.0,
  "twist_tip": -9.061029038627403,
  "dihedral": -8.675823851742372,
  "naca": {
    "m": 4,
    "p": 0,
    "t": 16,
    "chord_length": 1.0
  }
}