{
  "design_name": "Hybrid_SweepTwistThicker_Anhedral",
  "le_sweep": 74.40602339631053,
  "root_chord_in": 34.354040513714864,
  "twist_root": -6.7920779617714375,
  "twist_tip": -5.268169992781713,
  "dihedral": -6.19123427041613,
  "naca": {
    "m": 4,
    "p": 4,
    "t": 15,
    "chord_length": 1.0
  }
}