{
  "design_name": "HighSweep_PosDihedral_ModCamber",
  "le_sweep": 72.34284511591578,
  "root_chord_in": 30.43465212152632,
  "twist_root": -2.400352176271208,
  "twist_tip": -3.789176431944699,
  "dihedral": 7.431166857093522,
  "naca": {
    "m": 2,
    "p": 4,
    "t": 12,
    "chord_length": 1.0
  }
}