{
  "design_name": "Exploit_NACA4413_Washout_V1",
  "le_sweep": 66.19920346672792,
  "root_chord_in": 39.98731394256998,
  "twist_root": -6.370840601901548,
  "twist_tip": -4.795038784197894,
  "dihedral": -2.861440315727649,
  "naca": {
    "m": 4,
    "p": 0,
    "t": 11,
    "chord_length": 1.0
  }
}