{
  "design_name": "MidSweep_LargeChord_LowCamber_TipWashout",
  "le_sweep": 60.49463231881598,
  "root_chord_in": 44.126989087919235,
  "twist_root": -7.545555730035571,
  "twist_tip": -2.0060548213328238,
  "dihedral": 2.371254243106393,
  "naca": {
    "m": 2,
    "p": 4,
    "t": 8,
    "chord_length": 1.0
  }
}