{
  "design_name": "HighSweep_AggressiveWashout_ThinCambered",
  "le_sweep": 68.10664651337017,
  "root_chord_in": 37.71473451033269,
  "twist_root": -10.0,
  "twist_tip": -10.0,
  "dihedral": -8.486021977379576,
  "naca": {
    "m": 2,
    "p": 4,
    "t": 14,
    "chord_length": 1.0
  }
}