{
  "design_name": "HybridVortexWashout4414",
  "le_sweep": 76.03590804789442,
  "root_chord_in": 40.95816275329628,
  "twist_root": -10.0,
  "twist_tip": -3.547014662201455,
  "dihedral": -2.3373017899370474,
  "naca": {
    "m": 4,
    "p": 0,
    "t": 16,
    "chord_length": 1.0
  }
}