{
  "design_name": "LowSweep_Symmetric_PositiveTipTwist_Thick",
  "le_sweep": 52.89898513493907,
  "root_chord_in": 45.19489734242752,
  "twist_root": -6.196535800515929,
  "twist_tip": 4.989337837615407,
  "dihedral": 7.662022792517888,
  "naca": {
    "m": 2,
    "p": 0,
    "t": 22,
    "chord_length": 1.0
  }
}