{
  "upper_weights": [
    0.2889500223283939,
    0.25141795390434835,
    0.18028722323313884,
    0.17951245222404305,
    0.10340645171603541,
    0.07332495829741087,
    0.06675493146335643,
    0.19342026411473984
  ],
  "lower_weights": [
    -0.22518967007623625,
    -0.2142409282466745,
    -0.20110213045703265,
    -0.2777325121400632,
    -0.3,
    -0.1969823124359121,
    -0.06546866466594936,
    -0.07119424512253078
  ],
  "leading_edge_weight": -0.297083669787912,
  "TE_thickness": 0.0,
  "name": "iter_0419"
}