{
  "name": "iter_0109",
  "mach": 0.82,
  "aoa": 3.0,
  "SA": 40.0,
  "AR": 11.0,
  "TR": 0.4,
  "kink": 0.42,
  "rootadj": 0.1,
  "DA_kink": 6.0,
  "DA_tip": 4.956848084678053,
  "t_root": 0.14,
  "r_t2": 0.6,
  "r_t3": 0.9478872914747455,
  "r_t4": 1.0,
  "r_d1": 0.8,
  "r_d2": 0.7586947350200761,
  "r_d4": 0.23746115759304476,
  "tw1": -2.90617626669874,
  "tw2": -4.0,
  "tw3": -1.0,
  "tw4": -3.0,
  "cst_upper": [
    0.5999999999999999,
    0.33975668394885644,
    0.5999999999999999,
    0.3894816188907399,
    0.44324393057454786,
    0.32618902678037215,
    0.5999999999999999,
    0.5999999999999999,
    0.5999999999999999,
    0.5999999999999999
  ],
  "cst_lower": [
    -0.3,
    -0.3,
    -0.3,
    -0.00829736887440774,
    -0.3,
    -0.014074640352972234,
    0.3,
    -0.3,
    0.3,
    0.3
  ]
}