{
  "upper_weights": [
    0.17682236788928407,
    0.23115082834978234,
    0.11059488259759193,
    -0.10294658791572586,
    -0.0968410757800583,
    -0.11431069752712836,
    0.01978359365680843,
    0.16846032661346005
  ],
  "lower_weights": [
    -0.2535553318028112,
    -0.22860167289834715,
    -0.22585989891509828,
    -0.29379923952648257,
    -0.23497609433292893,
    -0.2359586779810428,
    -0.2997555626735744,
    -0.2928247103990398
  ],
  "leading_edge_weight": -0.1660294867875401,
  "TE_thickness": 0.008074686045451883,
  "name": "iter_00698"
}