{
  "design_name": "HighSweep_MildTwist_PosDihedral_ThinCamber",
  "design_params": {
    "le_sweep_deg": 71.83015287576329,
    "root_chord_in": 28.56995149816403,
    "twist_root_deg": -4.708671075971289,
    "twist_tip_deg": -7.3293417246561425,
    "dihedral_deg": 8.367965783683374,
    "naca": {
      "m": 2,
      "p": 4,
      "t": 6,
      "chord_length": 1.0
    }
  },
  "sim_conditions": {
    "aoa_deg": 10.0,
    "mach": 0.3,
    "reynolds": 3000000.0
  },
  "vlm_results": {
    "CL": 0.2333232805926961,
    "CDi": 0.015197896871234165,
    "CM": -0.24760348974985424,
    "L_D": 15.352340035568934
  },
  "corrected_results": {
    "CL": 0.14866145553806032,
    "CDi": 0.008363081387133587,
    "CM": -0.133601349380577,
    "L_D": 17.77591878596
  }
}