{
  "SA": 35.40926669623148,
  "AR": 9.819148849059367,
  "TR": 0.3575781462464347,
  "kink": 0.3993428443145826,
  "rootadj": 1.0230393178667163,
  "DA_kink": 0.9580574362186352,
  "DA_tip": 4.0,
  "t_root": 0.15512606491681658,
  "r_t2": 0.6360380357060627,
  "r_t3": 0.9498244606835164,
  "r_t4": 0.9326059626655001,
  "r_d1": 0.6470375226651319,
  "r_d2": 0.7689591629235158,
  "r_d4": 0.48332296829620836,
  "tw1": -2.720642310078681,
  "tw2": -2.9669560725534145,
  "tw3": -1.710820198266449,
  "tw4": -2.9043360050849727,
  "cst_upper": [
    0.1331203542808686,
    0.0791408238778816,
    0.09244608094501186,
    0.12128113715078326,
    0.07339198799012256,
    0.09981387409295309,
    0.10613886225317104,
    0.10565152363665456,
    0.1040619967896936,
    0.11357377520831977
  ],
  "cst_lower": [
    -0.005990893435646627,
    -0.025570300785042493,
    -0.012884231262337844,
    -0.009595273311599982,
    -0.030620922377923368,
    -0.016004972360572543,
    -0.013386264845567918,
    -0.020891855891305364,
    -0.011596102652899114,
    -0.013898325513718151
  ],
  "_score": 12.05971989199156
}