{
  "upper_weights": [
    0.22540146462604171,
    0.3363858302662258,
    0.42043373108246984,
    0.2892090838333762,
    0.1586056339671825,
    0.06889978037988562,
    -0.08929811028570739,
    -0.17037375990412104
  ],
  "lower_weights": [
    -0.05891883559634258,
    -0.05998256927145052,
    -0.01210897658839451,
    -0.05314130376968479,
    -0.11128842360674017,
    -0.2536139298006167,
    -0.28876626761113044,
    -0.2820000779140951
  ],
  "leading_edge_weight": 0.09244487671915613,
  "TE_thickness": 0.00010750825414718964,
  "name": "Refined_Reflex_HighLD_001"
}