{
  "upper_weights": [
    0.5961539511904104,
    0.41974864728460354,
    0.05561427846099609,
    -0.14120346907143724,
    -0.19396503664256037,
    -0.23280408572949873,
    0.01139530131321137,
    0.5082929595139782
  ],
  "lower_weights": [
    -0.29670221936778185,
    -0.2960362322624676,
    -0.2197085062553224,
    -0.1618250388935895,
    -0.20050807097240383,
    -0.28155378149933274,
    -0.2921743424869491,
    -0.18337534179633272
  ],
  "leading_edge_weight": -0.2557983167769787,
  "TE_thickness": 0.0029042895941837556,
  "name": "iter_00218"
}