{
  "upper_weights": [
    0.427241076426309,
    0.46009626492249606,
    0.4487009768753972,
    0.23525744073304605,
    0.05879050619381326,
    -0.016445306504331014,
    -0.008558307396444642,
    -0.0014039971042411614
  ],
  "lower_weights": [
    -0.14756761704470625,
    -0.09639124458562595,
    -0.10557687072532052,
    -0.10189309999055476,
    -0.13551889794203248,
    -0.16212786041470378,
    -0.27442869647580653,
    -0.24864525555471104
  ],
  "leading_edge_weight": 0.3026574117974211,
  "TE_thickness": 0.0002567520555247068,
  "name": "design"
}