{
  "upper_weights": [
    0.6,
    0.34402813672178745,
    0.1061455674122273,
    -0.030992759095998808,
    -0.08013168539621929,
    0.04820389530740181,
    0.25691297977888916,
    0.33873150227514626
  ],
  "lower_weights": [
    -0.16271533254895088,
    -0.0906395729144272,
    -0.11877547849059591,
    -0.10405031709364446,
    -0.063190567902028,
    -0.01479713706119672,
    -0.013516072705932391,
    -0.09277757449349575
  ],
  "leading_edge_weight": -0.03799252562490417,
  "TE_thickness": 0.0022125531518948746,
  "name": "design"
}