{
  "upper_weights": [
    0.4943198153972783,
    0.4962754894110329,
    0.44383427343847487,
    0.4070428280093061,
    0.33962543020079333,
    0.33406081608596244,
    0.2360663177406318,
    0.006833070517403797
  ],
  "lower_weights": [
    -0.21808059694871768,
    -0.11783495042494349,
    -0.010423165522136686,
    0.09390601839102411,
    0.14710888698569793,
    0.17509514776965107,
    0.050921617040632305,
    -0.2221140511766232
  ],
  "leading_edge_weight": 0.5,
  "TE_thickness": 0.0026530002576995388,
  "name": "design"
}