{
  "design_name": "Hybrid_AggressiveTwistHighSweep",
  "design_params": {
    "le_sweep_deg": 67.43278980955742,
    "root_chord_in": 33.29617955120511,
    "twist_root_deg": -7.711796532362334,
    "twist_tip_deg": -5.785821701855042,
    "dihedral_deg": -5.403681154251943,
    "naca": {
      "m": 2,
      "p": 4,
      "t": 10,
      "chord_length": 1.0
    }
  },
  "sim_conditions": {
    "aoa_deg": 10.0,
    "mach": 0.3,
    "reynolds": 3000000.0
  },
  "vlm_results": {
    "CL": 0.1680648916752174,
    "CDi": 0.009287088015640196,
    "CM": -0.18721830258856553,
    "L_D": 18.096618810135396
  },
  "corrected_results": {
    "CL": 0.05039961968383351,
    "CDi": -0.00027058183296432186,
    "CM": -0.031807657847078,
    "L_D": -186.26387119817855
  }
}