{
  "upper_weights": [
    0.18864276807832034,
    0.2344487065017201,
    0.4380305988826026,
    0.3973810465092761,
    0.5000000049657723,
    0.5000000049627447,
    -0.06431797876630342,
    0.27177385740673293
  ],
  "lower_weights": [
    -0.07499125149697368,
    0.022415238399608853,
    -0.08622563604410625,
    0.1739278440223785,
    -0.22058281359969978,
    0.24999999987117558,
    -0.1896442517184517,
    0.16150368832259313
  ],
  "leading_edge_weight": 0.4355608309226816,
  "TE_thickness": 0.0,
  "name": "lhs_idx_0012"
}