{
  "upper_weights": [
    0.18864276807832034,
    0.2344487065017201,
    0.4380305988826026,
    0.3973810465092761,
    0.5000000049657723,
    0.5000000049627447,
    -0.06431797876630342,
    0.27177385740673293
  ],
  "lower_weights": [
    -0.07499125149697368,
    0.022415238399608853,
    -0.08622563604410625,
    0.1739278440223785,
    -0.22058281359969978,
    0.24999999987117558,
    -0.1896442517184517,
    0.16150368832259313
  ],
  "leading_edge_weight": 0.4355608309226816,
  "TE_thickness": 0.0,
  "name": "lhs_idx_0012",
  "alpha": 5.0,
  "re": 10000000.0,
  "mach": 0.2,
  "model_size": "large",
  "CL": 1.3495589063747009,
  "CD": 0.003690077055478215,
  "CM": -0.1330000099924345,
  "analysis_confidence": 0.8999999900117935,
  "L_D": 365.7264837792947,
  "solver_success": true,
  "n_iters": 66,
  "feasible": false
}