{
  "upper_weights": [
    0.24501306859070682,
    0.369281646041157,
    0.40223301179577275,
    0.30088296462155617,
    0.19391437894542563,
    0.17753993885198865,
    0.1179980430125329,
    0.046495088298413076
  ],
  "lower_weights": [
    -0.07652104916590474,
    0.00864779954713983,
    -0.01679710892239542,
    -0.03636084808075568,
    0.020239260073737046,
    -0.032865436810857074,
    -0.0861148635030042,
    -0.3
  ],
  "leading_edge_weight": 0.3036991478611332,
  "TE_thickness": 0.008878294360276148,
  "name": "design"
}