{
  "upper_weights": [
    0.31074991256727075,
    0.24199603054225177,
    0.35324214851723285,
    0.28448826649221387,
    0.39573438446719494,
    0.3269805024421761,
    0.258226620417157,
    0.36947273839213807
  ],
  "lower_weights": [
    0.10047923757807942,
    0.17464331622806684,
    0.1288073948780542,
    0.08297147352804157,
    0.15713555217802888,
    0.11129963082801636,
    0.06546370947800378,
    0.13962778812799115
  ],
  "leading_edge_weight": 0.15631977796329766,
  "TE_thickness": 0.007799265757132766,
  "_score": 190.88474864318056
}