{
  "design_name": "ExtremeSweepCamberedWashout",
  "design_params": {
    "le_sweep_deg": 80.0,
    "root_chord_in": 31.341405415846847,
    "twist_root_deg": -9.959231073935074,
    "twist_tip_deg": -9.3050137236621,
    "dihedral_deg": -11.823101616742015,
    "naca": {
      "m": 2,
      "p": 4,
      "t": 8,
      "chord_length": 1.0
    }
  },
  "sim_conditions": {
    "aoa_deg": 10.0,
    "mach": 0.3,
    "reynolds": 3000000.0
  },
  "vlm_results": {
    "CL": -0.017051302755975384,
    "CDi": 0.004582154527859175,
    "CM": -0.016280086378411763,
    "L_D": -3.721241318315362
  },
  "corrected_results": {
    "CL": 0.003150633813881079,
    "CDi": -0.00013615832048320098,
    "CM": 0.004901559511160355,
    "L_D": -23.13948793360594
  }
}