{
  "upper_weights": [
    -0.22118297952882698,
    0.6,
    0.025117564372217308,
    0.6,
    0.6,
    0.16585418333131546,
    -0.3,
    0.6
  ],
  "lower_weights": [
    0.27483668735029554,
    -0.3,
    -0.21901285826631767,
    0.3,
    0.3,
    0.3,
    0.2988256415891925,
    0.3
  ],
  "leading_edge_weight": 0.5,
  "TE_thickness": 0.01,
  "name": "design"
}