{
  "design_name": "ExtremeSweepForwardCamberWashout",
  "design_params": {
    "le_sweep_deg": 79.15900495809834,
    "root_chord_in": 37.09342814041734,
    "twist_root_deg": -9.823131499398277,
    "twist_tip_deg": -8.009965621606653,
    "dihedral_deg": 4.22597451773885,
    "naca": {
      "m": 4,
      "p": 0,
      "t": 8,
      "chord_length": 1.0
    }
  },
  "sim_conditions": {
    "aoa_deg": 10.0,
    "mach": 0.3,
    "reynolds": 3000000.0
  },
  "vlm_results": {
    "CL": 0.020556756364462754,
    "CDi": 0.0003937477585647721,
    "CM": -0.022138928345971393,
    "L_D": 52.20793240675969
  },
  "corrected_results": {
    "CL": -0.05166675186462263,
    "CDi": -0.0009588841667538424,
    "CM": 0.08794534802912031,
    "L_D": 53.88216184602632
  }
}