{
  "upper_weights": [
    0.3247371441050356,
    0.12497725856737904,
    0.20707486823550264,
    0.21281739735375146,
    -0.16258895637777787,
    0.05907316399629971,
    0.010308609743285511,
    -0.024063337675334376
  ],
  "lower_weights": [
    -0.21585314718264356,
    -0.244896962602749,
    -0.15444419615830196,
    -0.22547483181247616,
    -0.3,
    -0.12646611735839655,
    -0.3,
    -0.26045706024399135
  ],
  "leading_edge_weight": 0.18090195101843023,
  "TE_thickness": 0.0,
  "name": "HPA_HighLift_Spoon"
}