{
  "name": "design",
  "mach": 0.82,
  "aoa": 3.0,
  "SA": 40.0,
  "AR": 10.643978283438836,
  "TR": 0.2561062354883564,
  "kink": 0.3793414659545947,
  "rootadj": 0.6250705596059659,
  "DA_kink": 2.5274975024760464,
  "DA_tip": 5.097615888072372,
  "t_root": 0.14,
  "r_t2": 0.6,
  "r_t3": 0.9382122499241856,
  "r_t4": 0.9695722858972148,
  "r_d1": 0.37511228619240755,
  "r_d2": 0.5,
  "r_d4": 0.08916928287120736,
  "tw1": -4.0,
  "tw2": -3.3755324012043317,
  "tw3": -2.7976222394183825,
  "tw4": -2.0278449874131734,
  "cst_upper": [
    0.3071295797626636,
    0.440132401588661,
    0.36763953712948555,
    0.3536752064598439,
    0.37884788014642085,
    0.5927051208005341,
    0.5916707346279153,
    0.5924935595288692,
    0.5999999999999999,
    0.5999999999999999
  ],
  "cst_lower": [
    -0.29895224378904617,
    -0.2997725594036584,
    -0.3,
    -0.3,
    -0.3,
    -0.28045270820093476,
    -0.2998854367347335,
    -0.0876367445165725,
    0.19503908482394378,
    0.15144238795425025
  ]
}