{
  "upper_weights": [
    0.3164232110815483,
    0.3554302586561856,
    0.3010654024251435,
    0.19689156697336058,
    0.10603499224312984,
    0.0683615885839364,
    0.017348461284201862,
    -0.0915280594917959
  ],
  "lower_weights": [
    -0.10492268919473108,
    -0.06214063702693394,
    0.014555655616228381,
    0.12148813361765924,
    0.08812020343552975,
    0.07466829501940728,
    -0.04443742339308968,
    -0.3
  ],
  "leading_edge_weight": 0.14546856622135987,
  "TE_thickness": 0.005939964377109003,
  "name": "design"
}