{
  "upper_weights": [
    0.39153475037715857,
    0.4254729324049509,
    0.366843924412732,
    0.2759730993719054,
    0.22680403493967138,
    0.073368486205901,
    -0.04145779159897377,
    -0.16512370131071305
  ],
  "lower_weights": [
    -0.11972421582622107,
    -0.033928646306301886,
    -0.057633045660513124,
    -0.08989628562253367,
    -0.14642230854191912,
    -0.1617831975954946,
    -0.3,
    -0.3
  ],
  "leading_edge_weight": -0.5,
  "TE_thickness": 0.005704344515849777,
  "name": "design"
}