{
  "upper_weights": [
    0.5117386674005657,
    0.2375008513695875,
    0.15818594808513112,
    0.16949359925400806,
    0.09535849622035406,
    0.049217820865214444,
    -0.014490785938932741,
    -0.07533011728229828
  ],
  "lower_weights": [
    -0.2574860552382459,
    -0.2572545937710414,
    -0.18982202051607278,
    -0.1327989212893548,
    -0.028063079010868065,
    -0.030524967773632387,
    -0.10779176687234755,
    -0.27658267916178747
  ],
  "leading_edge_weight": 0.4999191212863515,
  "TE_thickness": 0.00999899374896118,
  "name": "HPA_Robust_High_Camber_Baseline"
}