{
  "upper_weights": [
    0.27978385386582316,
    0.36993002836218597,
    0.5497806886555959,
    0.6,
    0.4997290278874642,
    0.2501186453456525,
    0.1504920165452744,
    0.09992837595819579
  ],
  "lower_weights": [
    -0.1352131902969014,
    -0.09940492853140966,
    -0.07021441848535571,
    -0.0397261976303211,
    -0.24738419877730328,
    0.08007798275245376,
    0.3,
    0.2997364369134551
  ],
  "leading_edge_weight": 0.48023211614333117,
  "TE_thickness": 0.01,
  "name": "PlateauReflex_LEHook_Waist"
}