{
  "upper_weights": [
    0.18269545556861794,
    0.26071985605469955,
    0.20760297415989531,
    0.358684144751993,
    0.3707065704430733,
    0.3412195426860916,
    0.12361697543957045,
    0.010772949821742728
  ],
  "lower_weights": [
    -0.1945755200930284,
    -0.05766790938988347,
    -0.08465827664898691,
    0.008464237058039616,
    -0.009010066207794126,
    0.0070670886253110625,
    0.03983742582893351,
    0.07547757901959232
  ],
  "leading_edge_weight": 0.0635623686324525,
  "TE_thickness": 0.0008093002817632249,
  "name": "HighLiftRefinedCamber"
}