{
  "upper_weights": [
    0.3362083358303141,
    0.4050042401096465,
    0.5999999999999999,
    0.5999999999999999,
    0.1042714396188189,
    0.5999999999999999,
    0.061437691348310064,
    0.5999999999999999
  ],
  "lower_weights": [
    -0.2625045930060975,
    0.3,
    0.3,
    0.3,
    0.3,
    0.3,
    0.3,
    0.3
  ],
  "leading_edge_weight": 0.5,
  "TE_thickness": 0.01,
  "name": "iter_0339"
}