{
  "name": "design",
  "mach": 0.82,
  "aoa": 3.0,
  "SA": 35.05290530920068,
  "AR": 11.0,
  "TR": 0.2915997171687588,
  "kink": 0.41217094505918317,
  "rootadj": 0.9607833755171241,
  "DA_kink": 0.9784902395028742,
  "DA_tip": 4.349125905136807,
  "t_root": 0.14619606626190654,
  "r_t2": 0.693732693435394,
  "r_t3": 0.9240852495207974,
  "r_t4": 0.9796023791025381,
  "r_d1": 0.7154125577487821,
  "r_d2": 0.8076988933573556,
  "r_d4": 0.7467026810462184,
  "tw1": -2.0,
  "tw2": -2.0,
  "tw3": -1.223937025919645,
  "tw4": -1.6324462729025908,
  "cst_upper": [
    0.509225465690026,
    0.6,
    0.16892740433940795,
    0.5446690946983859,
    0.40647801235259634,
    0.26005318584967296,
    0.42745019999902756,
    0.47006927491862616,
    0.42624381505006304,
    0.5369259809031552
  ],
  "cst_lower": [
    -0.05654542463345424,
    -0.11841424338484643,
    -0.23873351024163905,
    0.019397756998406943,
    -0.19320690718678374,
    0.20653886364285917,
    -0.02131372050978348,
    -0.07873138328725163,
    0.1522780557423108,
    0.3
  ]
}