{
  "upper_weights": [
    0.12268567387675006,
    0.011313527981464844,
    0.4559309843628518,
    0.42459242468272057,
    0.1533991190820117,
    0.20769944687001368,
    0.31440738830845344,
    0.02099877314917309
  ],
  "lower_weights": [
    0.05243357740142279,
    0.2294400012909013,
    0.1322630697961234,
    0.28947002369653135,
    -0.20421379645638277,
    -0.17862461609245306,
    0.28980762165988455,
    -0.14398200022377547
  ],
  "leading_edge_weight": 0.44716145211815617,
  "TE_thickness": 0.005139999264693441,
  "_score": 164.43654431508918
}