{
  "car_size": 0.8,
  "car_width": -0.03722095506698159,
  "car_len": 0.1,
  "ramp_angle": 8.0,
  "front_bumper_length": 0.1,
  "wind_screen_x": -0.05,
  "wind_screen_z": 0.037350449076114886,
  "side_mirrors_x": 0.016263699015935204,
  "side_mirrors_z": -0.05,
  "rear_window_x": -0.05,
  "rear_window_z": -0.05,
  "trunklid_angle": 4.2138307592645745,
  "trunklid_x": 0.05,
  "trunklid_z": -0.05,
  "diffusor_angle": -8.0,
  "car_green_house_angle": 8.0,
  "car_front_hood_angle": 0.7465848165834732,
  "car_air_intake_angle": 8.0,
  "tires_diameter": -0.013,
  "tires_width": -0.015,
  "name": "iter_0848"
}