{
  "upper_weights": [
    0.09971787946554905,
    0.478770415971063,
    0.3421290907228718,
    0.2917020488191339,
    0.13147390945675078,
    0.03454263344281042,
    -0.06455817453986933,
    -0.1090520287661003
  ],
  "lower_weights": [
    -0.11422681804688453,
    -0.19924948677035215,
    -0.2520154996781675,
    -0.10550611729102663,
    -0.04316851332527087,
    -0.06840760827438544,
    0.04489630473807278,
    -0.0653731880668492
  ],
  "leading_edge_weight": 0.2596850946119019,
  "TE_thickness": 0.0008423957502676063,
  "name": "HPA_HighCamber_BullnoseLE_Monotonic"
}