{
  "upper_weights": [
    0.22405217076385042,
    0.24308924945588595,
    0.2547967769152055,
    0.21880446712326615,
    0.1338229264372341,
    0.11035518038889433,
    0.05515897747698441,
    0.0035768543445113756
  ],
  "lower_weights": [
    -0.1823905705602334,
    -0.21535834270929927,
    -0.2020754876854498,
    -0.07626907732782212,
    0.06099434803397319,
    0.0510622431595428,
    -0.06085044020577916,
    -0.3
  ],
  "leading_edge_weight": 0.5,
  "TE_thickness": 0.01,
  "name": "design"
}