{
  "upper_weights": [
    0.6,
    0.40528448735292844,
    0.24557620951934025,
    -0.007277060398618534,
    -0.2664608716066117,
    -0.14310241584888717,
    0.02143994924888848,
    -0.07423974899597646
  ],
  "lower_weights": [
    0.06204143750854506,
    0.053574077576439824,
    0.06198068495655197,
    -0.1829982399551262,
    -0.19373079859635298,
    -0.3,
    -0.2103784302085394,
    -0.3
  ],
  "leading_edge_weight": 0.2814251947657352,
  "TE_thickness": 0.002746595937464161,
  "name": "ReflexWingCandidate1"
}