{
  "upper_weights": [
    0.4606765379216797,
    0.34619127310043135,
    0.37998871415007757,
    0.46622599129621123,
    0.08748242483675489,
    0.3223443971860009,
    -0.055703302449211206,
    0.4859092400078805
  ],
  "lower_weights": [
    -0.24518395692948527,
    -0.11681939240822437,
    0.1036784762650185,
    -0.05804319685443876,
    -0.2565011091445309,
    0.032620934570978255,
    -0.21199257099103314,
    0.2746534459701984
  ],
  "leading_edge_weight": 0.03646791977691388,
  "TE_thickness": 0.0014763638530691271,
  "_score": 107.94691129704239
}