{
  "upper_weights": [
    0.562429375,
    0.3511451341669148,
    0.25464782067369235,
    0.09,
    0.11066302148726027,
    0.05017733891402329,
    0.03,
    0.05727910172371158
  ],
  "lower_weights": [
    -0.18944679881505175,
    -0.11689158749925538,
    -0.115,
    -0.06400537421707048,
    -0.0718430016163006,
    -0.16425894220708526,
    -0.209,
    -0.3
  ],
  "leading_edge_weight": 0.348,
  "TE_thickness": 0.00486342550712956,
  "name": "ReflexCamberOpt_01"
}