{
  "SA": 28.34592247737879,
  "AR": 10.121223805133035,
  "TR": 0.3190813569673345,
  "kink": 0.40352581340236005,
  "rootadj": 0.8356818084575877,
  "DA_kink": 1.843146297860875,
  "DA_tip": 5.558810458787908,
  "t_root": 0.14427064315790347,
  "r_t2": 0.638853900508822,
  "r_t3": 0.9596925342462856,
  "r_t4": 0.974080956782024,
  "r_d1": 0.7832170009771795,
  "r_d2": 0.737340770074348,
  "r_d4": 0.3406542658662297,
  "tw1": -2.4276214208239755,
  "tw2": -2.2741828100253527,
  "tw3": -2.0219579975982085,
  "tw4": -1.4053967908274232,
  "cst_upper": [
    0.10319110627979605,
    0.34621118426178477,
    0.12642926316596653,
    0.04715800277574353,
    0.2198459022811844,
    0.18635351984397305,
    0.29514998719620317,
    0.20140873051165498,
    0.155474793047031,
    0.30850943924251983
  ],
  "cst_lower": [
    0.02417294909869967,
    -0.3,
    -0.24396474971552182,
    -0.008814082981983109,
    -0.24327790489489765,
    0.044321498232840296,
    0.030022683353152144,
    0.06182823593679025,
    0.05696444288158189,
    0.023273267231379638
  ],
  "_score": 12.143433342598113
}