{
  "upper_weights": [
    0.3675133619330944,
    0.28270941237788116,
    0.5592996140827649,
    0.5663787804199567,
    0.4450282396639142,
    0.010599926548255588,
    -0.03341351134943977,
    0.5182720266808748
  ],
  "lower_weights": [
    -0.08321729527959829,
    -0.1054614065867988,
    -0.027951166823791593,
    -0.27532788704533073,
    0.04689609267360502,
    -0.2471132315266442,
    -0.11675685080442524,
    -0.20224137855215543
  ],
  "leading_edge_weight": 0.2016810551621287,
  "TE_thickness": 0.000673913248178505,
  "name": "ReflexHighLift_V1"
}