{
  "upper_weights": [
    0.40139313692560685,
    0.3372995567511028,
    0.3278305699726804,
    0.14439771075557506,
    0.06252981264810743,
    0.007696160802255034,
    -0.011004378167452259,
    -0.12717935472569641
  ],
  "lower_weights": [
    -0.13586902346925855,
    -0.08715717128401243,
    -0.07307350119872853,
    -0.08415461533000346,
    -0.11672005443000222,
    -0.21671284790484202,
    -0.1838840851900346,
    -0.26482833247206944
  ],
  "leading_edge_weight": 0.2820982911725922,
  "TE_thickness": 0.00015935228875878804,
  "name": "Refined_Reflex_SubtleLE"
}