{
  "name": "iter_49_o17",
  "mach": 0.82,
  "aoa": 3.0,
  "SA": 37.20238982649613,
  "AR": 10.99139766815113,
  "TR": 0.3500872842543996,
  "kink": 0.39440947294287676,
  "rootadj": 0.7512023093819842,
  "DA_kink": 3.3853441765207415,
  "DA_tip": 5.279997791872874,
  "t_root": 0.14,
  "r_t2": 0.6,
  "r_t3": 0.9142683368110367,
  "r_t4": 0.9596292002946796,
  "r_d1": 0.6856840384103844,
  "r_d2": 0.5,
  "r_d4": 0.6494111888487935,
  "tw1": -2.333046303932567,
  "tw2": -2.125290100400726,
  "tw3": -1.0637150667276773,
  "tw4": -1.0356694213999587,
  "cst_upper": [
    0.165,
    0.14,
    0.12,
    0.1,
    0.085,
    0.07,
    0.055,
    0.04,
    0.025,
    0.01
  ],
  "cst_lower": [
    -0.1,
    -0.075,
    -0.055,
    -0.04,
    -0.03,
    -0.02,
    -0.012,
    -0.006,
    -0.003,
    -0.001
  ]
}