{
  "upper_weights": [
    0.28576118005084883,
    0.16180935527916737,
    0.30899885942458466,
    0.2867707214897081,
    0.08290512796371417,
    0.13145479637617227,
    0.17486266697278602,
    0.08571494057702371
  ],
  "lower_weights": [
    -0.1008090753554686,
    -0.2942100521049354,
    -0.21275781572239785,
    -0.3,
    -0.09778689958131992,
    0.13401019400312641,
    0.15758750834899382,
    -0.012003421330694085
  ],
  "leading_edge_weight": 0.4281990866050226,
  "TE_thickness": 0.0,
  "name": "HPA_HighLiftReflex_001"
}