{
  "name": "design",
  "mach": 0.82,
  "aoa": 3.0,
  "SA": 27.254109834259864,
  "AR": 10.374493887567066,
  "TR": 0.21970758288017908,
  "kink": 0.3660093572732748,
  "rootadj": 0.8000734477359467,
  "DA_kink": 4.786403225547013,
  "DA_tip": 5.609157086850215,
  "t_root": 0.14758339042901433,
  "r_t2": 0.6439852576850362,
  "r_t3": 0.9648598783893723,
  "r_t4": 0.9907331925979407,
  "r_d1": 0.6456034799638043,
  "r_d2": 0.6213936844028122,
  "r_d4": 0.270927367347902,
  "tw1": -2.655348864899929,
  "tw2": -3.0288249009072876,
  "tw3": -1.8881849868865324,
  "tw4": -2.527012821222578,
  "cst_upper": [
    0.3424156318494693,
    0.10388596840130049,
    0.31341714927556763,
    0.12469211296759466,
    0.21731710305698743,
    0.43810786824977227,
    0.26567641944196013,
    0.1314567751472838,
    -0.02938076927724207,
    0.4271676343141682
  ],
  "cst_lower": [
    -0.1872835437801452,
    -0.06137128940365036,
    -0.013969206474791687,
    -0.19388892888689457,
    -0.10934874642783063,
    -0.15113854336082236,
    -0.1307224006999642,
    0.12428989249787514,
    -0.008368014570169335,
    -0.13637121881145306
  ]
}