{
  "design_name": "ExploitMaxWashoutAnhedralNACA2407",
  "design_params": {
    "le_sweep_deg": 74.52328733650724,
    "root_chord_in": 31.789531012291558,
    "twist_root_deg": -10.0,
    "twist_tip_deg": -6.738443028854052,
    "dihedral_deg": -14.077007773418915,
    "naca": {
      "m": 2,
      "p": 4,
      "t": 6,
      "chord_length": 1.0
    }
  },
  "sim_conditions": {
    "aoa_deg": 10.0,
    "mach": 0.3,
    "reynolds": 3000000.0
  },
  "vlm_results": {
    "CL": 0.034091653013561735,
    "CDi": 0.004773530723438603,
    "CM": -0.06556583188718074,
    "L_D": 7.141810745276587
  },
  "corrected_results": {
    "CL": 0.01803239673615755,
    "CDi": -0.0007092718649545441,
    "CM": -0.008710332051659659,
    "L_D": -25.42381508015014
  }
}