{
  "upper_weights": [
    0.45887340308005503,
    0.07868795928983408,
    -0.2944318057042479,
    -0.2857329155642705,
    0.5993305137096132,
    0.33169840053784255,
    0.3132214630954298,
    0.05796963794264942
  ],
  "lower_weights": [
    -0.08214623211895,
    -0.16526417329892581,
    -0.042775022992745715,
    -0.17913707768001108,
    0.18930894432397694,
    -0.1623787823634477,
    0.15953965780087637,
    -0.2561770529126234
  ],
  "leading_edge_weight": 0.28655630145354505,
  "TE_thickness": 0.006365786580709902,
  "name": "iter_00000"
}