{
  "upper_weights": [
    0.2331952520144048,
    0.10974184417375024,
    0.11334634583516438,
    0.26001790435301303,
    0.4163007767479737,
    0.5216813507624706,
    0.5374332907822322,
    0.46890098804347674
  ],
  "lower_weights": [
    -0.0719197325139633,
    -0.12000190302357294,
    -0.11862685815216442,
    -0.15929325702526076,
    -0.27030124326929716,
    -0.27598022190368177,
    -0.3,
    -0.28978762139638986
  ],
  "leading_edge_weight": -0.5,
  "TE_thickness": 0.004290966542515696,
  "name": "design"
}