{
  "upper_weights": [
    0.2753141320932335,
    0.323476220220447,
    0.37773267274294475,
    0.4926028062896762,
    0.4842668273724734,
    0.3722863544908761,
    0.24037738842119272,
    0.243635717396526
  ],
  "lower_weights": [
    -0.07278417810361244,
    0.004376170849108683,
    0.09339691930989405,
    0.06043474144091122,
    -0.03243471045797782,
    -0.051087607834216495,
    -0.07298534134038906,
    -0.16517665720191624
  ],
  "leading_edge_weight": 0.15451394799804644,
  "TE_thickness": 0.004666899699489768,
  "name": "design"
}