{
  "upper_weights": [
    0.11638327583313034,
    0.24094841271872702,
    0.42982631228371554,
    0.5221352585058681,
    0.4565628659090049,
    0.00012629854540768815,
    0.06732077364707377,
    0.21370144952158088
  ],
  "lower_weights": [
    -0.20989784080641227,
    -0.2834126448027706,
    -0.23989116335073568,
    -0.2444351691103051,
    -0.0459924301145024,
    -0.016335598427863536,
    -0.10234615148653256,
    0.08138280850782319
  ],
  "leading_edge_weight": 0.22254883019066987,
  "TE_thickness": 0.000790644253919865,
  "name": "HPA_HighCamber_V1"
}