{
  "design_name": "HighSweep_AggressiveWashin_ThinCamber",
  "design_params": {
    "le_sweep_deg": 62.28735689246111,
    "root_chord_in": 29.788922493649594,
    "twist_root_deg": -10.0,
    "twist_tip_deg": -2.9000491415490566,
    "dihedral_deg": -7.961182799857719,
    "naca": {
      "m": 4,
      "p": 4,
      "t": 10,
      "chord_length": 1.0
    }
  },
  "sim_conditions": {
    "aoa_deg": 10.0,
    "mach": 0.3,
    "reynolds": 3000000.0
  },
  "vlm_results": {
    "CL": 0.14485720087151732,
    "CDi": 0.02325659257820469,
    "CM": -0.21718761731169214,
    "L_D": 6.228651096862432
  },
  "corrected_results": {
    "CL": 0.09142019184955112,
    "CDi": 0.009216238706798949,
    "CM": -0.11205284917813144,
    "L_D": 9.919468750533682
  }
}