{
  "SA": 32.09027893702644,
  "AR": 9.121799040955999,
  "TR": 0.2950407982441748,
  "kink": 0.3837669317621745,
  "rootadj": 0.6297571460999167,
  "DA_kink": 2.6310848385905388,
  "DA_tip": 4.848748941409798,
  "t_root": 0.14965536448571345,
  "r_t2": 0.6404390371422533,
  "r_t3": 0.9606568326705291,
  "r_t4": 0.957574099155821,
  "r_d1": 0.5411695631502011,
  "r_d2": 0.6940711224640868,
  "r_d4": 0.40010286519969507,
  "tw1": -3.0451338436239688,
  "tw2": -3.155696351044631,
  "tw3": -1.9516722127983017,
  "tw4": -1.6233693613844937,
  "cst_upper": [
    0.24198867007586647,
    0.09341120922828891,
    0.33024862115445464,
    0.07892771358494652,
    0.14411344459957362,
    0.07569052526836935,
    0.12409221081041394,
    0.3295516849101744,
    0.2795128746250406,
    0.09307514403595636
  ],
  "cst_lower": [
    -0.015552085109384349,
    -0.11755992546057753,
    -0.012438817955586967,
    -0.15341023909283075,
    0.10306472256914362,
    0.03367896701389741,
    -0.07095774489063897,
    0.04522446924608384,
    0.04503470583535887,
    0.090015949899328
  ],
  "_score": -0.061712028286499035
}