{
  "upper_weights": [
    0.16635661375101762,
    0.2347900950944321,
    0.26952894837653313,
    0.2592888264974165,
    0.11918365951996457,
    -0.0598372980214551,
    0.3763308838475434,
    0.5397338953128203
  ],
  "lower_weights": [
    0.10434171559876204,
    0.23224845729885374,
    -0.08603932434964437,
    -0.056714427847983945,
    -0.15744611829339064,
    -0.03295066215685838,
    0.07773861058714332,
    -0.22742621058263568
  ],
  "leading_edge_weight": 0.37498321464913187,
  "TE_thickness": 0.009012958105034387,
  "_score": 151.00640967096612
}