{
  "upper_weights": [
    0.11494931394301433,
    0.23464002907834564,
    0.4455978851227999,
    0.37076442636129,
    0.5999999999999999,
    0.5999999999999999,
    0.29817766052568656,
    0.20325064546797528
  ],
  "lower_weights": [
    -0.0768581365311427,
    0.3,
    0.3,
    0.0784692023333265,
    0.23427724166910197,
    0.3,
    0.3,
    0.3
  ],
  "leading_edge_weight": 0.5,
  "TE_thickness": 0.0001851360846438292,
  "name": "design"
}