{
  "upper_weights": [
    0.5841756368770059,
    0.599302509153351,
    0.5814749611322494,
    0.4644849111832698,
    0.42266826690036313,
    0.403831035972596,
    0.43624526885555864,
    0.5440398270517379
  ],
  "lower_weights": [
    -0.11185023766802382,
    0.034527136228610034,
    0.06409002033058098,
    0.09123288940464735,
    0.08400441293521688,
    0.1662507709337292,
    0.13958013559005888,
    -0.029108312321299346
  ],
  "leading_edge_weight": -0.4392557390417634,
  "TE_thickness": 0.00974815329105996,
  "name": "iter_00593"
}