{
  "upper_weights": [
    -0.16151392810646442,
    0.20037912677833009,
    0.04145145366769481,
    0.31879146987752227,
    0.2988445926406519,
    0.2767322263880199,
    0.1794388701666771,
    0.37624979452545154
  ],
  "lower_weights": [
    0.11477530421715523,
    -0.11645539368183354,
    -0.3,
    -0.057023040547544854,
    -0.032185486325173054,
    0.3,
    0.20150864478637004,
    0.3
  ],
  "leading_edge_weight": 0.5,
  "TE_thickness": 0.00015499070217389423,
  "name": "design"
}