{
  "design_name": "Exploit_Refined_Washout_NACA4410",
  "design_params": {
    "le_sweep_deg": 64.37714660271388,
    "root_chord_in": 38.52873119349129,
    "twist_root_deg": -9.83896566445208,
    "twist_tip_deg": -4.4328835020904656,
    "dihedral_deg": 0.8074823060259639,
    "naca": {
      "m": 4,
      "p": 4,
      "t": 11,
      "chord_length": 1.0
    }
  },
  "sim_conditions": {
    "aoa_deg": 10.0,
    "mach": 0.3,
    "reynolds": 3000000.0
  },
  "vlm_results": {
    "CL": 0.16910213519930092,
    "CDi": 0.01987564625408705,
    "CM": -0.23151907324796267,
    "L_D": 8.508006886293233
  },
  "corrected_results": {
    "CL": -0.02904470152288879,
    "CDi": -0.003532129268607875,
    "CM": 0.041230461726922435,
    "L_D": 8.223000721130525
  }
}