{
  "upper_weights": [
    0.3244537364187024,
    0.42347923073937344,
    0.4360734683126994,
    0.27934816981312127,
    0.10547922354501954,
    -0.05121307181348145,
    -0.10111490646471621,
    -0.08082666111236768
  ],
  "lower_weights": [
    -0.12198711894804902,
    0.005500892358425942,
    0.01590493047751396,
    -0.026081878938476164,
    -0.11966460581383238,
    -0.16925521583832492,
    -0.17090545710447874,
    -0.2717468935120993
  ],
  "leading_edge_weight": 0.42187517880164027,
  "TE_thickness": 0.0029468277596860007,
  "name": "AggressiveReflexExplorer"
}