{
  "upper_weights": [
    0.5087943408824273,
    0.5399636501874874,
    0.5686661688166464,
    0.45297937745880684,
    0.32684477122983246,
    0.3055433913075518,
    0.22202811853332793,
    0.1228073863531285
  ],
  "lower_weights": [
    -0.08995960026868874,
    0.06122165538564914,
    0.08878325591487038,
    0.1611663570210756,
    0.160033669056865,
    0.1254777049781847,
    -0.02268179170996607,
    -0.2577180847132833
  ],
  "leading_edge_weight": 0.4999882640203773,
  "TE_thickness": 0.007460403047469122,
  "name": "design"
}