{
  "upper_weights": [
    0.37739348585482074,
    0.2698941947781585,
    0.18897664756347266,
    0.09566204372724901,
    -0.05163582017286983,
    -0.06627606042160128,
    0.011956935823125125,
    0.1535670143463353
  ],
  "lower_weights": [
    -0.3,
    -0.3,
    -0.22590206200313895,
    -0.0530834276326988,
    -0.027550959299239952,
    -0.09584740455319166,
    -0.11066433281141519,
    -0.13775815930392388
  ],
  "leading_edge_weight": 0.5,
  "TE_thickness": 0.01,
  "name": "iter_0363"
}