{
  "upper_weights": [
    0.29519991249927613,
    0.11847805724012878,
    0.1509862112177576,
    0.12237177012745708,
    0.129969498285016,
    0.03195671585482086,
    0.01583887987724031,
    -0.08908298484831946
  ],
  "lower_weights": [
    -0.2420849010033515,
    -0.18976636221941792,
    -0.22157259394235243,
    -0.21751055969109048,
    -0.28396189939207783,
    -0.29853664387147205,
    -0.3,
    -0.2983724741536868
  ],
  "leading_edge_weight": 0.2868110259485273,
  "TE_thickness": 0.0,
  "name": "HPA_HighCamber_Robust"
}