{
  "B1": 199.9993281435963,
  "B2": 50.0000994664377,
  "B3": 200.00033155479235,
  "C2": 849.9998010671246,
  "C3": 180.0,
  "C4": 89.99998010671246,
  "S1": 40.00001326219169,
  "S2": 40.0,
  "S3": 39.99998939024665,
  "alpha": -0.5093928179395819,
  "name": "design"
}