{
  "upper_weights": [
    0.5825445519860503,
    0.3938863475989887,
    0.23513082409093095,
    0.13431458590854245,
    0.06387649398510337,
    0.04089181830308803,
    -0.007977159952776798,
    -0.019163855930631118
  ],
  "lower_weights": [
    -0.2558751957773217,
    -0.02558505126442375,
    -0.03510979556287905,
    -0.13535684553259206,
    -0.19893233826698214,
    -0.26703173279026354,
    -0.2276963538113521,
    -0.15028628102291164
  ],
  "leading_edge_weight": 0.3257771184937587,
  "TE_thickness": 0.0006357315777535375,
  "name": "ReflexWing_Refine_001"
}