{
  "upper_weights": [
    0.5006107128538821,
    0.400508606758717,
    0.24431135273699042,
    0.19270869291297582,
    0.11814908814651176,
    0.08443711943836488,
    0.010161521747655368,
    -0.10159743669686255
  ],
  "lower_weights": [
    -0.13419050681486577,
    -0.13994452766312976,
    -0.056776364732681606,
    -0.14064527515625008,
    -0.12839047686650795,
    -0.20685731861640666,
    -0.3,
    -0.2682635896589472
  ],
  "leading_edge_weight": 0.21552441508188216,
  "TE_thickness": 0.00022851423844559305,
  "name": "Reflexed_Opt_Refinement_001"
}