{
  "design_name": "HighSweepCamberWashout",
  "design_params": {
    "le_sweep_deg": 76.36772177547859,
    "root_chord_in": 30.568554683042695,
    "twist_root_deg": -10.0,
    "twist_tip_deg": -10.0,
    "dihedral_deg": -14.798368343830003,
    "naca": {
      "m": 4,
      "p": 4,
      "t": 8,
      "chord_length": 1.0
    }
  },
  "sim_conditions": {
    "aoa_deg": 10.0,
    "mach": 0.3,
    "reynolds": 3000000.0
  },
  "vlm_results": {
    "CL": -0.07794655496633658,
    "CDi": 0.024197866913613985,
    "CM": -0.009684174292979774,
    "L_D": -3.2212159544725405
  },
  "corrected_results": {
    "CL": -0.022405911037989563,
    "CDi": 0.008423901612338629,
    "CM": 0.007452461319890163,
    "L_D": -2.659802080923079
  }
}