{
  "upper_weights": [
    0.2354286568613129,
    0.18216193458858865,
    0.11881824024068857,
    0.0670946691731042,
    0.08535363113661756,
    -0.01842156534471468,
    -0.022730275071107454,
    0.10614582891076378
  ],
  "lower_weights": [
    -0.09297262171516352,
    -0.0842403313687411,
    0.008527470797722557,
    -0.011957218006720154,
    -0.08007077889618396,
    -0.06680515199035866,
    -0.1479732511059242,
    -0.3
  ],
  "leading_edge_weight": 0.037803600124936776,
  "TE_thickness": 0.0063852111923929505,
  "name": "design"
}