{
  "name": "iter_45_o3",
  "mach": 0.82,
  "aoa": 3.0,
  "SA": 40.0,
  "AR": 10.776230329322193,
  "TR": 0.3332352031672671,
  "kink": 0.36,
  "rootadj": 1.1,
  "DA_kink": 6.0,
  "DA_tip": 4.299373626550387,
  "t_root": 0.14,
  "r_t2": 0.6,
  "r_t3": 0.9,
  "r_t4": 0.92,
  "r_d1": 0.5598036202448265,
  "r_d2": 0.9947410136337704,
  "r_d4": 0.1292369515849934,
  "tw1": -2.104469689072991,
  "tw2": -2.2600351007729853,
  "tw3": -1.04319249620434,
  "tw4": -1.0,
  "cst_upper": [
    0.165,
    0.14,
    0.12,
    0.1,
    0.085,
    0.07,
    0.055,
    0.04,
    0.025,
    0.01
  ],
  "cst_lower": [
    -0.1,
    -0.075,
    -0.055,
    -0.04,
    -0.03,
    -0.02,
    -0.012,
    -0.006,
    -0.003,
    -0.001
  ]
}