{
  "upper_weights": [
    0.20905516956487152,
    0.05879840434631717,
    0.2030883660978759,
    0.06601395713255015,
    -0.03328806315209709,
    -0.10405437414630617,
    0.4148496796142735,
    0.38598621587794285
  ],
  "lower_weights": [
    -0.18511897925126616,
    -0.06497854324122432,
    0.1213069991888131,
    0.17140643265432498,
    -0.1566232905003459,
    -0.10071500167863395,
    -0.04242225839645669,
    0.22751939688843031
  ],
  "leading_edge_weight": 0.07101059253664355,
  "TE_thickness": 0.003804335299676303,
  "_score": 73.52911627285809
}