{
  "design_name": "Extreme_HighSweep_PosDihedral_SmallChord_NoTwist_ThickSymmetric",
  "design_params": {
    "le_sweep_deg": 78.73991454354199,
    "root_chord_in": 10.43370288182378,
    "twist_root_deg": 3.411779704199791,
    "twist_tip_deg": -0.741993023169115,
    "dihedral_deg": 15.0,
    "naca": {
      "m": 0,
      "p": 0,
      "t": 11,
      "chord_length": 1.0
    }
  },
  "sim_conditions": {
    "aoa_deg": 10.0,
    "mach": 0.3,
    "reynolds": 3000000.0
  },
  "vlm_results": {
    "CL": 0.3832635433112045,
    "CDi": 0.07859755066479465,
    "CM": -0.3679796193438427,
    "L_D": 4.8762784599453886
  },
  "corrected_results": {
    "CL": 0.2574569814085116,
    "CDi": 0.054790065846831305,
    "CM": -0.26113262866026654,
    "L_D": 4.698971929112971
  }
}