{
  "upper_weights": [
    -0.25466301775950023,
    0.42587603269964075,
    0.3193712678915322,
    0.44697109745069,
    -0.24818507937650694,
    0.23464472515055518,
    -0.19381753003705438,
    0.587415645968649
  ],
  "lower_weights": [
    -0.15411042562429147,
    -0.03142874064385842,
    0.16270879393372562,
    0.24511338500813845,
    0.1570091013972703,
    0.2733744980549137,
    -0.09647923313277271,
    -0.2514130205273573
  ],
  "leading_edge_weight": 0.4919016956153771,
  "TE_thickness": 0.0036357938495084497,
  "_score": 2.061192653589718
}