{
  "name": "iter_0174",
  "mach": 0.82,
  "aoa": 3.0,
  "SA": 33.77768874146085,
  "AR": 9.259499657442163,
  "TR": 0.307797037598615,
  "kink": 0.36,
  "rootadj": 1.1,
  "DA_kink": 0.5,
  "DA_tip": 6.0,
  "t_root": 0.17,
  "r_t2": 0.6,
  "r_t3": 0.98,
  "r_t4": 0.9878570124860235,
  "r_d1": 0.8,
  "r_d2": 1.0,
  "r_d4": 0.8,
  "tw1": -2.0,
  "tw2": -2.0,
  "tw3": -1.0,
  "tw4": -2.2120577115112745,
  "cst_upper": [
    0.2894494866644119,
    0.5999999999999999,
    0.5471671778178162,
    0.426361478127191,
    0.4291423559398641,
    0.5999999999999999,
    0.2377273028335703,
    0.5999999999999999,
    0.5999999999999999,
    0.39979966674301276
  ],
  "cst_lower": [
    -0.12848833750842995,
    -0.3,
    -0.3,
    -0.28983674505264395,
    -0.11558525492121238,
    -0.004508552841617386,
    0.3,
    -0.3,
    0.3,
    0.3
  ]
}