{
  "design_name": "HighSweepAggressiveTipWashoutCamber",
  "design_params": {
    "le_sweep_deg": 70.93739907058769,
    "root_chord_in": 37.28207679219426,
    "twist_root_deg": -7.733800776245063,
    "twist_tip_deg": -10.0,
    "dihedral_deg": -3.135111574851165,
    "naca": {
      "m": 2,
      "p": 4,
      "t": 12,
      "chord_length": 1.0
    }
  },
  "sim_conditions": {
    "aoa_deg": 10.0,
    "mach": 0.3,
    "reynolds": 3000000.0
  },
  "vlm_results": {
    "CL": 0.1402525476559445,
    "CDi": 0.005316763905946876,
    "CM": -0.16115834330711715,
    "L_D": 26.37930706290532
  },
  "corrected_results": {
    "CL": -0.02258509491943338,
    "CDi": -0.003548795005879538,
    "CM": 0.05037509937109151,
    "L_D": 6.364158786860066
  }
}