{
  "upper_weights": [
    0.194819425174033,
    0.043651540102548236,
    0.5999999999999999,
    -0.3,
    -0.3,
    0.5999999999999999,
    0.25302926642901363,
    0.1036294289146868
  ],
  "lower_weights": [
    0.10872418847931209,
    0.3,
    0.3,
    0.3,
    -0.3,
    0.3,
    0.3,
    0.3
  ],
  "leading_edge_weight": 0.5,
  "TE_thickness": 0.0,
  "name": "iter_0437"
}