{
  "name": "iter_0090",
  "mach": 0.82,
  "aoa": 3.0,
  "SA": 40.0,
  "AR": 11.0,
  "TR": 0.23579982441179043,
  "kink": 0.36,
  "rootadj": 0.959114771833885,
  "DA_kink": 4.466665524803341,
  "DA_tip": 4.0,
  "t_root": 0.14,
  "r_t2": 0.6,
  "r_t3": 0.9648400056414765,
  "r_t4": 0.9873562397527327,
  "r_d1": 0.8,
  "r_d2": 0.5,
  "r_d4": 0.5993489952866673,
  "tw1": -2.1902236062170477,
  "tw2": -2.0,
  "tw3": -1.0,
  "tw4": -1.8982891527541894,
  "cst_upper": [
    0.5999999999999999,
    0.3008400888501533,
    0.5999999999999999,
    0.2310089879126222,
    0.3177304787460398,
    0.5999999999999999,
    0.14193849267579528,
    0.5999999999999999,
    0.145175340398985,
    0.42165681576939423
  ],
  "cst_lower": [
    -0.3,
    -0.3,
    -0.3,
    -0.3,
    -0.3,
    0.06631121978487459,
    0.3,
    -0.3,
    0.3,
    0.3
  ]
}