{
  "design_name": "HighSweepExtremeWashout2412",
  "design_params": {
    "le_sweep_deg": 73.36922139779927,
    "root_chord_in": 29.21186110202852,
    "twist_root_deg": -7.61865285278572,
    "twist_tip_deg": -8.806672000140846,
    "dihedral_deg": -11.983463040520771,
    "naca": {
      "m": 4,
      "p": 4,
      "t": 11,
      "chord_length": 1.0
    }
  },
  "sim_conditions": {
    "aoa_deg": 10.0,
    "mach": 0.3,
    "reynolds": 3000000.0
  },
  "vlm_results": {
    "CL": 0.0656050148996035,
    "CDi": 0.015762058736376126,
    "CM": -0.1246748377196224,
    "L_D": 4.16221104088379
  },
  "corrected_results": {
    "CL": 0.03995205146885259,
    "CDi": 0.005448916032733601,
    "CM": -0.04935005524433273,
    "L_D": 7.332109951565821
  }
}