{
  "upper_weights": [
    0.28623873065589495,
    0.26998216407696557,
    0.3099552704850553,
    0.40899255996893197,
    0.3630084127472574,
    0.2941122552539161,
    0.346775967150111,
    0.31550188669774276
  ],
  "lower_weights": [
    0.09900147165447487,
    0.14003287471964398,
    0.09050502683778527,
    0.06743773160364264,
    0.12238149429079198,
    0.16835077420631928,
    0.15627874031382705,
    0.1753393067137901
  ],
  "leading_edge_weight": 0.1588064618389643,
  "TE_thickness": 0.0073520277717412826,
  "_score": 189.58455945617703
}