{
  "design_name": "HybridCamberedDelta_MidSweep",
  "design_params": {
    "le_sweep_deg": 68.83826435634097,
    "root_chord_in": 29.276060326986254,
    "twist_root_deg": -10.0,
    "twist_tip_deg": -6.516075188265697,
    "dihedral_deg": 1.6428472267703127,
    "naca": {
      "m": 2,
      "p": 4,
      "t": 18,
      "chord_length": 1.0
    }
  },
  "sim_conditions": {
    "aoa_deg": 10.0,
    "mach": 0.3,
    "reynolds": 3000000.0
  },
  "vlm_results": {
    "CL": 0.09407420540834179,
    "CDi": 0.005272330678136165,
    "CM": -0.12245292370000987,
    "L_D": 17.84300172947388
  },
  "corrected_results": {
    "CL": 0.050019359898453054,
    "CDi": 0.0008826267562782741,
    "CM": -0.04983624926976022,
    "L_D": 56.671021519183334
  }
}