{
  "upper_weights": [
    0.5044789365900821,
    0.5644195700214112,
    0.5097748395756585,
    0.2815668370002368,
    0.09993375052202857,
    0.08013014851833578,
    0.0558127895426071,
    -0.0488612298553911
  ],
  "lower_weights": [
    -0.12977739921090717,
    -0.07717316590387888,
    -0.07852026612963264,
    -0.09216232705357674,
    -0.10184047406967112,
    -0.18317488438733293,
    -0.28117315228108547,
    -0.2992518603206888
  ],
  "leading_edge_weight": 0.12142161238322369,
  "TE_thickness": 0.003947852986879877,
  "name": "design"
}