{
  "SA": 31.70462198272147,
  "AR": 10.206086344237308,
  "TR": 0.30097189195912827,
  "kink": 0.361414601865311,
  "rootadj": 0.24133931717942747,
  "DA_kink": 0.5003085373156176,
  "DA_tip": 4.388346839879784,
  "t_root": 0.14196847046054129,
  "r_t2": 0.6074483259377947,
  "r_t3": 0.955353145333748,
  "r_t4": 0.9339016061184964,
  "r_d1": 0.40149475296067666,
  "r_d2": 0.9033135981883367,
  "r_d4": 0.5173945620864199,
  "tw1": -2.065923465491668,
  "tw2": -2.131798340663175,
  "tw3": -1.2975329305336103,
  "tw4": -1.0124156080286113,
  "cst_upper": [
    0.5396179823759488,
    0.5396179823759488,
    0.5396179823759488,
    0.5396179823759488,
    0.5396179823759488,
    0.5396179823759488,
    0.5396179823759488,
    0.5396179823759488,
    0.5396179823759488,
    0.5396179823759488
  ],
  "cst_lower": [
    -0.23679670441176875,
    -0.23679670441176875,
    -0.23679670441176875,
    -0.23679670441176875,
    -0.23679670441176875,
    -0.23679670441176875,
    -0.23679670441176875,
    -0.23679670441176875,
    -0.23679670441176875,
    -0.23679670441176875
  ],
  "_score": 17.024101760803198
}