{
  "design_name": "Exploitation_HighSweep_MaxWashout_NACA2408",
  "design_params": {
    "le_sweep_deg": 76.5857920909541,
    "root_chord_in": 37.539771003243786,
    "twist_root_deg": -7.737232426132378,
    "twist_tip_deg": -10.0,
    "dihedral_deg": -15.0,
    "naca": {
      "m": 2,
      "p": 4,
      "t": 7,
      "chord_length": 1.0
    }
  },
  "sim_conditions": {
    "aoa_deg": 10.0,
    "mach": 0.3,
    "reynolds": 3000000.0
  },
  "vlm_results": {
    "CL": 0.0521755809023732,
    "CDi": 0.003710302046055029,
    "CM": -0.07326503221263334,
    "L_D": 14.062354022591983
  },
  "corrected_results": {
    "CL": -0.047682588646922146,
    "CDi": -0.0035872489544855383,
    "CM": 0.07746976680529936,
    "L_D": 13.292244071128454
  }
}