{
  "upper_weights": [
    0.4890942699422978,
    0.5260822279008266,
    0.4279062741609239,
    0.3400951675617547,
    0.1635200788514224,
    0.16793024008929675,
    0.19042768577397085,
    0.18555572405185145
  ],
  "lower_weights": [
    -0.3,
    -0.24179467089963172,
    -0.18863893285418626,
    -0.20259675164000462,
    -0.22028092540674749,
    -0.24921381128399797,
    -0.1933666218806046,
    -0.13001476026369002
  ],
  "leading_edge_weight": 0.5,
  "TE_thickness": 0.01,
  "name": "iter_0360"
}