{
  "design_name": "Hybrid_SweepCamber_StrongRootWashout",
  "design_params": {
    "le_sweep_deg": 68.97353762431027,
    "root_chord_in": 34.81040301338248,
    "twist_root_deg": -5.828521151809298,
    "twist_tip_deg": -1.3758803989941097,
    "dihedral_deg": -4.001973359565675,
    "naca": {
      "m": 2,
      "p": 4,
      "t": 15,
      "chord_length": 1.0
    }
  },
  "sim_conditions": {
    "aoa_deg": 10.0,
    "mach": 0.3,
    "reynolds": 3000000.0
  },
  "vlm_results": {
    "CL": 0.23464191093963313,
    "CDi": 0.022500773489872415,
    "CM": -0.2469359800480788,
    "L_D": 10.428170882447455
  },
  "corrected_results": {
    "CL": 0.03406419580386006,
    "CDi": -0.0008975674691631614,
    "CM": -0.005803898872820614,
    "L_D": -37.95168271374573
  }
}