{
  "name": "iter_0096",
  "mach": 0.82,
  "aoa": 3.0,
  "SA": 38.661587032263235,
  "AR": 10.105591722637726,
  "TR": 0.20050960392781644,
  "kink": 0.3976786920782912,
  "rootadj": 0.3970122976802368,
  "DA_kink": 0.5,
  "DA_tip": 5.648947537815104,
  "t_root": 0.14,
  "r_t2": 0.6,
  "r_t3": 0.9,
  "r_t4": 0.9469413632820333,
  "r_d1": 0.8,
  "r_d2": 0.8333906300565712,
  "r_d4": 0.4647959530176291,
  "tw1": -2.3596128074794462,
  "tw2": -2.2326858716921665,
  "tw3": -3.0,
  "tw4": -1.9574519503269117,
  "cst_upper": [
    0.5999999999999999,
    0.38398940414322374,
    0.5851171759643059,
    0.2085662095901652,
    0.5999999999999999,
    0.4869287613050682,
    0.3886133440735922,
    0.45411241478141534,
    0.5999999999999999,
    0.5999999999999999
  ],
  "cst_lower": [
    0.06695470947869486,
    -0.3,
    -0.3,
    0.20251558001277686,
    -0.24004414474854185,
    -0.3,
    -0.3,
    0.3,
    0.3,
    -0.04360090591828114
  ]
}