{
  "design_name": "Explorer_LowSweep_PosDihedral_MildTwist",
  "design_params": {
    "le_sweep_deg": 66.89408654733516,
    "root_chord_in": 19.671792677416747,
    "twist_root_deg": 0.01987335955570813,
    "twist_tip_deg": 2.7164523656218034,
    "dihedral_deg": 11.520801532674941,
    "naca": {
      "m": 2,
      "p": 0,
      "t": 12,
      "chord_length": 1.0
    }
  },
  "sim_conditions": {
    "aoa_deg": 10.0,
    "mach": 0.3,
    "reynolds": 3000000.0
  },
  "vlm_results": {
    "CL": 0.47675008911562766,
    "CDi": 0.09506841133359169,
    "CM": -0.44424297745843044,
    "L_D": 5.014810728694398
  },
  "corrected_results": {
    "CL": 0.282799467467958,
    "CDi": 0.05518165843959345,
    "CM": -0.271680716891167,
    "L_D": 5.124881626700915
  }
}