{
  "name": "iter_0088",
  "mach": 0.82,
  "aoa": 3.0,
  "SA": 35.72946687088317,
  "AR": 9.945574920781564,
  "TR": 0.1853446250690821,
  "kink": 0.38216694807211943,
  "rootadj": 1.1,
  "DA_kink": 2.1317129216021318,
  "DA_tip": 4.314573050558473,
  "t_root": 0.16090077323247118,
  "r_t2": 0.6,
  "r_t3": 0.9049183987757583,
  "r_t4": 0.9462361187265829,
  "r_d1": 0.4840743852834875,
  "r_d2": 0.7498031545611781,
  "r_d4": 0.20724159704375622,
  "tw1": -3.294357226358775,
  "tw2": -2.7081401529354627,
  "tw3": -2.0537217981188394,
  "tw4": -2.681989613439682,
  "cst_upper": [
    0.3170520839920267,
    0.4961839584157894,
    0.18206010795672523,
    0.19885484264331238,
    0.27953295394234395,
    0.28546111307369265,
    0.21059032001828654,
    0.5999999999999999,
    0.3535666141606501,
    0.4110636890742781
  ],
  "cst_lower": [
    -0.17692440346161442,
    -0.3,
    -0.25916254323307114,
    -0.3,
    -0.19388779230597658,
    -0.3,
    -0.1086804793050061,
    0.1522925736090573,
    0.1734325303118408,
    0.1770314038099663
  ]
}