{
  "design_name": "Exploitation_Refined4410_MaxRootWashout",
  "design_params": {
    "le_sweep_deg": 63.5952661815099,
    "root_chord_in": 38.26983676446251,
    "twist_root_deg": -10.0,
    "twist_tip_deg": -8.853044029256779,
    "dihedral_deg": -4.450995313525198,
    "naca": {
      "m": 4,
      "p": 4,
      "t": 11,
      "chord_length": 1.0
    }
  },
  "sim_conditions": {
    "aoa_deg": 10.0,
    "mach": 0.3,
    "reynolds": 3000000.0
  },
  "vlm_results": {
    "CL": 0.10184762344902157,
    "CDi": 0.02041584598273064,
    "CM": -0.17695035277706334,
    "L_D": 4.988655553885568
  },
  "corrected_results": {
    "CL": -0.054860040286411886,
    "CDi": 0.0016469029321751654,
    "CM": 0.05689834684302188,
    "L_D": -33.31103443598517
  }
}