{
  "upper_weights": [
    -0.1333136561754476,
    -0.04254829821226863,
    0.24097553837512692,
    0.032254917915695624,
    0.13297329384122336,
    0.46512848527117595,
    -0.031020165949856793,
    0.15792964949700905
  ],
  "lower_weights": [
    0.007760940581948594,
    0.1025578395548783,
    0.2845843952240415,
    -0.2789315798919045,
    0.12813226424807977,
    -0.09346810577399936,
    0.10071464187997975,
    0.26785815880981084
  ],
  "leading_edge_weight": 0.23253136590708068,
  "TE_thickness": 0.009557349031559127,
  "name": "design"
}