{
  "upper_weights": [
    0.6,
    0.3871871319248047,
    0.6,
    0.6,
    0.10075268354362069,
    0.6,
    -0.016325814627811342,
    0.6
  ],
  "lower_weights": [
    -0.13717616859945217,
    0.10418099526683505,
    0.18760752075717366,
    0.22017014130717197,
    0.3,
    0.2539470643775079,
    0.3,
    0.3
  ],
  "leading_edge_weight": -0.11228002135940349,
  "TE_thickness": 0.009701245357503854,
  "name": "design"
}