{
  "design_name": "HighSweepCamberAsymTwist",
  "design_params": {
    "le_sweep_deg": 75.46870043118395,
    "root_chord_in": 40.07225208593826,
    "twist_root_deg": -6.52119817832114,
    "twist_tip_deg": -8.085494186442967,
    "dihedral_deg": -2.1970237913416977,
    "naca": {
      "m": 4,
      "p": 4,
      "t": 11,
      "chord_length": 1.0
    }
  },
  "sim_conditions": {
    "aoa_deg": 10.0,
    "mach": 0.3,
    "reynolds": 3000000.0
  },
  "vlm_results": {
    "CL": 0.13597821179218655,
    "CDi": 0.014654795658832324,
    "CM": -0.1834022966558259,
    "L_D": 9.278751813249174
  },
  "corrected_results": {
    "CL": -0.07059015717581936,
    "CDi": -0.008801392216170817,
    "CM": 0.09889885402331568,
    "L_D": 8.020339901012923
  }
}