{
  "upper_weights": [
    0.6,
    0.33481192026596723,
    0.20394650782478305,
    0.2251890728849741,
    0.19373200259788953,
    0.13033076495980572,
    0.13903605625010004,
    0.22498802614636662
  ],
  "lower_weights": [
    -0.13413203501351725,
    -0.09759985059563764,
    -0.10639296561833465,
    -0.054373232363357345,
    -0.05204452370758192,
    0.04674412723773227,
    0.024070833223299296,
    -0.016290479848328647
  ],
  "leading_edge_weight": 0.03514734804139335,
  "TE_thickness": 0.003553048922093582,
  "name": "design"
}