{
  "upper_weights": [
    0.5422881255093255,
    0.46130047806198876,
    0.37282269702446286,
    0.2554177072013882,
    0.10773481536506918,
    0.03560337304863481,
    -0.08677859761582388,
    -0.11621922960083489
  ],
  "lower_weights": [
    -0.1221114142786282,
    -0.04540506708957864,
    -0.017825956889579497,
    -0.050793860702113225,
    -0.1175722632604036,
    -0.13894596982045943,
    -0.238358964905673,
    -0.24590412171348802
  ],
  "leading_edge_weight": 0.16442443784492755,
  "TE_thickness": 0.009323403070876778,
  "name": "design"
}