{
  "upper_weights": [
    0.5847370755861812,
    0.5601925150536786,
    0.5886123218609893,
    0.5721241306011251,
    0.37738141652915375,
    0.21454560993131505,
    0.20945436772503329,
    0.3585997351865849
  ],
  "lower_weights": [
    -0.09991856953377032,
    -0.1896703151977773,
    -0.23692019273767084,
    -0.2992446216255335,
    -0.29146246412863314,
    -0.2920140691181564,
    -0.29760298000848384,
    -0.2813533743019847
  ],
  "leading_edge_weight": -0.2966153281602204,
  "TE_thickness": 4.974482180385996e-05,
  "name": "iter_00475"
}