{
  "upper_weights": [
    0.4935178359816937,
    0.495721755967722,
    0.33644295829075094,
    0.18870106435661005,
    0.07068793691560882,
    0.05512109835907408,
    -0.0824341075083761,
    -0.1456511340977307
  ],
  "lower_weights": [
    -0.11982261056621318,
    -0.0031368741090427865,
    -0.02649569496056775,
    -0.045403957264405215,
    -0.11432435194230978,
    -0.24103764604858907,
    -0.2725736763638555,
    -0.28320022097169023
  ],
  "leading_edge_weight": -0.12668451555747273,
  "TE_thickness": 0.009007547503906687,
  "name": "design"
}