{
  "upper_weights": [
    0.25427176039667276,
    0.25382986719972017,
    0.22557498496130746,
    0.2520281131420085,
    0.15911117571432543,
    0.15980632074311574,
    0.19803628173612395,
    0.2606942367415517
  ],
  "lower_weights": [
    -0.256602423838316,
    -0.2688654246811108,
    -0.2750537199460399,
    -0.2215310215274914,
    -0.09997163326326024,
    -0.057037821781285296,
    0.0026064173832901364,
    -0.1482620021027207
  ],
  "leading_edge_weight": 0.5,
  "TE_thickness": 0.008329746284481694,
  "name": "Refined_HPA_MidCamber_LE"
}