{
  "upper_weights": [
    0.2872359192619901,
    0.26666990747074043,
    0.20449742118315042,
    0.1456625522916189,
    0.3400899215942669,
    0.386742865021167,
    0.5314897138463202,
    0.5282735477771081
  ],
  "lower_weights": [
    -0.16151182949239565,
    -0.0978063352793717,
    -0.07781448099200888,
    -0.15033653820181125,
    -0.12314383610843085,
    -0.173495033532639,
    -0.11816348658650026,
    -0.04937803039471312
  ],
  "leading_edge_weight": 0.2290867136320329,
  "TE_thickness": 0.0044027107875055935,
  "name": "design"
}