{
  "upper_weights": [
    0.10628165675524004,
    0.3756899605100999,
    0.5142167021652351,
    0.36398615299925247,
    0.4559014171157188,
    0.5746126442780162,
    0.2879377527374269,
    0.3398700643940851
  ],
  "lower_weights": [
    0.08760774917034897,
    0.26834554267796035,
    0.06891019587075503,
    0.003728297426226712,
    0.2500226532519341,
    0.0968426270652134,
    0.11271808216045076,
    0.034803926384743444
  ],
  "leading_edge_weight": 0.3479577874215206,
  "TE_thickness": 0.007504337604689287,
  "_score": 146.38609048128131
}