{
  "upper_weights": [
    0.5578520104236764,
    0.3927420093392202,
    0.2953665848647779,
    0.26954526916780724,
    0.2975637158435887,
    0.24499137937269289,
    0.09669525435125403,
    -0.07305640798719099
  ],
  "lower_weights": [
    -0.13296091022815337,
    -0.06811292201787508,
    -0.045341565319493654,
    0.031177809542064113,
    0.028259108204909733,
    0.0942818963478429,
    -0.05358425394481199,
    -0.2152110218813332
  ],
  "leading_edge_weight": 0.16229936361217742,
  "TE_thickness": 0.0018111411401249542,
  "name": "design"
}