{
  "name": "design",
  "mach": 0.82,
  "aoa": 3.0,
  "SA": 35.17322271667617,
  "AR": 10.38550073946923,
  "TR": 0.1921547716394595,
  "kink": 0.3990949715076105,
  "rootadj": 0.9872482757493153,
  "DA_kink": 3.5541659739372684,
  "DA_tip": 4.989772537366709,
  "t_root": 0.14008935987698956,
  "r_t2": 0.605678477851216,
  "r_t3": 0.935397893747432,
  "r_t4": 0.9731670098828517,
  "r_d1": 0.5672491120586435,
  "r_d2": 0.5445173276310685,
  "r_d4": 0.026789923847908653,
  "tw1": -3.9282552750919395,
  "tw2": -2.552653885710167,
  "tw3": -2.6695489734971565,
  "tw4": -2.056047108632537,
  "cst_upper": [
    -0.0007773786718199283,
    0.4779820522344261,
    0.44078892868599423,
    0.3956444908969425,
    0.33769944508178845,
    0.4726775189542322,
    0.5890584837442783,
    0.4361577924973456,
    0.5070259664644874,
    0.5480726764164419
  ],
  "cst_lower": [
    -0.17325503245488733,
    -0.235564516825514,
    -0.27941607177874617,
    -0.24137376282012016,
    -0.257208961878692,
    -0.23743835978299038,
    -0.25166506395855615,
    -0.048223340043275664,
    0.15768674376992675,
    0.1249229800239729
  ]
}