{
  "reward": 37.506279,
  "CL": 0.375063,
  "CD": 0.01,
  "L_D": 37.5063,
  "alpha_deg": 0.0,
  "S_real_m2": 12.883347,
  "MAC_m": 1.19033
}