{
  "upper_weights": [
    0.4637807464387897,
    0.41567822925536185,
    0.4496082614781783,
    0.5974922118206607,
    0.48912014444309765,
    0.4183952798624296,
    0.42847801892526033,
    0.4119849897399263
  ],
  "lower_weights": [
    -0.1930152998786427,
    0.04072733062935113,
    0.18920122498158126,
    0.106625042207876,
    0.022397626368397983,
    -0.09363544696301568,
    -0.05043465603309244,
    -0.05243498819932707
  ],
  "leading_edge_weight": 0.19822467186667103,
  "TE_thickness": 0.00445281465658058,
  "name": "iter_00651"
}