{
  "upper_weights": [
    0.2777193052712083,
    0.12082976401097684,
    -0.07830380722019276,
    -0.15633295477168938,
    -0.1407206630533002,
    -0.031033392422636252,
    -0.035141589383576866,
    -0.0064287849864673174
  ],
  "lower_weights": [
    -0.1115762844734163,
    -0.3,
    -0.3,
    -0.3,
    -0.3,
    -0.2558843070153332,
    -0.2429200779404992,
    -0.3
  ],
  "leading_edge_weight": -0.5,
  "TE_thickness": 0.01,
  "name": "iter_0384"
}