{
  "upper_weights": [
    0.15621280323956016,
    0.4866602724050019,
    -0.17966750155665195,
    0.2767484720810814,
    0.3892208926275506,
    0.21359424025350654,
    0.10536803322483412,
    -0.00899174618235532
  ],
  "lower_weights": [
    0.16958410349457642,
    -0.08413582030812952,
    -0.12193564089044265,
    0.1279163773886905,
    0.1665265829913926,
    0.21160418836715772,
    0.2364839818996674,
    0.01848969955941321
  ],
  "leading_edge_weight": -0.32455948154530867,
  "TE_thickness": 0.0008439060418483868,
  "name": "design"
}