{
  "design_name": "ZeroCamberWashout",
  "design_params": {
    "le_sweep_deg": 67.226203639038,
    "root_chord_in": 27.602374095355806,
    "twist_root_deg": -5.604254401470852,
    "twist_tip_deg": -4.660976838419719,
    "dihedral_deg": -11.620153086937536,
    "naca": {
      "m": 0,
      "p": 0,
      "t": 6,
      "chord_length": 1.0
    }
  },
  "sim_conditions": {
    "aoa_deg": 10.0,
    "mach": 0.3,
    "reynolds": 3000000.0
  },
  "vlm_results": {
    "CL": 0.18527310688928536,
    "CDi": 0.015130443388030754,
    "CM": -0.17192184260502044,
    "L_D": 12.245054697858322
  },
  "corrected_results": {
    "CL": 0.13469336231333623,
    "CDi": 0.010815241720488875,
    "CM": -0.11312846828207417,
    "L_D": 12.454031615231228
  }
}