{
  "upper_weights": [
    0.1797526938869024,
    0.15149723577006602,
    0.23478771516402755,
    0.0922887802697739,
    0.14238954685562183,
    0.07978229965870981,
    0.18854067885523493,
    0.2020235702216764
  ],
  "lower_weights": [
    -0.0635874996861971,
    -0.012833233325999838,
    -0.04922760308588856,
    -0.05445834992821328,
    0.029103084113369107,
    -0.06111605090816566,
    -0.021501412084619198,
    0.051081774315749395
  ],
  "leading_edge_weight": -0.007041608417492871,
  "TE_thickness": 0.004428217713046128,
  "_score": -4.75375270574364
}