{
  "design_name": "Refined Vortex Max",
  "design_params": {
    "le_sweep_deg": 71.22723429482818,
    "root_chord_in": 27.80305569474108,
    "twist_root_deg": -10.0,
    "twist_tip_deg": -7.552013240022983,
    "dihedral_deg": -15.0,
    "naca": {
      "m": 0,
      "p": 0,
      "t": 6,
      "chord_length": 1.0
    }
  },
  "sim_conditions": {
    "aoa_deg": 10.0,
    "mach": 0.3,
    "reynolds": 3000000.0
  },
  "vlm_results": {
    "CL": 0.01529267233417111,
    "CDi": 0.00032171322641515225,
    "CM": -0.01769674990462854,
    "L_D": 47.535106046391775
  },
  "corrected_results": {
    "CL": 0.055866781214827806,
    "CDi": 0.0002494769512373475,
    "CM": -0.04443645555584203,
    "L_D": 223.93564190095157
  }
}