{
  "upper_weights": [
    0.2397535307171363,
    0.21198510607807924,
    0.21193197560115745,
    0.1999931286697607,
    0.2039758244022744,
    0.2761141653845914,
    0.1947624192132354,
    0.020128555984302965
  ],
  "lower_weights": [
    -0.26216187701074944,
    -0.28591045871572124,
    -0.3,
    -0.3,
    -0.3,
    -0.20702989217268875,
    -0.17001148756065976,
    -0.2533930061042148
  ],
  "leading_edge_weight": 0.5,
  "TE_thickness": 0.0,
  "name": "iter_0218"
}