{
  "upper_weights": [
    0.5882109989302127,
    0.4897970337179372,
    0.4424402889955,
    0.3507021013111358,
    0.22372467158564163,
    0.09101026032653547,
    0.0560797036557209,
    0.06980390175726459
  ],
  "lower_weights": [
    -0.1269438331534401,
    -0.008950363237807457,
    -0.034424560025313966,
    -0.11651528654159421,
    -0.3,
    -0.3,
    -0.28942075320697724,
    -0.3
  ],
  "leading_edge_weight": 0.5,
  "TE_thickness": 0.0029163453524948895,
  "name": "iter_0405"
}