{
  "upper_weights": [
    0.4976284340464573,
    0.42104521693150826,
    0.6,
    0.6,
    0.6,
    -0.04157257545389665,
    0.6,
    0.5779737354482937
  ],
  "lower_weights": [
    -0.15481068679200088,
    0.1995838667432936,
    0.3,
    0.05115522291153442,
    0.2627248132380349,
    0.2843218677064888,
    0.3,
    0.3
  ],
  "leading_edge_weight": 0.1429446061368788,
  "TE_thickness": 0.005818153886430628,
  "name": "design"
}