{
  "cst_upper": [
    0.2514468593992006,
    0.5382842025765884,
    0.39273849372825426,
    0.11280875565791892,
    0.5302689101481135,
    0.5721145609114766,
    0.43138187919447873,
    0.3846713740848205,
    0.4639542627496946,
    0.043809917848727675
  ],
  "cst_lower": [
    -0.050193501750461444,
    -0.26451491629026813,
    -0.06571702047534433,
    0.19412178906355015,
    -0.22704718672297308,
    -0.17107511241577572,
    -0.021556192873984303,
    -0.013485038615861089,
    0.06447708386541989,
    0.03438420821218252
  ],
  "SA": 29.137116901435917,
  "AR": 10.734862968276612,
  "TR": 0.3360135359375359,
  "kink": 0.3691114401914276,
  "rootadj": 0.7865801823536368,
  "DA_kink": 4.186754862096386,
  "DA_tip": 5.374792380254975,
  "t_root": 0.14043982757294518,
  "r_t2": 0.6908647925810044,
  "r_t3": 0.9264039636523198,
  "r_t4": 0.9299112664614203,
  "r_d1": 0.5160383245952644,
  "r_d2": 0.7799481334202484,
  "r_d4": 0.49571347966726037,
  "tw1": -3.758575378971912,
  "tw2": -3.5493152551546383,
  "tw3": -1.2054353030444651,
  "tw4": -1.502373651335631,
  "_score": -0.041269190701702985
}