{
  "design_name": "HybridSweepChordTwistCamber",
  "design_params": {
    "le_sweep_deg": 68.56989612805069,
    "root_chord_in": 24.793274341734467,
    "twist_root_deg": -10.0,
    "twist_tip_deg": -10.0,
    "dihedral_deg": -12.158796447149612,
    "naca": {
      "m": 4,
      "p": 4,
      "t": 10,
      "chord_length": 1.0
    }
  },
  "sim_conditions": {
    "aoa_deg": 10.0,
    "mach": 0.3,
    "reynolds": 3000000.0
  },
  "vlm_results": {
    "CL": 0.004030884119735891,
    "CDi": 0.023590075511162597,
    "CM": -0.08825504963655423,
    "L_D": 0.17087203124163444
  },
  "corrected_results": {
    "CL": 0.049553658493650864,
    "CDi": 0.011823009547561264,
    "CM": -0.08410681375613999,
    "L_D": 4.191289729937866
  }
}