{
  "upper_weights": [
    0.543175436702723,
    0.35236449301784506,
    0.25591561138194435,
    0.25432177957883884,
    0.22933280008480877,
    0.14856042375442985,
    0.05047144549365741,
    0.059963973122322704
  ],
  "lower_weights": [
    -0.07308738076366832,
    -0.11134405465327729,
    -0.018843448743845137,
    0.00440525460088537,
    0.040074755434139894,
    -0.00835070300570235,
    -0.06870080824796578,
    -0.2695501475108088
  ],
  "leading_edge_weight": -0.5,
  "TE_thickness": 0.0061006812402519435,
  "name": "design"
}