{
  "upper_weights": [
    0.5868423905816273,
    0.5866310400320363,
    0.5680487563392078,
    0.5072461215557826,
    0.5745757684707085,
    0.5993555809579323,
    0.5909585269113147,
    0.5964263653281732
  ],
  "lower_weights": [
    -0.12224761831095785,
    0.1566045503809022,
    0.29370218370187356,
    0.2937525372687941,
    0.1995763929855689,
    -0.009046217293032732,
    -0.1718219044454739,
    -0.28111433338324876
  ],
  "leading_edge_weight": -0.06783520336879156,
  "TE_thickness": 0.007295731402937374,
  "name": "iter_00645"
}