{
  "design_name": "HighSweep_CamberedThin",
  "design_params": {
    "le_sweep_deg": 71.70743001279375,
    "root_chord_in": 24.40595138039118,
    "twist_root_deg": -7.748332088816378,
    "twist_tip_deg": -8.193739304738122,
    "dihedral_deg": -3.8057565326689407,
    "naca": {
      "m": 2,
      "p": 4,
      "t": 6,
      "chord_length": 1.0
    }
  },
  "sim_conditions": {
    "aoa_deg": 10.0,
    "mach": 0.3,
    "reynolds": 3000000.0
  },
  "vlm_results": {
    "CL": 0.13382392777635174,
    "CDi": 0.00612498067128558,
    "CM": -0.15406856332548052,
    "L_D": 21.848873483589827
  },
  "corrected_results": {
    "CL": 0.12932852825248675,
    "CDi": 0.004536037294123769,
    "CM": -0.1307518284044416,
    "L_D": 28.51134588774788
  }
}