{
  "name": "iter_0076",
  "mach": 0.82,
  "aoa": 3.0,
  "SA": 36.10798413518159,
  "AR": 9.706216820513223,
  "TR": 0.2126304808859459,
  "kink": 0.3780035425631571,
  "rootadj": 0.5550753795406722,
  "DA_kink": 4.06185938760649,
  "DA_tip": 4.953410988735031,
  "t_root": 0.14664010716316866,
  "r_t2": 0.6290447893028811,
  "r_t3": 0.9760079347501857,
  "r_t4": 0.9687876532274493,
  "r_d1": 0.8,
  "r_d2": 0.5856793720706616,
  "r_d4": 0.19122174779240808,
  "tw1": -2.68283338927923,
  "tw2": -2.235635061026385,
  "tw3": -1.1928775022602938,
  "tw4": -2.448765180088326,
  "cst_upper": [
    0.41540437430023586,
    0.158543898587377,
    0.4693585254347232,
    0.06761377330332341,
    0.24965320749880465,
    0.53792278342328,
    0.17453923805664323,
    -0.04988223425127741,
    0.16048528091983172,
    0.5999999999999999
  ],
  "cst_lower": [
    -0.19775347001348514,
    -0.2708919759700068,
    -0.13338010752170873,
    -0.3,
    -0.3,
    0.16257111863805013,
    0.10029014099228828,
    0.05148323263473298,
    -0.29264610808435826,
    0.13749870892607513
  ]
}