{
  "design_name": "Exploitation_HighSweep_MaxWashout_NACA0008",
  "design_params": {
    "le_sweep_deg": 74.16563936157594,
    "root_chord_in": 30.84630953923489,
    "twist_root_deg": -10.0,
    "twist_tip_deg": -10.0,
    "dihedral_deg": -12.44213630373325,
    "naca": {
      "m": 0,
      "p": 0,
      "t": 6,
      "chord_length": 1.0
    }
  },
  "sim_conditions": {
    "aoa_deg": 10.0,
    "mach": 0.3,
    "reynolds": 3000000.0
  },
  "vlm_results": {
    "CL": -0.008627119979514394,
    "CDi": 5.6350939136707224e-05,
    "CM": 0.007926647844719411,
    "L_D": -153.09629460806366
  },
  "corrected_results": {
    "CL": 0.019503718367136297,
    "CDi": -0.0001273958135659135,
    "CM": -0.0007152753867673652,
    "L_D": -153.09544184546723
  }
}