{
  "design_name": "Cambered_MidSweep_WashinRoot_PositiveDihedral",
  "design_params": {
    "le_sweep_deg": 59.518900656997744,
    "root_chord_in": 40.53021525424922,
    "twist_root_deg": 6.962750999066581,
    "twist_tip_deg": -6.279563299100611,
    "dihedral_deg": 7.733697129398603,
    "naca": {
      "m": 4,
      "p": 4,
      "t": 17,
      "chord_length": 1.0
    }
  },
  "sim_conditions": {
    "aoa_deg": 10.0,
    "mach": 0.3,
    "reynolds": 3000000.0
  },
  "vlm_results": {
    "CL": 0.8772318800869544,
    "CDi": 0.15265231357734266,
    "CM": -0.8428386398302727,
    "L_D": 5.746600621565405
  },
  "corrected_results": {
    "CL": 0.12125358481131508,
    "CDi": 0.0179460159542008,
    "CM": -0.0679884143667786,
    "L_D": 6.756574000645088
  }
}