{
  "SA": 38.065513254147355,
  "AR": 10.232947600866364,
  "TR": 0.27203265087284306,
  "kink": 0.4085855862428647,
  "rootadj": 0.8523653398371281,
  "DA_kink": 2.642540271526057,
  "DA_tip": 5.360929821500448,
  "t_root": 0.14282659403218678,
  "r_t2": 0.69011617172699,
  "r_t3": 0.9124588021851868,
  "r_t4": 0.9509487864583184,
  "r_d1": 0.41097151481578664,
  "r_d2": 0.8546003750406475,
  "r_d4": 0.732914596405426,
  "tw1": -3.873131763349604,
  "tw2": -2.205062840410964,
  "tw3": -2.6848322421567796,
  "tw4": -1.4294527211565564,
  "cst_upper": [
    0.15069236935570035,
    0.34900682022426827,
    0.4184669507042696,
    0.029056000399668658,
    0.4754893537822635,
    0.5160355060891602,
    0.4016441454702719,
    -0.16495959158990697,
    0.2824529359974935,
    0.28405715701717654
  ],
  "cst_lower": [
    -0.2846230928798902,
    -0.2736373652908254,
    -0.21661041525829877,
    -0.19380539035724864,
    -0.011944511703479155,
    0.026349893737314778,
    0.17666249834793007,
    -0.06312293147526554,
    -0.11559574693953129,
    0.2374610704333126
  ],
  "_score": -0.0558658885340119
}