{
  "design_name": "Hybrid_HighSweep_VortexWashout_007",
  "design_params": {
    "le_sweep_deg": 80.0,
    "root_chord_in": 25.54385178309497,
    "twist_root_deg": -3.648195894326478,
    "twist_tip_deg": -9.004387722879233,
    "dihedral_deg": -15.0,
    "naca": {
      "m": 0,
      "p": 0,
      "t": 11,
      "chord_length": 1.0
    }
  },
  "sim_conditions": {
    "aoa_deg": 10.0,
    "mach": 0.3,
    "reynolds": 3000000.0
  },
  "vlm_results": {
    "CL": 0.2174956016523663,
    "CDi": 0.014867884044302976,
    "CM": -0.22312038297847456,
    "L_D": 14.628551110855987
  },
  "corrected_results": {
    "CL": 0.15251359707178958,
    "CDi": 0.011788337252975558,
    "CM": -0.14122593970562605,
    "L_D": 12.937668290181703
  }
}