{
  "upper_weights": [
    0.29353694312476614,
    0.5999999999999999,
    0.25779866182115535,
    0.1851273892650397,
    0.03833093889730976,
    0.10057944304317151,
    0.1337474577489544,
    0.22694695310004848
  ],
  "lower_weights": [
    -0.198185921265385,
    -0.14081517172092664,
    -0.24335352443956565,
    -0.3,
    -0.2290682783929802,
    -0.16685127424478385,
    0.026804448014223548,
    -0.3
  ],
  "leading_edge_weight": -0.5,
  "TE_thickness": 0.0,
  "name": "iter_0095"
}