{
  "design_name": "HybridCamberedMaxDihedral",
  "design_params": {
    "le_sweep_deg": 54.11158717245796,
    "root_chord_in": 25.734,
    "twist_root_deg": 0.0,
    "twist_tip_deg": 0.0,
    "dihedral_deg": 0.0,
    "naca": {
      "m": 4,
      "p": 4,
      "t": 8,
      "chord_length": 1.0
    }
  },
  "sim_conditions": {
    "aoa_deg": 0.0,
    "mach": 0.3,
    "reynolds": 3000000.0
  },
  "vlm_results": {
    "CL": 0.22088560072217214,
    "CDi": 0.014265271453250291,
    "CM": -0.2755753414582729,
    "L_D": 15.484149842227092
  },
  "corrected_results": {
    "CL": 0.1582456070978819,
    "CDi": 0.009017598815926094,
    "CM": -0.19426634845571095,
    "L_D": 17.5485304157025
  }
}