{
  "name": "design",
  "mach": 0.82,
  "aoa": 3.0,
  "SA": 36.90118566822151,
  "AR": 9.909754467099546,
  "TR": 0.2193108982566147,
  "kink": 0.36143676601567065,
  "rootadj": 1.1,
  "DA_kink": 0.5,
  "DA_tip": 5.0412218647121785,
  "t_root": 0.1507578313724153,
  "r_t2": 0.6953143779935886,
  "r_t3": 0.9097316564709431,
  "r_t4": 0.92,
  "r_d1": 0.8,
  "r_d2": 0.597919422793957,
  "r_d4": 0.0,
  "tw1": -2.0,
  "tw2": -2.0064938173102806,
  "tw3": -1.0,
  "tw4": -1.0,
  "cst_upper": [
    0.07587486189326655,
    0.6,
    0.12870396622871258,
    0.6,
    0.22311481337139757,
    0.5763464238821197,
    0.1753200808121617,
    0.6,
    0.6,
    0.4542015885342838
  ],
  "cst_lower": [
    0.11616546717804058,
    -0.3,
    -0.3,
    -0.3,
    -0.004373648809155608,
    -0.22634834584167363,
    -0.3,
    0.16142263598629694,
    -0.2933112748844795,
    -0.045289258026952155
  ]
}