{
  "upper_weights": [
    0.26642601623859963,
    0.2687444466126301,
    0.2431966093246182,
    0.27597586486857145,
    0.18300241076009363,
    0.14285187797966892,
    0.10656484721196371,
    0.1468017299198724
  ],
  "lower_weights": [
    -0.21348345224462636,
    -0.06946194339032995,
    -0.07908281779295923,
    -0.03619507757628364,
    -0.05787842053583628,
    -0.05238841763408619,
    -0.12989208984381498,
    -0.1202262492273494
  ],
  "leading_edge_weight": 0.046754821461545804,
  "TE_thickness": 0.0,
  "name": "design"
}