{
  "design_name": "Swept_Cambered_Anhedral",
  "design_params": {
    "le_sweep_deg": 65.16899505295656,
    "root_chord_in": 23.396511198684834,
    "twist_root_deg": -10.0,
    "twist_tip_deg": -7.919676092508213,
    "dihedral_deg": -15.0,
    "naca": {
      "m": 4,
      "p": 4,
      "t": 14,
      "chord_length": 1.0
    }
  },
  "sim_conditions": {
    "aoa_deg": 10.0,
    "mach": 0.3,
    "reynolds": 3000000.0
  },
  "vlm_results": {
    "CL": 0.054971718590745476,
    "CDi": 0.02102066250939654,
    "CM": -0.13343922660338192,
    "L_D": 2.6151277851576906
  },
  "corrected_results": {
    "CL": 0.09084315885510696,
    "CDi": 0.011496862884477167,
    "CM": -0.12786121296680364,
    "L_D": 7.9015606055249705
  }
}