{
  "B1": 100.00031583350133,
  "B2": 89.55761518818039,
  "B3": 700.0,
  "C2": 550.0,
  "C3": 235.12362401042927,
  "C4": 88.08069692992797,
  "S1": 60.0,
  "S2": 55.407062112968674,
  "S3": 40.0,
  "alpha": -3.0,
  "name": "design"
}