{
  "upper_weights": [
    0.4062262189638902,
    0.39176805098070305,
    0.310229208795023,
    0.15807735177448606,
    -0.019287453250011258,
    0.01562979865187865,
    0.006555126191073706,
    -0.10920335766638513
  ],
  "lower_weights": [
    -0.13727944066332798,
    -0.13484358850097156,
    -0.10948507039619881,
    -0.0768105593151866,
    -0.02225986202445405,
    -0.02505909825889572,
    -0.14026926999840292,
    -0.2779935867975081
  ],
  "leading_edge_weight": 0.13521699240823204,
  "TE_thickness": 0.0006654020369650345,
  "name": "Refined_Reflex_High_L_D_V2"
}