{
  "name": "design",
  "mach": 0.82,
  "aoa": 3.0,
  "SA": 36.56138014161251,
  "AR": 9.37100852442571,
  "TR": 0.2446401008708372,
  "kink": 0.3758589448684101,
  "rootadj": 0.30503849358420476,
  "DA_kink": 4.185330549578603,
  "DA_tip": 4.685680287579834,
  "t_root": 0.15000965483380593,
  "r_t2": 0.6741820392428975,
  "r_t3": 0.9240159688882513,
  "r_t4": 0.9755160292727586,
  "r_d1": 0.41126390950761876,
  "r_d2": 0.7043180460930984,
  "r_d4": 0.3808558852574493,
  "tw1": -2.4081322385723323,
  "tw2": -3.2976337121555823,
  "tw3": -1.840439904711058,
  "tw4": -1.7838348070249057,
  "cst_upper": [
    0.5027028726456166,
    0.13482080003799574,
    0.19890158577060715,
    0.599779116635307,
    -0.22457489682726917,
    0.2999685213385274,
    0.12079136900663535,
    0.5456473728222809,
    0.19298618679994045,
    0.3736504042468686
  ],
  "cst_lower": [
    -0.09363395237956562,
    0.08383929458422466,
    -0.09174645694397167,
    -0.20688008762785254,
    0.038068325692173326,
    -0.08582114961906405,
    0.047913713472530414,
    0.23946467333110077,
    -0.04673050799103821,
    -0.1510150895361566
  ]
}