{
  "upper_weights": [
    0.5999999999999999,
    0.47113601721738013,
    0.5999999999999999,
    0.5999999999999999,
    0.42707910000243626,
    0.04836555002861642,
    0.19733222078365747,
    0.5999999999999999
  ],
  "lower_weights": [
    -0.05322556512850207,
    0.3,
    0.3,
    0.2050551679587151,
    0.3,
    0.3,
    0.3,
    0.3
  ],
  "leading_edge_weight": -0.47761386571005404,
  "TE_thickness": 0.0,
  "name": "iter_0218"
}