{
  "upper_weights": [
    0.3103347647370202,
    0.3267516858736564,
    0.3327147268711465,
    0.2856684398798028,
    0.17616782331204445,
    0.089719493711239,
    0.04335793137716237,
    0.09852460487409748
  ],
  "lower_weights": [
    -0.28606627662299877,
    -0.08191763308825334,
    -0.002189573429817737,
    0.04537913569468777,
    -0.07590101784626987,
    -0.19612158191384566,
    -0.3,
    -0.3
  ],
  "leading_edge_weight": 0.5,
  "TE_thickness": 0.01,
  "name": "iter_0404"
}