{
  "upper_weights": [
    0.3709225083381536,
    0.5456254652873371,
    0.5997709116485868,
    0.558218373703089,
    0.5988255947614269,
    0.5907325685377702,
    0.5557705915175197,
    0.587012338630758
  ],
  "lower_weights": [
    -0.29470531286958307,
    -0.20617066817351937,
    -0.024216704927789046,
    -0.013436299889454217,
    -0.06662097337973025,
    -0.15531168713908006,
    -0.1900788740930894,
    -0.29370739452180006
  ],
  "leading_edge_weight": -0.43678306289538693,
  "TE_thickness": 0.005863688086544465,
  "name": "iter_00677"
}