{
  "upper_weights": [
    0.42880410292138965,
    0.08804258936972487,
    -0.17222285048621433,
    -0.19766767139276648,
    -0.10850080932853581,
    0.041143888769065606,
    0.2531343093443957,
    0.5414990648465721
  ],
  "lower_weights": [
    -0.29459044780948906,
    -0.21883201130433483,
    -0.25040537561979265,
    -0.1983207908324952,
    -0.23583725039173517,
    -0.2798844622264393,
    -0.21947739813203582,
    -0.11059432138506234
  ],
  "leading_edge_weight": 0.47794570164502104,
  "TE_thickness": 0.009437458205991378,
  "name": "iter_00646"
}