{
  "upper_weights": [
    -0.04901975922552526,
    0.5998966150412497,
    0.14413681323533728,
    0.1526731643455162,
    -0.05183149597774242,
    0.1957922951750949,
    0.1244269335702709,
    0.5999999999999999
  ],
  "lower_weights": [
    0.07619024347999293,
    0.2878875777697108,
    0.3,
    0.022217648020678438,
    0.02939105938308889,
    0.15262723853372084,
    0.06533922419917654,
    0.15275956174267108
  ],
  "leading_edge_weight": 0.5,
  "TE_thickness": 0.0046137521443889145,
  "name": "design"
}