{
  "upper_weights": [
    0.48964338151009185,
    0.5602684683812857,
    0.46630655009598093,
    0.2798912893935492,
    0.11256642725820915,
    -0.016033960594388164,
    -0.0396376559388093,
    -0.02700076961858744
  ],
  "lower_weights": [
    -0.24447082934560307,
    -0.2236882369489708,
    -0.17437377210147684,
    -0.14731915547642335,
    -0.228199021437195,
    -0.3,
    -0.3,
    -0.3
  ],
  "leading_edge_weight": 0.5,
  "TE_thickness": 0.0,
  "name": "iter_0374"
}