{
  "B1": 199.93025390791553,
  "B2": 50.25587945436938,
  "B3": 200.33374558397637,
  "C2": 789.7316517347024,
  "C3": 180.44050113966227,
  "C4": 85.77883590607766,
  "S1": 48.77527342741006,
  "S2": 41.32049503559996,
  "S3": 39.86256216681878,
  "alpha": 2.2287974329978777,
  "name": "iter_00832"
}