{
  "name": "iter_0183",
  "mach": 0.82,
  "aoa": 3.0,
  "SA": 40.0,
  "AR": 11.0,
  "TR": 0.4,
  "kink": 0.36,
  "rootadj": 1.1,
  "DA_kink": 0.5,
  "DA_tip": 4.0,
  "t_root": 0.17,
  "r_t2": 0.6,
  "r_t3": 0.98,
  "r_t4": 0.92,
  "r_d1": 0.8,
  "r_d2": 1.0,
  "r_d4": 0.6886577300856724,
  "tw1": -2.0,
  "tw2": -2.0,
  "tw3": -1.0,
  "tw4": -1.0,
  "cst_upper": [
    0.5999999999999999,
    0.220587185531196,
    0.5999999999999999,
    0.4908201417522246,
    0.12923895169282607,
    0.5999999999999999,
    0.5999999999999999,
    0.5999999999999999,
    -0.3,
    0.4401002010004272
  ],
  "cst_lower": [
    0.008269635527404062,
    -0.3,
    -0.3,
    -0.09522931262330295,
    -0.3,
    -0.3,
    -0.3,
    -0.3,
    0.3,
    0.054708793283775536
  ]
}