{
  "upper_weights": [
    0.2778837502779775,
    0.36031052057197205,
    0.294643835506729,
    0.09360426081421946,
    -0.040688014182453276,
    -0.008110663643980368,
    0.05131177558216548,
    0.12241734757056605
  ],
  "lower_weights": [
    -0.10520023205192837,
    -0.09041009690686949,
    -0.05452351999069281,
    -0.01901837324739486,
    -0.01432080861224266,
    -0.10139605311318575,
    -0.09981062186264059,
    -0.06080409735763357
  ],
  "leading_edge_weight": 0.5,
  "TE_thickness": 0.009944178542581774,
  "name": "design"
}