{
  "upper_weights": [
    0.160525837953237,
    0.2539661456620977,
    0.28102802984642555,
    0.19332869365013255,
    0.1481344902046758,
    0.06801183923833702,
    0.03989037567568098,
    0.0069434908713093164
  ],
  "lower_weights": [
    -0.018878884536538937,
    -0.11542042658405027,
    -0.11688694491847124,
    -0.3,
    -0.09212860257488811,
    -0.01758477767311427,
    -0.05860099829863259,
    -0.03997224084922222
  ],
  "leading_edge_weight": 0.4022723742713127,
  "TE_thickness": 0.0006514383641554096,
  "name": "HPA_HighCamber_Explorer_01"
}