{
  "design_name": "HybridMidSweepCamberedWashout",
  "design_params": {
    "le_sweep_deg": 69.63567284604267,
    "root_chord_in": 42.68672649725677,
    "twist_root_deg": -9.38523312185488,
    "twist_tip_deg": -5.493748575183798,
    "dihedral_deg": 2.0440884173262512,
    "naca": {
      "m": 4,
      "p": 4,
      "t": 13,
      "chord_length": 1.0
    }
  },
  "sim_conditions": {
    "aoa_deg": 10.0,
    "mach": 0.3,
    "reynolds": 3000000.0
  },
  "vlm_results": {
    "CL": 0.12399265608899145,
    "CDi": 0.017201587431246706,
    "CM": -0.18318134492575863,
    "L_D": 7.208210090177992
  },
  "corrected_results": {
    "CL": -0.11881035299369282,
    "CDi": -0.0098002567101669,
    "CM": 0.14604977288415372,
    "L_D": 12.123187841644759
  }
}