{
  "upper_weights": [
    0.34478565492104,
    0.28362152719119493,
    0.2588940735194145,
    0.16807179078455942,
    0.029473158749937216,
    -0.04455421293216692,
    -0.04616398881213918,
    0.041811928527239424
  ],
  "lower_weights": [
    0.062269951994181685,
    0.0905647997669191,
    -0.08099347535357788,
    -0.09873389779410499,
    -0.10105462850764288,
    -0.10976699167755409,
    -0.24897480208370046,
    -0.29819360789579363
  ],
  "leading_edge_weight": 0.3632850726963806,
  "TE_thickness": 0.0004986740748066563,
  "name": "Reflexed_HighLD_V4"
}