{
  "upper_weights": [
    0.03592150601502209,
    0.29038024815352087,
    0.48271776546352635,
    0.40367065431192534,
    0.2382184743545685,
    0.18046481742967424,
    0.19753965888288189,
    0.18090281864780794
  ],
  "lower_weights": [
    -0.2584253355281364,
    -0.3,
    -0.3,
    -0.2692060629613515,
    -0.2311969952935325,
    -0.3,
    -0.3,
    -0.3
  ],
  "leading_edge_weight": -0.3216491618406331,
  "TE_thickness": 0.0,
  "name": "iter_0076"
}