{
  "upper_weights": [
    0.5744328036966024,
    0.5897570707304318,
    0.5433569479769962,
    0.5979224352830925,
    0.49019970645531213,
    0.32639667818697976,
    0.3539999659982835,
    0.3197652070094478
  ],
  "lower_weights": [
    -0.10697383453517686,
    -0.2650019987681442,
    -0.28717831546339695,
    -0.26383194029301965,
    -0.27806312080301043,
    -0.29997016601062715,
    -0.29190616039860345,
    -0.2762382641081795
  ],
  "leading_edge_weight": 0.4511731096971676,
  "TE_thickness": 0.009937086300604438,
  "name": "iter_00602"
}