{
  "name": "design",
  "mach": 0.82,
  "aoa": 3.0,
  "SA": 40.0,
  "AR": 10.880107054447267,
  "TR": 0.2852164484465538,
  "kink": 0.36,
  "rootadj": 0.1,
  "DA_kink": 3.3536908991224488,
  "DA_tip": 4.960202978856922,
  "t_root": 0.14,
  "r_t2": 0.6,
  "r_t3": 0.9500138852428738,
  "r_t4": 0.9595894474867912,
  "r_d1": 0.5559293733602609,
  "r_d2": 0.5,
  "r_d4": 0.36989708659477366,
  "tw1": -4.0,
  "tw2": -2.9888321808479046,
  "tw3": -1.4739292307209735,
  "tw4": -2.2041223348042047,
  "cst_upper": [
    0.41871536495048606,
    0.3260384791914967,
    0.5999999999999999,
    0.3872212269262753,
    0.48937356477145383,
    0.5789335938068914,
    0.39585021364042855,
    0.5999999999999999,
    0.4446058055078887,
    0.4836016285627674
  ],
  "cst_lower": [
    -0.26661752803421584,
    -0.2968654443431417,
    -0.2749547668549077,
    -0.3,
    -0.2811669094639534,
    -0.19032705256968596,
    -0.18393427223464676,
    -0.21309638241778334,
    0.2606482138163689,
    0.255865416870998
  ]
}