{
  "design_name": "Extreme_Geom_High_Camber_Delta",
  "design_params": {
    "le_sweep_deg": 79.04040812271417,
    "root_chord_in": 35.806176319426015,
    "twist_root_deg": -10.0,
    "twist_tip_deg": -3.81519594399869,
    "dihedral_deg": -10.933286805345269,
    "naca": {
      "m": 2,
      "p": 4,
      "t": 8,
      "chord_length": 1.0
    }
  },
  "sim_conditions": {
    "aoa_deg": 10.0,
    "mach": 0.3,
    "reynolds": 3000000.0
  },
  "vlm_results": {
    "CL": 0.03969348121403265,
    "CDi": 0.005331174423003936,
    "CM": -0.06886995829194045,
    "L_D": 7.445541650776963
  },
  "corrected_results": {
    "CL": -0.028999761574932382,
    "CDi": -0.004352346834854757,
    "CM": 0.05220330290533128,
    "L_D": 6.663017143462588
  }
}