{
  "design_name": "InitialBalancedDelta",
  "design_params": {
    "le_sweep_deg": 71.09661510633673,
    "root_chord_in": 34.313963501181966,
    "twist_root_deg": 3.9735475837181062,
    "twist_tip_deg": -0.11374581207296419,
    "dihedral_deg": -8.605332823800374,
    "naca": {
      "m": 0,
      "p": 0,
      "t": 11,
      "chord_length": 1.0
    }
  },
  "sim_conditions": {
    "aoa_deg": 10.0,
    "mach": 0.3,
    "reynolds": 3000000.0
  },
  "vlm_results": {
    "CL": 0.39642815809643206,
    "CDi": 0.08536192398497326,
    "CM": -0.3675751293269412,
    "L_D": 4.64408649184404
  },
  "corrected_results": {
    "CL": 0.08423669026134085,
    "CDi": 0.019381983436830213,
    "CM": -0.038721148469189906,
    "L_D": 4.346133641888881
  }
}