{
  "upper_weights": [
    0.3701372778594257,
    0.4423909215159089,
    0.28801987228985043,
    0.22888852107693497,
    0.20793272203153296,
    0.2031862736716062,
    0.18003165268073001,
    0.23560325735681392
  ],
  "lower_weights": [
    -0.24917029411728694,
    0.055107559010977136,
    0.12054937823125594,
    0.0883881557370752,
    0.07218654235840583,
    0.015903142945092763,
    -0.041791658349008554,
    -0.1902460833135956
  ],
  "leading_edge_weight": -0.37934166402142744,
  "TE_thickness": 0.00832619845547938,
  "name": "design"
}