{
  "upper_weights": [
    0.13547878054137533,
    0.16201549872236556,
    0.236050901151186,
    0.2924676678155507,
    0.14020220926560734,
    0.1145093775322485,
    0.07212347791377222,
    -0.0640824619863197
  ],
  "lower_weights": [
    -0.08954181045848907,
    -0.14348088914943674,
    -0.22485853345515414,
    -0.3,
    -0.3,
    -0.22906745912425558,
    -0.22490117038151788,
    -0.1733034840971511
  ],
  "leading_edge_weight": -0.25979456834673254,
  "TE_thickness": 0.0,
  "name": "design"
}