{
  "design_name": "HighSweepLargeChordWashout",
  "design_params": {
    "le_sweep_deg": 74.14203207382111,
    "root_chord_in": 39.94735715278076,
    "twist_root_deg": -9.23635149827541,
    "twist_tip_deg": -5.420177921674085,
    "dihedral_deg": -1.2957899945245344,
    "naca": {
      "m": 4,
      "p": 4,
      "t": 13,
      "chord_length": 1.0
    }
  },
  "sim_conditions": {
    "aoa_deg": 10.0,
    "mach": 0.3,
    "reynolds": 3000000.0
  },
  "vlm_results": {
    "CL": 0.049125329684532246,
    "CDi": 0.016078135243932493,
    "CM": -0.11387051572788848,
    "L_D": 3.055412144456925
  },
  "corrected_results": {
    "CL": -0.10524731128433933,
    "CDi": -0.007183682869758072,
    "CM": 0.1243230983542935,
    "L_D": 14.650884955878318
  }
}