{
  "upper_weights": [
    -0.13335223275217573,
    0.4503544686683793,
    -0.2100010198498491,
    -0.16231487570927336,
    0.30185074550767693,
    -0.21145916870153672,
    -0.2812012834926711,
    -0.24753448879112658
  ],
  "lower_weights": [
    -0.26366165457147883,
    -0.25935451923075464,
    0.13839628930977976,
    -0.09995808848921586,
    0.16203122003767356,
    -0.04683428055418676,
    0.17979916821929615,
    0.00045901751425958537
  ],
  "leading_edge_weight": -0.2192706549942247,
  "TE_thickness": 0.009467982259906787,
  "name": "design"
}