{
  "design_name": "HigherSweep_CamberedThin",
  "design_params": {
    "le_sweep_deg": 58.44035040594648,
    "root_chord_in": 25.734,
    "twist_root_deg": 0.0,
    "twist_tip_deg": 0.0,
    "dihedral_deg": 0.0,
    "naca": {
      "m": 4,
      "p": 4,
      "t": 6,
      "chord_length": 1.0
    }
  },
  "sim_conditions": {
    "aoa_deg": 0.0,
    "mach": 0.3,
    "reynolds": 3000000.0
  },
  "vlm_results": {
    "CL": 0.19972645288663185,
    "CDi": 0.014506435221775044,
    "CM": -0.2553856053373217,
    "L_D": 13.768127719402093
  },
  "corrected_results": {
    "CL": 0.13134504599363026,
    "CDi": 0.008920462002762967,
    "CM": -0.16625637946960375,
    "L_D": 14.724018324717742
  }
}