{
  "upper_weights": [
    0.34231676124908855,
    0.2726449260468559,
    0.26539840770041573,
    0.2468491801747857,
    0.10293307537139346,
    -0.03305570454379003,
    -0.06227732897357571,
    -0.15952662054316147
  ],
  "lower_weights": [
    -0.1724111842574578,
    -0.22354933206918942,
    -0.15590535615770687,
    -0.15335727200741894,
    -0.16695567043428994,
    -0.17334272368142287,
    -0.3,
    -0.3
  ],
  "leading_edge_weight": 0.5,
  "TE_thickness": 0.01,
  "name": "iter_0419"
}