{
  "design_name": "HighSweep_LEcamber_Thick_PosDihedral",
  "design_params": {
    "le_sweep_deg": 80.0,
    "root_chord_in": 23.06799071985302,
    "twist_root_deg": -1.4571293646908128,
    "twist_tip_deg": -0.22562901817933323,
    "dihedral_deg": 2.4753413836119975,
    "naca": {
      "m": 4,
      "p": 0,
      "t": 24,
      "chord_length": 1.0
    }
  },
  "sim_conditions": {
    "aoa_deg": 10.0,
    "mach": 0.3,
    "reynolds": 3000000.0
  },
  "vlm_results": {
    "CL": 0.20831221389488258,
    "CDi": 0.033486808853288426,
    "CM": -0.20180123103080425,
    "L_D": 6.220724548807707
  },
  "corrected_results": {
    "CL": 0.12427971839826601,
    "CDi": 0.01965501313325372,
    "CM": -0.1199440582879664,
    "L_D": 6.323054457185833
  }
}