{
  "design_name": "HighSweep_CamberedThin_MaxWashout_Compact",
  "design_params": {
    "le_sweep_deg": 80.0,
    "root_chord_in": 26.606519913481772,
    "twist_root_deg": -8.32622190252995,
    "twist_tip_deg": -9.694439190011867,
    "dihedral_deg": -9.202030038008026,
    "naca": {
      "m": 4,
      "p": 4,
      "t": 6,
      "chord_length": 1.0
    }
  },
  "sim_conditions": {
    "aoa_deg": 10.0,
    "mach": 0.3,
    "reynolds": 3000000.0
  },
  "vlm_results": {
    "CL": -0.11510677837347631,
    "CDi": 0.01862738261891327,
    "CM": 0.03179823694787936,
    "L_D": -6.179439201329494
  },
  "corrected_results": {
    "CL": 0.014088350278788521,
    "CDi": 0.009317458381356282,
    "CM": -0.032792921545422044,
    "L_D": 1.5120379079962976
  }
}