{
  "name": "design",
  "mach": 0.82,
  "aoa": 3.0,
  "SA": 30.82897225954241,
  "AR": 10.263828222620855,
  "TR": 0.3476285059034932,
  "kink": 0.38142287286242177,
  "rootadj": 0.4691759577227422,
  "DA_kink": 3.55820520979017,
  "DA_tip": 5.271997740574727,
  "t_root": 0.1416864414359406,
  "r_t2": 0.6466263297447139,
  "r_t3": 0.9532580711290276,
  "r_t4": 1.0,
  "r_d1": 0.45492869366173494,
  "r_d2": 0.7466395653923579,
  "r_d4": 0.2991732714878843,
  "tw1": -2.258629935011001,
  "tw2": -3.116221898982498,
  "tw3": -2.068983923777154,
  "tw4": -2.2836849145540916,
  "cst_upper": [
    0.3035849403740478,
    0.2916313503498898,
    0.3600340755181644,
    0.20308309161491916,
    0.3616383966436549,
    0.4209680511094801,
    0.34415800648270806,
    0.4393062594335187,
    0.2626511313211168,
    0.16665438936742014
  ],
  "cst_lower": [
    -0.10514755514994933,
    -0.09897976383478004,
    -0.0728154797821052,
    0.05827275286399418,
    -0.3,
    -0.13834971108672744,
    -0.0703427511770295,
    0.0016155700978434519,
    -0.1102120155064101,
    0.025324161905359764
  ]
}