{
  "upper_weights": [
    0.3757567728394716,
    0.1446816487488326,
    0.036715444582497314,
    0.38270547857846426,
    0.3566557833687354,
    0.3271286662833582,
    0.16802473807492768,
    0.5154920417033929
  ],
  "lower_weights": [
    -0.1068084174341036,
    0.030711837484507953,
    0.1403664939081022,
    -0.18294459441075123,
    0.07024756479319705,
    -0.00017995072512133614,
    0.11742728420254023,
    0.06723425078658266
  ],
  "leading_edge_weight": 0.009078803305872851,
  "TE_thickness": 0.005425696134749712,
  "_score": 79.29765033432658
}