{
  "upper_weights": [
    0.4621956171194746,
    0.25597510611385194,
    0.1769439084117964,
    0.10247115937721496,
    -0.020856576911979563,
    -0.11381953712976603,
    -0.05134405967876435,
    0.13166040693461967
  ],
  "lower_weights": [
    -0.17744168988545517,
    -0.22120130445168418,
    -0.24198818874923733,
    -0.17306166502148204,
    -0.13887591820205808,
    -0.18726381491587696,
    -0.13658055597111593,
    -0.16103959178195734
  ],
  "leading_edge_weight": 0.16126124832694821,
  "TE_thickness": 0.005332585269204572,
  "name": "design"
}