{
  "upper_weights": [
    0.19409853657119447,
    0.2396269459774681,
    -0.024340190887829516,
    -0.20795243515735934,
    -0.3,
    -0.10435367986374422,
    -0.014448634414608752,
    0.5999999999999999
  ],
  "lower_weights": [
    -0.3,
    0.059913695239378395,
    -0.22890795999988883,
    -0.3,
    -0.3,
    -0.12424583860401073,
    -0.3,
    -0.3
  ],
  "leading_edge_weight": -0.5,
  "TE_thickness": 0.0,
  "name": "iter_0212"
}