{
  "SA": 30.467782710130972,
  "AR": 9.704502641089208,
  "TR": 0.28399181869868545,
  "kink": 0.3847022843804975,
  "rootadj": 0.6925223981079778,
  "DA_kink": 3.6705981405699926,
  "DA_tip": 5.041104283416916,
  "t_root": 0.15288596975935528,
  "r_t2": 0.6489268332010412,
  "r_t3": 0.9275850970659352,
  "r_t4": 0.9605445670481074,
  "r_d1": 0.5730231471926578,
  "r_d2": 0.7296451719687157,
  "r_d4": 0.44386732910491705,
  "tw1": -3.1372165974290405,
  "tw2": -3.020421176382634,
  "tw3": -1.9748587862535527,
  "tw4": -1.9339470138447652,
  "cst_upper": [
    0.07588654857576983,
    0.17861985699855662,
    0.05010276817799901,
    0.12188418150822757,
    0.1517616037595176,
    0.12026796342518702,
    0.10626710716519862,
    0.17338823551510235,
    0.19327278556283117,
    0.1901329581627961
  ],
  "cst_lower": [
    0.04976356038660843,
    0.0041170109912824744,
    -0.060426538500261674,
    -0.029039395260931612,
    -0.06333244137577428,
    -0.007656617198408532,
    -0.019492844251797703,
    0.027571874343302567,
    0.025270197674441785,
    -0.01690315001303197
  ],
  "_score": 13.866029419725379
}