{
  "upper_weights": [
    -0.3,
    0.16789443554972616,
    0.16891824745748701,
    -0.07072852782663405,
    0.11328326223408453,
    0.5999999999999999,
    -0.3,
    0.5999999999999999
  ],
  "lower_weights": [
    0.3,
    0.3,
    -0.3,
    -0.3,
    -0.3,
    0.3,
    0.3,
    0.3
  ],
  "leading_edge_weight": 0.5,
  "TE_thickness": 0.01,
  "name": "iter_0321"
}