{
  "upper_weights": [
    0.27444524502255824,
    0.27604686235924847,
    0.27359716547515417,
    0.16189424945552464,
    -0.01103974067146056,
    0.03958038402734742,
    0.1428543448417888,
    0.19950785048211395
  ],
  "lower_weights": [
    -0.2507311529163545,
    -0.21393395892192346,
    -0.1898402435297026,
    -0.2100651591121957,
    -0.16639756335821376,
    -0.1958359723467334,
    -0.16870726046895596,
    -0.18054935744655995
  ],
  "leading_edge_weight": 0.11544934078750067,
  "TE_thickness": 6.773736885914576e-06,
  "name": "EnhancedCamberAftLoading_HPA"
}