{
  "upper_weights": [
    0.5855905146307498,
    0.4060090849135856,
    0.30690899378195985,
    0.15059608568726943,
    0.024972064114898156,
    -0.01385980868075348,
    -0.028539680031783598,
    -0.09789918184024445
  ],
  "lower_weights": [
    -0.19614368766243107,
    -0.12214633080988668,
    -0.10574211753049242,
    -0.049220391524669956,
    0.007537354367184146,
    -0.10232255312537687,
    -0.1386838487727209,
    -0.297359047998916
  ],
  "leading_edge_weight": 0.22692341652223053,
  "TE_thickness": 0.0,
  "name": "RefinedReflex_LDSmoothLE_PreciseCM"
}