{
  "design_name": "ExtremeSweep_WashinRoot_PositiveDihedral_NACA4415",
  "design_params": {
    "le_sweep_deg": 80.0,
    "root_chord_in": 30.77936862848834,
    "twist_root_deg": 4.501167218332423,
    "twist_tip_deg": -3.6437845241507665,
    "dihedral_deg": 15.0,
    "naca": {
      "m": 4,
      "p": 4,
      "t": 14,
      "chord_length": 1.0
    }
  },
  "sim_conditions": {
    "aoa_deg": 10.0,
    "mach": 0.3,
    "reynolds": 3000000.0
  },
  "vlm_results": {
    "CL": 0.5879027288496522,
    "CDi": 0.10588353411604279,
    "CM": -0.6628038723423537,
    "L_D": 5.5523527218627
  },
  "corrected_results": {
    "CL": 0.1740846967505216,
    "CDi": 0.03357692910936806,
    "CM": -0.1586606353969584,
    "L_D": 5.184652121803225
  }
}