{
  "upper_weights": [
    0.6,
    0.41487538267372015,
    0.4243383193062344,
    0.34360277256397614,
    0.19812389879091585,
    0.21319338652644815,
    0.27254548453519534,
    0.28994107407448005
  ],
  "lower_weights": [
    -0.13371140401805617,
    -0.12508184322641913,
    -0.09002211934953135,
    -0.03461764177010866,
    0.06784998277945238,
    0.13516552389301756,
    0.1342628968564939,
    0.07470677786763849
  ],
  "leading_edge_weight": -0.5,
  "TE_thickness": 0.0038481369414195042,
  "name": "design"
}