{
  "design_name": "HighCamber_AggressiveWashout_Anhedral_ThinNACA",
  "design_params": {
    "le_sweep_deg": 71.64666532537844,
    "root_chord_in": 29.526094083802917,
    "twist_root_deg": -10.0,
    "twist_tip_deg": -8.876752428884473,
    "dihedral_deg": -11.853446847753464,
    "naca": {
      "m": 4,
      "p": 4,
      "t": 8,
      "chord_length": 1.0
    }
  },
  "sim_conditions": {
    "aoa_deg": 10.0,
    "mach": 0.3,
    "reynolds": 3000000.0
  },
  "vlm_results": {
    "CL": -0.008740636799533354,
    "CDi": 0.022253911358883452,
    "CM": -0.07467645018336205,
    "L_D": -0.392768563627994
  },
  "corrected_results": {
    "CL": 0.007039275295980521,
    "CDi": 0.008429999609302522,
    "CM": -0.02723611066692132,
    "L_D": 0.8350267642020607
  }
}