{
  "name": "design",
  "mach": 0.82,
  "aoa": 3.0,
  "SA": 39.99981833636643,
  "AR": 9.141571289555603,
  "TR": 0.36359061069287013,
  "kink": 0.3610504845172625,
  "rootadj": 0.1,
  "DA_kink": 3.8243201478196376,
  "DA_tip": 5.036799363607091,
  "t_root": 0.14561172333627054,
  "r_t2": 0.6260811552090683,
  "r_t3": 0.9491465531660125,
  "r_t4": 0.954851788157824,
  "r_d1": 0.6308403541691915,
  "r_d2": 0.6513580250990546,
  "r_d4": 0.4480444287818024,
  "tw1": -3.249456386996064,
  "tw2": -2.3642562561412346,
  "tw3": -1.5444146333980955,
  "tw4": -2.206560559516067,
  "cst_upper": [
    0.23115896582681955,
    0.5736829651974387,
    -0.025461930576621605,
    0.37056614458420917,
    0.3556457474265177,
    0.3236128294830301,
    0.3239385411663724,
    0.1529022119291687,
    -0.2351175788451504,
    0.5775347637018746
  ],
  "cst_lower": [
    -0.26930386599866984,
    -0.3,
    -0.05033594831164223,
    0.16262820029948832,
    -0.27284900607535467,
    -0.013652895431033096,
    -0.036290496805866324,
    0.07143479641965311,
    0.22770775446234565,
    -0.13262777472550943
  ]
}