{
  "design_name": "HybridHighSweepSymmetricAirfoil",
  "design_params": {
    "le_sweep_deg": 72.47502700767542,
    "root_chord_in": 28.83013710329495,
    "twist_root_deg": -2.303149997673274,
    "twist_tip_deg": -6.844534457907764,
    "dihedral_deg": -15.0,
    "naca": {
      "m": 0,
      "p": 0,
      "t": 6,
      "chord_length": 1.0
    }
  },
  "sim_conditions": {
    "aoa_deg": 10.0,
    "mach": 0.3,
    "reynolds": 3000000.0
  },
  "vlm_results": {
    "CL": 0.2541283615960223,
    "CDi": 0.025474265247569038,
    "CM": -0.24511282935905848,
    "L_D": 9.975885825412504
  },
  "corrected_results": {
    "CL": 0.14536811573744748,
    "CDi": 0.01574362860596842,
    "CM": -0.11895626891465845,
    "L_D": 9.233456871711159
  }
}