{
  "design_name": "SymmetricLowSweepAnhedral",
  "design_params": {
    "le_sweep_deg": 56.12335903122998,
    "root_chord_in": 30.6887121764031,
    "twist_root_deg": 3.5563247730463416,
    "twist_tip_deg": -10.0,
    "dihedral_deg": -7.556499660289729,
    "naca": {
      "m": 2,
      "p": 0,
      "t": 7,
      "chord_length": 1.0
    }
  },
  "sim_conditions": {
    "aoa_deg": 10.0,
    "mach": 0.3,
    "reynolds": 3000000.0
  },
  "vlm_results": {
    "CL": 0.4090230162671942,
    "CDi": 0.059991988596475865,
    "CM": -0.3299936262992525,
    "L_D": 6.817960628349993
  },
  "corrected_results": {
    "CL": 0.21550442697068314,
    "CDi": 0.03348395622693583,
    "CM": -0.16778101085098943,
    "L_D": 6.436050313472897
  }
}