{
  "name": "iter_0210",
  "mach": 0.82,
  "aoa": 3.0,
  "SA": 37.481216086569546,
  "AR": 9.73790216400952,
  "TR": 0.4,
  "kink": 0.36,
  "rootadj": 0.9600260668943861,
  "DA_kink": 3.89144832423719,
  "DA_tip": 4.776508026115025,
  "t_root": 0.14390857371908386,
  "r_t2": 0.6020161453064993,
  "r_t3": 0.9316077632545445,
  "r_t4": 1.0,
  "r_d1": 0.7888567799555907,
  "r_d2": 0.6641423766783785,
  "r_d4": 0.5690008806745355,
  "tw1": -3.2249714709097503,
  "tw2": -2.692595963475881,
  "tw3": -1.3921661970648733,
  "tw4": -2.6787185238741538,
  "cst_upper": [
    0.4618143420312463,
    0.3692214311914254,
    0.051581790657272975,
    0.5469806966630726,
    0.40169168924818416,
    0.15679770517532488,
    0.2400487133357983,
    0.5999999999999999,
    0.42124454550267737,
    0.21501241171625868
  ],
  "cst_lower": [
    -0.3,
    -0.25938321261516156,
    -0.3,
    -0.1763561604170463,
    -0.2582248315491698,
    -0.3,
    0.25237109227811644,
    -0.20349267522320735,
    0.1060396990980832,
    -0.08512158163566003
  ]
}