{
  "upper_weights": [
    0.09021156400298955,
    0.12904285837884116,
    0.26453262066011723,
    0.2223982640043518,
    0.20730730689001972,
    0.10959166355464152,
    -0.021577967448962537,
    -0.1938435760136844
  ],
  "lower_weights": [
    -0.09163035939608019,
    -0.031241829279288896,
    -0.06822133749035963,
    -0.05314705842036275,
    0.02305343638226514,
    -0.03449707414262307,
    -0.14329810121749992,
    -0.3
  ],
  "leading_edge_weight": -0.18360076992147054,
  "TE_thickness": 0.004496847413221643,
  "name": "design"
}