{
  "upper_weights": [
    -0.044948189806386096,
    0.5300539494734331,
    -0.11619587164172121,
    -0.219237573400972,
    0.33050833578055056,
    0.4632624414203,
    0.21558057719960416,
    0.18989020456067562
  ],
  "lower_weights": [
    0.0582854393165797,
    0.19400652210929775,
    -0.2019934827739973,
    0.004130473085494857,
    -0.17038873221247605,
    -0.02607522118981781,
    -0.15123206865593533,
    0.17267394267585634
  ],
  "leading_edge_weight": -0.34794056766904136,
  "TE_thickness": 0.009275049492013248,
  "name": "design"
}