{
  "upper_weights": [
    0.2855906328132884,
    0.3120953247985937,
    0.2014688776332709,
    0.16872225649858405,
    0.24689769146782464,
    0.06704266920546798,
    0.142160270568957,
    0.028563467955929178
  ],
  "lower_weights": [
    -0.2304267442367636,
    -0.10750262267322074,
    -0.12426861058143782,
    -0.15100916294636518,
    -0.051574771520937916,
    0.1009213708656599,
    -0.02996348365730365,
    -0.22908326394099365
  ],
  "leading_edge_weight": 0.15090513961081084,
  "TE_thickness": 0.004820217608929372,
  "name": "design"
}