{
  "upper_weights": [
    0.5655794319145696,
    0.45872463615973835,
    0.353555389534128,
    0.2902533789711422,
    0.2716156272715667,
    0.2694190413117191,
    0.1563760203978058,
    0.09332590129988215
  ],
  "lower_weights": [
    -0.2019603807603887,
    -0.1860587837237132,
    -0.1446701260871846,
    -0.0967393483988334,
    0.02441798667442036,
    0.06106004345980234,
    -0.10197836255455446,
    -0.3
  ],
  "leading_edge_weight": 0.49617264823717416,
  "TE_thickness": 0.01,
  "name": "design"
}