{
  "name": "design",
  "mach": 0.82,
  "aoa": 3.0,
  "SA": 32.85944620445033,
  "AR": 10.311826457311515,
  "TR": 0.39068909357071174,
  "kink": 0.3803608257588481,
  "rootadj": 0.41543072810749154,
  "DA_kink": 2.99347735667041,
  "DA_tip": 4.872322424733247,
  "t_root": 0.14480217786686683,
  "r_t2": 0.6917395605915349,
  "r_t3": 0.9594082970195126,
  "r_t4": 0.9313976240187971,
  "r_d1": 0.7887862921705666,
  "r_d2": 0.9841156881167945,
  "r_d4": 0.6259109155569546,
  "tw1": -2.0,
  "tw2": -2.6220912931223443,
  "tw3": -1.4637865291099632,
  "tw4": -1.9885566476014165,
  "cst_upper": [
    0.32842778476466133,
    0.11607158975625456,
    0.23076846331110498,
    0.517006887023792,
    -0.11799200286190537,
    0.4552871924156634,
    0.5092604829309616,
    -0.06275130501497436,
    0.4392712369107039,
    0.5846377904316461
  ],
  "cst_lower": [
    0.1359986955722399,
    -0.28087441605524843,
    -0.1893384133624948,
    -0.08251967443910796,
    -0.3,
    0.015552615951836692,
    0.1466901443154384,
    -0.2527212685030383,
    -0.11364425762467723,
    0.008737572497559387
  ]
}