{
  "upper_weights": [
    0.3535572302668832,
    0.5225917120121031,
    0.48312298441804774,
    0.3842422035413588,
    0.287510040146379,
    0.22742955006876558,
    0.10471739850063277,
    -0.0682109661394428
  ],
  "lower_weights": [
    -0.22629139729986608,
    -0.21238214821225557,
    -0.2623363237552044,
    -0.3,
    -0.2556842797148189,
    -0.3,
    -0.3,
    -0.3
  ],
  "leading_edge_weight": 0.5,
  "TE_thickness": 0.0,
  "name": "iter_0234"
}