{
  "upper_weights": [
    0.5412679862811256,
    0.47588084019167126,
    0.33714273080430596,
    0.17295287528247016,
    0.0662066137988978,
    0.11927666810257309,
    0.11730640759100197,
    0.035670805951023565
  ],
  "lower_weights": [
    -0.16029450220704097,
    -0.03002619070911705,
    0.03838930748278846,
    -0.07709096294893167,
    -0.16923396544327035,
    -0.19253985485006664,
    -0.19577752232824785,
    -0.1300283372456951
  ],
  "leading_edge_weight": -0.05847701352884316,
  "TE_thickness": 0.005320540731562283,
  "name": "design"
}