{
  "upper_weights": [
    0.39452827716895955,
    0.27577968566831895,
    0.21243100188606326,
    0.2044668961531883,
    0.11725932631908792,
    0.1009429605831918,
    0.0889396507109216,
    -0.03976160155517788
  ],
  "lower_weights": [
    -0.17947175806125687,
    -0.0943150766181806,
    -0.08755200133285762,
    -0.12818372240109327,
    -0.07253911915775413,
    0.02617707647689809,
    -0.032160814669375384,
    -0.16749791650667298
  ],
  "leading_edge_weight": -0.061123862581326294,
  "TE_thickness": 0.0026231346592576186,
  "name": "design"
}