{
  "design_name": "LowSweep_ZeroCamber_PositiveRootTwist_LargeChord",
  "design_params": {
    "le_sweep_deg": 51.18721856213807,
    "root_chord_in": 45.67101994634245,
    "twist_root_deg": 4.31654404380349,
    "twist_tip_deg": -4.998327644892549,
    "dihedral_deg": 6.596193082565955,
    "naca": {
      "m": 0,
      "p": 0,
      "t": 10,
      "chord_length": 1.0
    }
  },
  "sim_conditions": {
    "aoa_deg": 10.0,
    "mach": 0.3,
    "reynolds": 3000000.0
  },
  "vlm_results": {
    "CL": 0.6643467918616419,
    "CDi": 0.1262473009805258,
    "CM": -0.5466478858876029,
    "L_D": 5.2622653054905335
  },
  "corrected_results": {
    "CL": 0.03336142080614653,
    "CDi": 0.009657430407448939,
    "CM": 0.06336483448276328,
    "L_D": 3.4544821343381673
  }
}