{
  "SA": 33.357680338628214,
  "AR": 8.745327577274606,
  "TR": 0.21235674207916266,
  "kink": 0.38672849436888296,
  "rootadj": 0.6282066792773331,
  "DA_kink": 3.9025904950588592,
  "DA_tip": 4.14394753205142,
  "t_root": 0.1631795436822558,
  "r_t2": 0.6388392898017126,
  "r_t3": 0.9415894771663914,
  "r_t4": 0.9654759355432209,
  "r_d1": 0.5876928220779005,
  "r_d2": 0.5963142793166021,
  "r_d4": 0.47925320458944454,
  "tw1": -2.9412654631668254,
  "tw2": -2.8684681647934354,
  "tw3": -1.4106893239822367,
  "tw4": -2.0252126436817255,
  "cst_upper": [
    0.16967460713306853,
    0.3114589279580563,
    0.020707652912625274,
    0.41254585090640805,
    0.010208013389972348,
    0.14310666579002917,
    -0.04553846763808289,
    0.39737327156279945,
    0.4637739563761043,
    0.5145497175630959
  ],
  "cst_lower": [
    -0.07288207430550192,
    -0.12974194855702445,
    -0.02298456124313719,
    -0.20779082959366652,
    0.07770199373715087,
    -0.08585577910667475,
    0.04972513860850908,
    0.026770140359720196,
    0.013483352290957429,
    0.0058648854068026335
  ],
  "_score": -0.08041617954725268
}