{
  "upper_weights": [
    0.5999978295928325,
    0.5030023445716556,
    0.5509172017626476,
    0.5641251649525549,
    0.556565919833985,
    0.3992385384993216,
    0.34354334451476204,
    0.3720441442803272
  ],
  "lower_weights": [
    -0.07930301797605832,
    0.0232449073205247,
    0.1343057105926126,
    0.11361743062410329,
    0.06310710634690109,
    -0.014123374427490232,
    -0.14371378140652166,
    -0.1787791679089049
  ],
  "leading_edge_weight": -0.497270457339908,
  "TE_thickness": 0.003920243827094313,
  "name": "iter_00686"
}