{
  "design_name": "LowerSweep_PosDihedral_Cambered_Delta",
  "design_params": {
    "le_sweep_deg": 52.47140432588793,
    "root_chord_in": 33.55242201574384,
    "twist_root_deg": -2.3606213157836202,
    "twist_tip_deg": -3.7818149469263265,
    "dihedral_deg": 12.19208540356169,
    "naca": {
      "m": 4,
      "p": 4,
      "t": 13,
      "chord_length": 1.0
    }
  },
  "sim_conditions": {
    "aoa_deg": 10.0,
    "mach": 0.3,
    "reynolds": 3000000.0
  },
  "vlm_results": {
    "CL": 0.6225805889713565,
    "CDi": 0.06017971333578366,
    "CM": -0.6252052618648417,
    "L_D": 10.345356507392363
  },
  "corrected_results": {
    "CL": 0.28607039777135473,
    "CDi": 0.026100338292615592,
    "CM": -0.24970714032222072,
    "L_D": 10.960409576464794
  }
}