{
  "upper_weights": [
    0.5560751541508262,
    0.4441934096744688,
    0.587173282458421,
    0.5999847843337616,
    0.5867939830324225,
    0.028080036798380392,
    0.4415663616751237,
    0.583963322491887
  ],
  "lower_weights": [
    -0.13677691876619688,
    0.10142437726669079,
    0.19481037292092618,
    0.299273433823488,
    0.27574811714320807,
    0.2950400240485122,
    0.299776730818714,
    0.2959701882488644
  ],
  "leading_edge_weight": -0.12297990040791157,
  "TE_thickness": 0.00486452884927022,
  "name": "iter_00607"
}