{
  "design_name": "ExtremeSweepMaxWashoutAnhedral0007",
  "design_params": {
    "le_sweep_deg": 80.0,
    "root_chord_in": 30.09360593172638,
    "twist_root_deg": -9.562912060086514,
    "twist_tip_deg": -10.0,
    "dihedral_deg": -15.0,
    "naca": {
      "m": 2,
      "p": 0,
      "t": 6,
      "chord_length": 1.0
    }
  },
  "sim_conditions": {
    "aoa_deg": 10.0,
    "mach": 0.3,
    "reynolds": 3000000.0
  },
  "vlm_results": {
    "CL": -0.002584722757835797,
    "CDi": 1.5409958790007682e-05,
    "CM": 0.003000043394157814,
    "L_D": -167.73067294065802
  },
  "corrected_results": {
    "CL": 0.031081656920504592,
    "CDi": -5.394471097148365e-05,
    "CM": -0.012348348138158643,
    "L_D": -576.1761692807111
  }
}