{
  "name": "design",
  "mach": 0.82,
  "aoa": 3.0,
  "SA": 40.0,
  "AR": 11.0,
  "TR": 0.3494838289354546,
  "kink": 0.3800661951129488,
  "rootadj": 0.1,
  "DA_kink": 4.431198617515379,
  "DA_tip": 4.886140238781573,
  "t_root": 0.14,
  "r_t2": 0.6187689291599912,
  "r_t3": 0.9265313702959317,
  "r_t4": 0.9851365684432227,
  "r_d1": 0.4378319512495278,
  "r_d2": 0.6849635677207399,
  "r_d4": 0.6053898350977923,
  "tw1": -4.0,
  "tw2": -3.210161049080653,
  "tw3": -2.349687581066518,
  "tw4": -1.397881904187053,
  "cst_upper": [
    0.474069303458226,
    0.28639205056843026,
    0.44591356512580765,
    0.37968533034398616,
    0.37636041275131077,
    0.4177347493303217,
    0.3678486221367238,
    0.4724677517221412,
    0.45820460473731833,
    0.578814798343185
  ],
  "cst_lower": [
    -0.14249327491691613,
    -0.29250429228145214,
    -0.29801452864740235,
    -0.2039699116307959,
    -0.16580570760532093,
    -0.04659673800239034,
    -0.21888518363154336,
    0.11306867058842329,
    0.12925552069649543,
    0.24919569849773832
  ]
}