{
  "AR": 8.489196878947459,
  "DA_kink": 3.1326444881795923,
  "DA_tip": 5.7135433538185705,
  "SA": 33.21586744935753,
  "TR": 0.2411766088488795,
  "cst_lower": [
    -0.28695226027233617,
    0.25123554766456907,
    -0.10162138081178904,
    -0.1599130933887151,
    -0.294290743765179,
    -0.1698880269127067,
    -0.13654913011349937,
    -0.25766345718838785,
    0.1010445882669529,
    0.20526011382072457
  ],
  "cst_upper": [
    0.09721913848889457,
    0.24570059784370252,
    -0.11827005171020902,
    0.4650438185103069,
    0.42046732742808585,
    -0.13753820432142153,
    0.584497051934628,
    -0.24305069864659007,
    0.29665841861278225,
    0.39379106455043106
  ],
  "kink": 0.3978839204838576,
  "r_d1": 0.43944088555602523,
  "r_d2": 0.9321556854283477,
  "r_d4": 0.10568006625256894,
  "r_t2": 0.6553698202417861,
  "r_t3": 0.9528129685230569,
  "r_t4": 0.961957663620505,
  "rootadj": 0.8737257296518697,
  "t_root": 0.1499969019554218,
  "tw1": -2.606971722865491,
  "tw2": -3.351156481726289,
  "tw3": -2.3317344712671444,
  "tw4": -1.1358584404759404,
  "_score": 6.131878391531257
}