{
  "design_name": "LowSweep_PosDihedral_NACA00_Exp",
  "design_params": {
    "le_sweep_deg": 58.77561050132605,
    "root_chord_in": 47.633822877765844,
    "twist_root_deg": -3.7218059329103133,
    "twist_tip_deg": -10.0,
    "dihedral_deg": 10.81642160277645,
    "naca": {
      "m": 0,
      "p": 0,
      "t": 10,
      "chord_length": 1.0
    }
  },
  "sim_conditions": {
    "aoa_deg": 10.0,
    "mach": 0.3,
    "reynolds": 3000000.0
  },
  "vlm_results": {
    "CL": 0.18022502394719644,
    "CDi": 0.012362699927131864,
    "CM": -0.14417930346111127,
    "L_D": 14.578128160472831
  },
  "corrected_results": {
    "CL": -0.1373919468572846,
    "CDi": -0.00756342353067552,
    "CM": 0.2242365830916936,
    "L_D": 18.16531181944978
  }
}