{
  "upper_weights": [
    0.45739590901469146,
    0.4047246315714786,
    0.2184762845198039,
    0.18275726135522602,
    0.10439187909647762,
    -0.01265672234868026,
    -0.04993477494763654,
    -0.17003259087574302
  ],
  "lower_weights": [
    -0.24561849291581803,
    -0.11447747185001125,
    -0.007018929370266436,
    -0.061533094825775236,
    -0.164838041612584,
    -0.2240534489814477,
    -0.26843946437011457,
    -0.2985995890209401
  ],
  "leading_edge_weight": -0.032556143701721385,
  "TE_thickness": 0.009322168969173325,
  "name": "design"
}