{
  "design_name": "HighSweep_Cambered_Twisted_Anhedral_Thin",
  "design_params": {
    "le_sweep_deg": 73.59331497547852,
    "root_chord_in": 48.6349189413763,
    "twist_root_deg": 5.31822161163038,
    "twist_tip_deg": -9.55071056429987,
    "dihedral_deg": -15.0,
    "naca": {
      "m": 4,
      "p": 4,
      "t": 6,
      "chord_length": 1.0
    }
  },
  "sim_conditions": {
    "aoa_deg": 10.0,
    "mach": 0.3,
    "reynolds": 3000000.0
  },
  "vlm_results": {
    "CL": 0.3582308943064003,
    "CDi": 0.045754804883162546,
    "CM": -0.3681495662035121,
    "L_D": 7.829361205258397
  },
  "corrected_results": {
    "CL": -0.09389033572682771,
    "CDi": -0.03252206959504958,
    "CM": 0.1825708413922429,
    "L_D": 2.8869729662321197
  }
}