{
  "design_name": "Hybrid_Swept_Cambered_MaxWashout",
  "design_params": {
    "le_sweep_deg": 80.0,
    "root_chord_in": 29.472833852839436,
    "twist_root_deg": -10.0,
    "twist_tip_deg": -10.0,
    "dihedral_deg": -12.850076254497486,
    "naca": {
      "m": 2,
      "p": 4,
      "t": 6,
      "chord_length": 1.0
    }
  },
  "sim_conditions": {
    "aoa_deg": 10.0,
    "mach": 0.3,
    "reynolds": 3000000.0
  },
  "vlm_results": {
    "CL": -0.028601225477827286,
    "CDi": 0.005190963510429073,
    "CM": -0.005485345417958341,
    "L_D": -5.509810542949314
  },
  "corrected_results": {
    "CL": 0.020762041081649748,
    "CDi": 0.000608442338660346,
    "CM": -0.01726804216077142,
    "L_D": 34.12326815941692
  }
}