{
  "design_name": "Exploitation_HighSweep_MaxWashout_MaxAnhedral",
  "design_params": {
    "le_sweep_deg": 66.71994939555528,
    "root_chord_in": 40.860924006950704,
    "twist_root_deg": -8.756971685821739,
    "twist_tip_deg": -8.51861018058735,
    "dihedral_deg": -15.0,
    "naca": {
      "m": 4,
      "p": 4,
      "t": 8,
      "chord_length": 1.0
    }
  },
  "sim_conditions": {
    "aoa_deg": 10.0,
    "mach": 0.3,
    "reynolds": 3000000.0
  },
  "vlm_results": {
    "CL": 0.07890520894663651,
    "CDi": 0.019027497227655375,
    "CM": -0.14751107477983563,
    "L_D": 4.146904240876847
  },
  "corrected_results": {
    "CL": -0.0965545410283948,
    "CDi": -0.0028532616057379136,
    "CM": 0.11104637862444718,
    "L_D": 33.84005898170131
  }
}