{
  "car_size": 0.8,
  "car_width": -0.06850469961056097,
  "car_len": -0.0801102353507539,
  "ramp_angle": 8.0,
  "front_bumper_length": -0.09151953852656312,
  "wind_screen_x": 0.035949743083652695,
  "wind_screen_z": -0.043892586759365235,
  "side_mirrors_x": -0.030472662002516027,
  "side_mirrors_z": -0.05,
  "rear_window_x": 0.04770887449238878,
  "rear_window_z": -0.05,
  "trunklid_angle": 8.0,
  "trunklid_x": 0.05,
  "trunklid_z": -0.03911871807718412,
  "diffusor_angle": 8.0,
  "car_green_house_angle": 8.0,
  "car_front_hood_angle": -5.728947216948958,
  "car_air_intake_angle": 8.0,
  "tires_diameter": -0.013,
  "tires_width": -0.015,
  "name": "ExploitationMaximalDragReduction"
}