{
  "upper_weights": [
    0.2600139382554479,
    0.03098744295756939,
    0.44720147981180364,
    -0.2759474609168828,
    -0.2833041845483159,
    -0.0059720085452108496,
    0.10880559598671696,
    -0.2978936599630599
  ],
  "lower_weights": [
    0.13285884515523827,
    -0.2987388770814966,
    -0.2933566860118772,
    0.16928100356016978,
    0.1170193478422481,
    0.29259300648499525,
    0.1517090782094364,
    0.20104123823529035
  ],
  "leading_edge_weight": -0.37941409216462646,
  "TE_thickness": 0.0018458210345900672,
  "name": "iter_00000"
}