{
  "upper_weights": [
    0.4783973092986918,
    0.49434060338844127,
    0.43561465436897767,
    0.3513470097945675,
    0.2796231765700911,
    0.08856031072077208,
    -0.06866119500779766,
    -0.027380638654551703
  ],
  "lower_weights": [
    -0.26818618948674267,
    -0.14173544696607132,
    -0.07931130397792197,
    -0.10490098532618433,
    -0.13878504267474842,
    -0.19089149134676536,
    -0.3,
    -0.3
  ],
  "leading_edge_weight": 0.5,
  "TE_thickness": 0.01,
  "name": "iter_0180"
}