{
  "design_name": "Hybrid_Sweep_Washout_Anhedral_ThinSymm",
  "design_params": {
    "le_sweep_deg": 78.90940125833748,
    "root_chord_in": 32.90898987371144,
    "twist_root_deg": -10.0,
    "twist_tip_deg": -10.0,
    "dihedral_deg": -14.61183400789472,
    "naca": {
      "m": 0,
      "p": 0,
      "t": 10,
      "chord_length": 1.0
    }
  },
  "sim_conditions": {
    "aoa_deg": 10.0,
    "mach": 0.3,
    "reynolds": 3000000.0
  },
  "vlm_results": {
    "CL": -0.00964461771811306,
    "CDi": 8.256921666285628e-05,
    "CM": 0.008986853827162002,
    "L_D": -116.80645775644965
  },
  "corrected_results": {
    "CL": -0.013503455233746861,
    "CDi": 0.00011560553808285752,
    "CM": 0.03603149346005166,
    "L_D": -116.80630061224733
  }
}