{
  "upper_weights": [
    0.2910075707001263,
    0.44016168739531486,
    0.3783202947065266,
    0.31516184024967786,
    0.2595924700839898,
    0.18707354206826968,
    0.1706954390010253,
    0.08293486924781145
  ],
  "lower_weights": [
    -0.19818758684650312,
    -0.12371712694598652,
    -0.17414227660888443,
    -0.2006137439551503,
    -0.13873175898465642,
    -0.14316080117153268,
    -0.1230801277029617,
    -0.04926228230096397
  ],
  "leading_edge_weight": 0.30990183246317754,
  "TE_thickness": 0.005418660543185589,
  "name": "SmoothLowerCamber"
}