{
  "design_name": "High_Sweep_Camber_Hybrid_Wing",
  "design_params": {
    "le_sweep_deg": 75.32757826938865,
    "root_chord_in": 46.8753502202863,
    "twist_root_deg": -3.669935965732332,
    "twist_tip_deg": -7.3047199505511955,
    "dihedral_deg": -15.0,
    "naca": {
      "m": 4,
      "p": 4,
      "t": 15,
      "chord_length": 1.0
    }
  },
  "sim_conditions": {
    "aoa_deg": 10.0,
    "mach": 0.3,
    "reynolds": 3000000.0
  },
  "vlm_results": {
    "CL": 0.15478449090877774,
    "CDi": 0.014749321399901049,
    "CM": -0.18441136775559794,
    "L_D": 10.494346601587797
  },
  "corrected_results": {
    "CL": -0.182965471002081,
    "CDi": -0.02772375781314867,
    "CM": 0.2364394420558029,
    "L_D": 6.599591304873726
  }
}