{
  "upper_weights": [
    0.47743195406540034,
    -0.019120908559943806,
    -0.07437797939728719,
    0.1028295031254316,
    0.37622623276486816,
    0.14748186979531375,
    0.5706875960295124,
    -0.24240310192064748
  ],
  "lower_weights": [
    -0.04561116576148111,
    -0.22715343104587848,
    0.219672098523156,
    0.2472850640438135,
    -0.05351421135331963,
    -0.11257425398260337,
    0.09824710522584357,
    0.02875017503208671
  ],
  "leading_edge_weight": -0.043409684353236666,
  "TE_thickness": 0.007046493201954125,
  "name": "design"
}