{
  "upper_weights": [
    0.42787792873830705,
    0.4671365635568559,
    0.07257019929651931,
    0.3543557836021815,
    0.037155566143626084,
    0.44766685072601436,
    -0.2255448172990025,
    -0.03810781059180679
  ],
  "lower_weights": [
    0.2985873405939569,
    -0.14883281384874547,
    -0.07308197071035286,
    0.2538794852212028,
    -0.19871458166317954,
    -0.09234880714083696,
    -0.2235245962894041,
    -0.10590995267854383
  ],
  "leading_edge_weight": 0.19932019774989151,
  "TE_thickness": 0.0066130443244318115,
  "name": "design"
}