{
  "upper_weights": [
    0.10670150596274902,
    0.12151845622670648,
    0.5391522699584208,
    -0.13892246703050082,
    0.0867463223140798,
    -0.20561060804502831,
    0.5287044570875012,
    -0.19809695595585913
  ],
  "lower_weights": [
    0.07317938125776297,
    0.13701639213209954,
    0.24066213636354788,
    0.02139912604293892,
    0.21572581053093082,
    0.2316316718057448,
    0.01029419595226555,
    0.2605095756697953
  ],
  "leading_edge_weight": 0.32656313435504536,
  "TE_thickness": 0.003849918573178807,
  "name": "iter_00153"
}