{
  "design_name": "CamberedVortexExplorer",
  "design_params": {
    "le_sweep_deg": 72.32874046276929,
    "root_chord_in": 30.45900321413003,
    "twist_root_deg": -10.0,
    "twist_tip_deg": -9.518127021104071,
    "dihedral_deg": -15.0,
    "naca": {
      "m": 4,
      "p": 4,
      "t": 15,
      "chord_length": 1.0
    }
  },
  "sim_conditions": {
    "aoa_deg": 10.0,
    "mach": 0.3,
    "reynolds": 3000000.0
  },
  "vlm_results": {
    "CL": -0.015847919828194595,
    "CDi": 0.021591713404616467,
    "CM": -0.06438493061437173,
    "L_D": -0.7339815757653672
  },
  "corrected_results": {
    "CL": -0.013133179375605385,
    "CDi": 0.007363962081079225,
    "CM": -0.0030399784353994904,
    "L_D": -1.7834392995245643
  }
}