{
  "design_name": "Exploit_LowSweep_HighTwist_2411",
  "design_params": {
    "le_sweep_deg": 45.0,
    "root_chord_in": 25.734,
    "twist_root_deg": 0.0,
    "twist_tip_deg": 0.0,
    "dihedral_deg": 0.0,
    "naca": {
      "m": 2,
      "p": 4,
      "t": 17,
      "chord_length": 1.0
    }
  },
  "sim_conditions": {
    "aoa_deg": 0.0,
    "mach": 0.3,
    "reynolds": 3000000.0
  },
  "vlm_results": {
    "CL": 0.13515477984561536,
    "CDi": 0.003289857041146763,
    "CM": -0.15935928072058725,
    "L_D": 41.082265324971004
  },
  "corrected_results": {
    "CL": 0.09404004268588294,
    "CDi": 0.0019928010265956777,
    "CM": -0.11220486125576,
    "L_D": 47.18988069096517
  }
}