{
  "upper_weights": [
    0.5244576197712014,
    0.4927790573347904,
    0.46049604649693615,
    0.3849829091650456,
    0.35971859754892826,
    0.33340235171591054,
    0.26346597894279805,
    0.14047946231775588
  ],
  "lower_weights": [
    -0.25860765419147597,
    -0.046821011335406615,
    0.05258452490929305,
    0.1413577430982218,
    0.1382110165844922,
    0.07624584007092727,
    -0.013376786361081305,
    -0.1475248340348795
  ],
  "leading_edge_weight": -0.5,
  "TE_thickness": 0.0022731131206404098,
  "name": "iter_0430"
}