{
  "upper_weights": [
    0.14628285393908624,
    0.2886611460440957,
    0.4502312889633973,
    0.5662705239564545,
    0.599704550479611,
    0.36802560915159693,
    -0.19950543715762675,
    0.392834281706876
  ],
  "lower_weights": [
    -0.24003343818200826,
    0.24785627081891087,
    0.17266344233958347,
    0.2994158705165047,
    0.29607348410165063,
    0.22819811963585007,
    0.29266709279840625,
    0.2449619994506949
  ],
  "leading_edge_weight": 0.2661415618641719,
  "TE_thickness": 0.0009460644319303585,
  "name": "iter_00553"
}