{
  "upper_weights": [
    0.2895973713940826,
    0.35146921225818206,
    0.39176865330767835,
    0.35047372196783766,
    0.3190436208426635,
    0.15881125658129924,
    0.04756957404595885,
    0.11115110560443908
  ],
  "lower_weights": [
    -0.07782320689685737,
    -0.04500830289957277,
    -0.06415402666797984,
    -0.05975982591906536,
    -0.061436393435615105,
    -0.07823822091091354,
    -0.1448451352757742,
    -0.17973384488432123
  ],
  "leading_edge_weight": -0.20570040806116716,
  "TE_thickness": 0.0009174617995926666,
  "name": "ReflexOpt-v2"
}