{
  "upper_weights": [
    0.20780912954439162,
    0.4583697130420586,
    0.17056816799313135,
    0.44301007539589216,
    0.5999999999999999,
    -0.15846840418336766,
    0.5999999999999999,
    0.4330222694373002
  ],
  "lower_weights": [
    0.0961446135843057,
    0.1650889531261569,
    0.3,
    -0.3,
    -0.050930398313207864,
    0.3,
    0.040854443608058455,
    0.3
  ],
  "leading_edge_weight": 0.5,
  "TE_thickness": 0.01,
  "name": "iter_0244"
}