{
  "SA": 31.275093031522193,
  "AR": 9.010665352716503,
  "TR": 0.26108035315983824,
  "kink": 0.3909668972596208,
  "rootadj": 0.4876519128810425,
  "DA_kink": 3.2571876917161613,
  "DA_tip": 5.316711404051827,
  "t_root": 0.1575576413881306,
  "r_t2": 0.6636961792426711,
  "r_t3": 0.9426075191795514,
  "r_t4": 0.9677833988199096,
  "r_d1": 0.5198348028971755,
  "r_d2": 0.723152488874084,
  "r_d4": 0.2173906529241685,
  "tw1": -2.8023090876596166,
  "tw2": -2.743279336696686,
  "tw3": -2.0921962075578784,
  "tw4": -2.042325284399539,
  "cst_upper": [
    0.08654758835563274,
    0.151481667257197,
    0.1447656607219,
    0.13352043823396945,
    0.11438124365239617,
    0.11372461878817666,
    0.13803985870036137,
    0.06584104469878325,
    0.14633106054394499,
    0.16482857127075942
  ],
  "cst_lower": [
    0.001404283501260413,
    -0.07645193280220582,
    -0.027242283643136862,
    -0.013127388128680825,
    -0.06098444130115375,
    0.00720887408768585,
    0.0005759380937982114,
    0.02442861970226325,
    0.01343956528015824,
    0.0299126314313066
  ],
  "_score": 9.970802900361669
}