{
  "upper_weights": [
    -0.2951259413331773,
    -0.09391727736308675,
    -0.03860974935891426,
    -0.07277900017837816,
    0.5702777967581414,
    0.4944742566599036,
    -0.08626121847305668,
    0.5442979949840039
  ],
  "lower_weights": [
    -0.19492859477582555,
    0.025022495278875623,
    -0.11618770805138348,
    0.05521532069232349,
    -0.06361789690860609,
    0.010506492221220687,
    -0.2017064255634498,
    -0.028035580200283017
  ],
  "leading_edge_weight": -0.09178688407891555,
  "TE_thickness": 0.004194315372196947,
  "name": "design"
}