{
  "upper_weights": [
    0.32640748193718955,
    0.36462090638000794,
    0.35202724233444743,
    0.20661472280215937,
    0.012565911574131117,
    -0.10468157368139164,
    -0.06826306631709025,
    -0.06845657720158793
  ],
  "lower_weights": [
    -0.13561790663557877,
    -0.01350306525954098,
    -0.0048908673663236035,
    -0.09015455753921622,
    -0.21560315654422846,
    -0.23501963373596307,
    -0.2427846849348007,
    -0.24452908024198708
  ],
  "leading_edge_weight": -0.48306515924122934,
  "TE_thickness": 0.0061763549707587705,
  "name": "design"
}