{
  "upper_weights": [
    0.31653413672447134,
    0.300901636070055,
    0.2775019152883829,
    0.2405977624880295,
    0.12896627951026612,
    0.012401810639463051,
    -0.01347442172691199,
    -0.08557886965871012
  ],
  "lower_weights": [
    -0.14278955012891129,
    -0.07469868178411704,
    -0.1162367671018252,
    -0.09177620948122148,
    0.021471583326217458,
    0.047496971896878626,
    -0.1381768085403754,
    -0.3
  ],
  "leading_edge_weight": -0.0014516789453541956,
  "TE_thickness": 0.00558854087990882,
  "name": "design"
}