{
  "design_name": "LowSweep_Washin_NACA4020",
  "design_params": {
    "le_sweep_deg": 55.43914837311364,
    "root_chord_in": 39.00195750306526,
    "twist_root_deg": 4.035757987315774,
    "twist_tip_deg": 5.581742038682755,
    "dihedral_deg": 10.572016503829394,
    "naca": {
      "m": 2,
      "p": 0,
      "t": 18,
      "chord_length": 1.0
    }
  },
  "sim_conditions": {
    "aoa_deg": 10.0,
    "mach": 0.3,
    "reynolds": 3000000.0
  },
  "vlm_results": {
    "CL": 0.8908906043845835,
    "CDi": 0.2354566197788165,
    "CM": -0.7954868072823219,
    "L_D": 3.7836719359237776
  },
  "corrected_results": {
    "CL": 0.12173120264557981,
    "CDi": 0.031643942119341684,
    "CM": -0.06458106816854216,
    "L_D": 3.846903846129026
  }
}