{
  "upper_weights": [
    0.4160505405474305,
    0.40463001107148033,
    0.31314842646740765,
    0.27926336294525894,
    0.21423085303590816,
    0.2503733326758733,
    0.22799082676556698,
    0.0688518892733628
  ],
  "lower_weights": [
    -0.10694490831601344,
    -0.12132285990517412,
    -0.06925789131674215,
    0.05514009921320652,
    0.13907019734472537,
    0.0846679483571759,
    -0.10053186960840253,
    -0.2640574632199044
  ],
  "leading_edge_weight": 0.3305606218929657,
  "TE_thickness": 0.006000991034223317,
  "name": "design"
}