{
  "upper_weights": [
    0.26774331895747977,
    0.26577345652440226,
    0.3020767331518814,
    0.43128314153006536,
    0.5115117289107962,
    0.5614088243864397,
    0.5368961164092827,
    0.5369347991312232
  ],
  "lower_weights": [
    -0.3,
    -0.2705202682997911,
    -0.14941338832231818,
    -0.12422810459251454,
    -0.16090353611390484,
    -0.07537243580290673,
    -0.02018554137838835,
    -0.07370185626629858
  ],
  "leading_edge_weight": 0.05103010587586709,
  "TE_thickness": 0.006118155445455319,
  "_score": -1.2002956151767608
}