{
  "design_name": "Low_Sweep_Washin_PosDihedral_ThickCamber",
  "design_params": {
    "le_sweep_deg": 57.79871882298569,
    "root_chord_in": 44.408317108682425,
    "twist_root_deg": 3.4510690392037144,
    "twist_tip_deg": 5.203002661679592,
    "dihedral_deg": 9.97013008330558,
    "naca": {
      "m": 4,
      "p": 4,
      "t": 19,
      "chord_length": 1.0
    }
  },
  "sim_conditions": {
    "aoa_deg": 10.0,
    "mach": 0.3,
    "reynolds": 3000000.0
  },
  "vlm_results": {
    "CL": 1.0000458547121966,
    "CDi": 0.21367135819221517,
    "CM": -0.9894708732917132,
    "L_D": 4.680299049779859
  },
  "corrected_results": {
    "CL": 0.045108245728093604,
    "CDi": -0.002730903215488677,
    "CM": 0.013115999208945886,
    "L_D": -16.517702081954518
  }
}