{
  "upper_weights": [
    0.3374753467262778,
    0.14437700206956428,
    0.03643049690381317,
    0.04298937254911189,
    0.05147560943678198,
    0.050680797829242286,
    -0.018018834787647875,
    -0.10696329214186914
  ],
  "lower_weights": [
    -0.17459012707743699,
    -0.20913834457287622,
    -0.26008658288715814,
    -0.3,
    -0.2879616661186796,
    -0.16303973074991218,
    -0.1504501700529742,
    -0.3
  ],
  "leading_edge_weight": 0.5,
  "TE_thickness": 0.0,
  "name": "iter_0227"
}