{
  "design_name": "Hybrid_AggressiveTwist_Sweep55_D1",
  "design_params": {
    "le_sweep_deg": 55.48168727304836,
    "root_chord_in": 25.734,
    "twist_root_deg": 0.0,
    "twist_tip_deg": 0.0,
    "dihedral_deg": 0.0,
    "naca": {
      "m": 2,
      "p": 4,
      "t": 7,
      "chord_length": 1.0
    }
  },
  "sim_conditions": {
    "aoa_deg": 0.0,
    "mach": 0.3,
    "reynolds": 3000000.0
  },
  "vlm_results": {
    "CL": 0.11423461996144085,
    "CDi": 0.0034346956512779072,
    "CM": -0.139332902211937,
    "L_D": 33.25902250434879
  },
  "corrected_results": {
    "CL": 0.07096566790276677,
    "CDi": 0.0018741928957781123,
    "CM": -0.08682931031487065,
    "L_D": 37.86465526714304
  }
}