{
  "upper_weights": [
    0.3119865897911035,
    0.3424698624234241,
    0.3215849074497063,
    0.2023130690761426,
    0.014568895533600744,
    -0.03263802326929309,
    -0.03464891867747214,
    -0.040421721130663446
  ],
  "lower_weights": [
    -0.10596803595814877,
    -0.047968811083062037,
    -0.020335082257660807,
    -0.012254739722359635,
    -0.16045364658325426,
    -0.2196092008554735,
    -0.2604815597741116,
    -0.2340557956593955
  ],
  "leading_edge_weight": 0.2864566502174955,
  "TE_thickness": 0.009574522871518325,
  "name": "ReflexWing_Exploit_01"
}