{
  "upper_weights": [
    -0.3,
    0.0012325792120667645,
    0.11192972316353739,
    0.5999999999999999,
    -0.3,
    0.5999999999999999,
    0.2911824650846037,
    -0.3
  ],
  "lower_weights": [
    -0.3,
    0.3,
    0.3,
    -0.25498773249709983,
    0.3,
    0.3,
    -0.3,
    -0.3
  ],
  "leading_edge_weight": -0.5,
  "TE_thickness": 0.01,
  "name": "iter_0329"
}