{
  "upper_weights": [
    0.5626383058146534,
    0.30373756760300946,
    0.11436258966824803,
    -0.063247743204973,
    -0.1837996650828018,
    -0.15997505537212822,
    0.0027176733506479867,
    0.1821204587472951
  ],
  "lower_weights": [
    -0.2954569228554312,
    -0.18012723309822376,
    -0.19916367986870773,
    -0.293431117829152,
    -0.29905159680859,
    -0.2895260352572292,
    -0.2576454344162439,
    -0.2918896179958526
  ],
  "leading_edge_weight": 0.20601563987835514,
  "TE_thickness": 0.00842943886027361,
  "name": "iter_00676"
}