{
  "upper_weights": [
    0.6,
    0.09494745473365186,
    0.595047595391779,
    0.5414301907208207,
    0.6,
    0.02066983859565988,
    0.3271020107573681,
    0.6
  ],
  "lower_weights": [
    -0.3,
    -0.3,
    -0.3,
    -0.27262339346369824,
    -0.3,
    0.2037074099306194,
    -0.01896044700558627,
    0.1787550489154999
  ],
  "leading_edge_weight": 0.5,
  "TE_thickness": 0.0,
  "name": "HPA_ExtremeCamber_Reflexed"
}