{
  "upper_weights": [
    -0.2929428544085473,
    0.16740208474608592,
    0.31497064878633124,
    -0.2992053598580381,
    -0.008946016117756694,
    0.15128068478238965,
    0.46004064364914915,
    0.3946954024981096
  ],
  "lower_weights": [
    -0.27344440964003125,
    -0.06236630834506038,
    -0.08490139576279696,
    -0.28841692218447046,
    -0.24016370006781412,
    0.0099027708842917,
    -0.2998836593938658,
    0.020835872753293794
  ],
  "leading_edge_weight": 0.29238274412060583,
  "TE_thickness": 0.009997204397396082,
  "name": "iter_00060"
}