{
  "upper_weights": [
    0.5832414459044952,
    0.593063854549599,
    0.5492450972442635,
    0.5917189333291288,
    0.4560946341270244,
    0.34312526374223634,
    0.3079098214433105,
    0.18059878269370444
  ],
  "lower_weights": [
    -0.16957063003283532,
    -0.2478803739926908,
    -0.2946320309025336,
    -0.25950470703435324,
    -0.22024345064901724,
    -0.29453906341202724,
    -0.299010920888633,
    -0.1790783260837172
  ],
  "leading_edge_weight": -0.1820874468237711,
  "TE_thickness": 0.0010812482748541674,
  "name": "iter_00684"
}