{
  "upper_weights": [
    -0.10331781984969854,
    -0.0028743157337117187,
    0.29683749296538814,
    0.5999999999999999,
    0.5610938809033725,
    0.13976189755919188,
    -0.027341299463766844,
    0.23194420316776948
  ],
  "lower_weights": [
    -0.3,
    -0.014846799899171814,
    0.042137320631154496,
    -0.2384562161694723,
    -0.3,
    -0.24192341527897193,
    -0.2822791598745816,
    -0.3
  ],
  "leading_edge_weight": 0.5,
  "TE_thickness": 0.0,
  "name": "iter_0164"
}