{
  "upper_weights": [
    0.5450767576244793,
    0.5938070435037552,
    0.5780841923276749,
    0.5673503566805782,
    0.5617789408826559,
    0.4994441622782633,
    0.5751597989865438,
    0.5919935547729973
  ],
  "lower_weights": [
    -0.23611147151162154,
    0.0036745173875774584,
    0.1478414884533512,
    0.22012901141772595,
    0.1897539654128661,
    0.03406456842122102,
    -0.13395892406723947,
    -0.16145976022259217
  ],
  "leading_edge_weight": 0.31285748169982364,
  "TE_thickness": 0.009290991529431476,
  "name": "iter_00698"
}