{
  "upper_weights": [
    0.3605164952409191,
    0.49311438278382336,
    0.4632405822136941,
    0.27361921412808576,
    0.092854774582403,
    0.046000474625193834,
    -0.02204309623087769,
    -0.05087562956921609
  ],
  "lower_weights": [
    -0.060729886563694234,
    0.00479248075477119,
    -0.05398026486684614,
    -0.13481324551682458,
    -0.2185558369901711,
    -0.25873178164061317,
    -0.29802112506208595,
    -0.29945976115169387
  ],
  "leading_edge_weight": 0.058840604987880525,
  "TE_thickness": 0.002459876590805561,
  "name": "High_Camber_Reflex_BluntLE_ThinTE"
}