{
  "upper_weights": [
    0.15374322839029508,
    0.1727405075113687,
    0.26045519476417983,
    0.42875778768319933,
    0.4397978297099891,
    0.30401800855111777,
    0.2001131416121152,
    0.08183412907024029
  ],
  "lower_weights": [
    -0.15909864571871773,
    -0.15388564317672312,
    -0.16441118598594792,
    -0.2652457135992183,
    -0.3,
    -0.3,
    -0.3,
    -0.25150710872076437
  ],
  "leading_edge_weight": 0.5,
  "TE_thickness": 0.0,
  "name": "iter_0455"
}