{
  "upper_weights": [
    0.2518645670215517,
    0.3588111729056415,
    0.33406003434920617,
    0.22807369148104076,
    0.13427305720201077,
    0.003915647790475455,
    -0.027242082394600218,
    -0.14249839171017828
  ],
  "lower_weights": [
    -0.10593921260637075,
    -0.13616973380348774,
    -0.1197117517376052,
    0.02243315237643519,
    0.043026195129801485,
    -0.06199761559223615,
    -0.18656997638072842,
    -0.2991662710018957
  ],
  "leading_edge_weight": 0.43614417047945186,
  "TE_thickness": 0.0013544432109075613,
  "name": "AggressiveReflex_ModerateLE"
}