{
  "upper_weights": [
    0.19155082361972378,
    0.29170154163746603,
    0.2151136094461827,
    0.4229917497041523,
    0.1952937682872167,
    0.6,
    0.3731207493720064,
    0.28473780642604146
  ],
  "lower_weights": [
    -0.0806545460122145,
    0.15979375862879286,
    0.04582153393834676,
    -0.07539211496036782,
    0.0914606174616828,
    0.07986659668593428,
    0.035464626903717274,
    0.3
  ],
  "leading_edge_weight": -0.015034672538403088,
  "TE_thickness": 0.0008993215856915879,
  "name": "design"
}