{
  "upper_weights": [
    0.36152638140887555,
    0.18744956744611901,
    0.18284568339056267,
    0.09272727105320006,
    0.1356691215241737,
    0.12356258540071313,
    0.1966641077325556,
    0.34533519344213154
  ],
  "lower_weights": [
    -0.2906357894519434,
    -0.19948906226473123,
    -0.2820280751821185,
    -0.27062729364325555,
    -0.24012374919732377,
    -0.2601638710349643,
    -0.1535663464452635,
    0.11100778054247473
  ],
  "leading_edge_weight": 0.263364432816826,
  "TE_thickness": 0.001386343932746995,
  "name": "iter_00642"
}