{"timestamp": "20260217_022011", "test_loss": 0.01227919281874266, "average_validation_loss": 5.206616660405416, "hyperparameters": {"learning_rate": 0.0001281381499734971, "decay": 1.6096466656984477e-06}}