{
  "upper_weights": [
    0.16136258650735577,
    0.4109295291214383,
    0.23672617885585356,
    0.37769961262845364,
    -0.3,
    0.1459901996522499,
    0.6,
    0.09567467577271416
  ],
  "lower_weights": [
    0.11576470663766672,
    0.3,
    0.3,
    -0.09836372051133488,
    -0.08955623408171806,
    0.27254151089635886,
    0.23926257934538828,
    -0.09217026231005565
  ],
  "leading_edge_weight": 0.04635665113996212,
  "TE_thickness": 0.007363315302953476,
  "name": "design"
}