{
  "design_name": "CamberedLEWashout_ModerateSweep",
  "design_params": {
    "le_sweep_deg": 63.35199008569245,
    "root_chord_in": 26.41234861427245,
    "twist_root_deg": -5.455117675619412,
    "twist_tip_deg": -6.715129793412467,
    "dihedral_deg": -9.042618899418311,
    "naca": {
      "m": 4,
      "p": 0,
      "t": 15,
      "chord_length": 1.0
    }
  },
  "sim_conditions": {
    "aoa_deg": 10.0,
    "mach": 0.3,
    "reynolds": 3000000.0
  },
  "vlm_results": {
    "CL": 0.21115913737973485,
    "CDi": 0.014558684861416003,
    "CM": -0.19008176179385708,
    "L_D": 14.503998087035805
  },
  "corrected_results": {
    "CL": 0.1349936963234765,
    "CDi": 0.009474228340305658,
    "CM": -0.1178643638762118,
    "L_D": 14.248516235267486
  }
}