{
  "design_name": "HighSweepCamberMedWashoutThickerSmallChord",
  "design_params": {
    "le_sweep_deg": 70.85906952432225,
    "root_chord_in": 24.985274542301077,
    "twist_root_deg": -6.412153261897862,
    "twist_tip_deg": -5.196294594270682,
    "dihedral_deg": -15.0,
    "naca": {
      "m": 4,
      "p": 4,
      "t": 12,
      "chord_length": 1.0
    }
  },
  "sim_conditions": {
    "aoa_deg": 10.0,
    "mach": 0.3,
    "reynolds": 3000000.0
  },
  "vlm_results": {
    "CL": 0.1419027404168323,
    "CDi": 0.017144731464766583,
    "CM": -0.18738730739342915,
    "L_D": 8.276754914969105
  },
  "corrected_results": {
    "CL": 0.12054479169068816,
    "CDi": 0.010539767789396845,
    "CM": -0.1340663152219793,
    "L_D": 11.437139232987459
  }
}