{
  "r_d2": 0.639153959479092,
  "r_t2": 0.6490956291658821,
  "r_d4": 0.5116735230139197,
  "cst_upper": [
    0.5169042807165818,
    0.5169042807165818,
    0.5169042807165818,
    0.5169042807165818,
    0.5169042807165818,
    0.5169042807165818,
    0.5169042807165818,
    0.5169042807165818,
    0.5169042807165818,
    0.5169042807165818
  ],
  "t_root": 0.14311154613622132,
  "r_d1": 0.4391539594790921,
  "rootadj": 0.5909562916588212,
  "r_t4": 0.971167352301392,
  "TR": 0.37691785575460607,
  "tw2": -3.7925635909185798,
  "cst_lower": [
    -0.1330152486250895,
    -0.1330152486250895,
    -0.1330152486250895,
    -0.1330152486250895,
    -0.1330152486250895,
    -0.1330152486250895,
    -0.1330152486250895,
    -0.1330152486250895,
    -0.1330152486250895,
    -0.1330152486250895
  ],
  "tw4": -2.0180874166823575,
  "AR": 9.9187757113022,
  "SA": 38.61507134527636,
  "kink": 0.3662230922724426,
  "DA_tip": 4.556615837916368,
  "DA_kink": 3.200259604123517,
  "r_t3": 0.9511673523013919,
  "tw1": -2.184657153963151,
  "tw3": -2.7925635909185798,
  "_score": 18.935430036686924
}