{
  "upper_weights": [
    0.12972114272856577,
    0.12694349618746642,
    0.17327402062209657,
    0.20008273651596148,
    0.12333486576767744,
    0.08056821054943392,
    0.0881394252959109,
    0.24991743765732605
  ],
  "lower_weights": [
    -0.3,
    -0.3,
    -0.2790266283276651,
    -0.257254088341828,
    -0.23182890040149862,
    -0.3,
    -0.3,
    -0.3
  ],
  "leading_edge_weight": 0.5,
  "TE_thickness": 0.0,
  "name": "iter_0354"
}