{
  "upper_weights": [
    0.3727103410107622,
    0.3267846823878375,
    0.12583276372841395,
    0.01777514725822882,
    0.04850435561630145,
    0.05374309893262319,
    0.11205226463474466,
    0.08700111712596653
  ],
  "lower_weights": [
    -0.23385914105790254,
    -0.1766961268909757,
    -0.21209446531297046,
    -0.1796826719637959,
    -0.16182123749360383,
    -0.16050948105093757,
    -0.19531102690377283,
    -0.1120183793771756
  ],
  "leading_edge_weight": -0.2959348895806272,
  "TE_thickness": 0.007897674744645892,
  "name": "iter_00677"
}