{
  "upper_weights": [
    0.44646419782769536,
    0.25666777712782146,
    0.47553621027969945,
    0.21961693073108585,
    0.33411465259343104,
    -0.258758054709904,
    -0.09489155191360785,
    -0.03955083275810356
  ],
  "lower_weights": [
    -0.25212481384582347,
    -0.1603254681833819,
    -0.23939914235416251,
    -0.13321583813394472,
    0.0814106665586401,
    -0.08110069261794944,
    -0.0778914197298704,
    -0.17429578153710737
  ],
  "leading_edge_weight": -0.23302217795088664,
  "TE_thickness": 0.00936654587712494,
  "_score": 1.1156457509285473
}