{
  "design_name": "ExtremeSweep_VariedWashout_ThinSymmetric",
  "design_params": {
    "le_sweep_deg": 77.84254244802385,
    "root_chord_in": 27.282343069595616,
    "twist_root_deg": -9.552854257885691,
    "twist_tip_deg": -9.134760690200824,
    "dihedral_deg": -15.0,
    "naca": {
      "m": 0,
      "p": 0,
      "t": 6,
      "chord_length": 1.0
    }
  },
  "sim_conditions": {
    "aoa_deg": 10.0,
    "mach": 0.3,
    "reynolds": 3000000.0
  },
  "vlm_results": {
    "CL": 0.005598674164761607,
    "CDi": 2.0020463233728284e-05,
    "CM": -0.00576356405406217,
    "L_D": 279.6475835448989
  },
  "corrected_results": {
    "CL": 0.05881597784026929,
    "CDi": 9.303616162621733e-05,
    "CM": -0.046331486867013556,
    "L_D": 632.1840541591638
  }
}