{
  "design_name": "LowSweep_WashInRoot_SymmetricThick",
  "design_params": {
    "le_sweep_deg": 59.965380677303315,
    "root_chord_in": 21.554980648397652,
    "twist_root_deg": 7.939924922298217,
    "twist_tip_deg": -7.901002876891493,
    "dihedral_deg": 2.5945574444234474,
    "naca": {
      "m": 0,
      "p": 0,
      "t": 20,
      "chord_length": 1.0
    }
  },
  "sim_conditions": {
    "aoa_deg": 10.0,
    "mach": 0.3,
    "reynolds": 3000000.0
  },
  "vlm_results": {
    "CL": 0.6771751556457168,
    "CDi": 0.14344347279950032,
    "CM": -0.5682418053141957,
    "L_D": 4.720850258500405
  },
  "corrected_results": {
    "CL": 0.37519131352237545,
    "CDi": 0.08354407542347599,
    "CM": -0.36568144845630113,
    "L_D": 4.4909386048091475
  }
}