{
  "design_name": "BalancedHighCamberModerateSweep",
  "design_params": {
    "le_sweep_deg": 70.74583549712783,
    "root_chord_in": 39.69241365720336,
    "twist_root_deg": 1.412774555291967,
    "twist_tip_deg": -6.206501064212551,
    "dihedral_deg": 13.614323306978074,
    "naca": {
      "m": 4,
      "p": 4,
      "t": 11,
      "chord_length": 1.0
    }
  },
  "sim_conditions": {
    "aoa_deg": 10.0,
    "mach": 0.3,
    "reynolds": 3000000.0
  },
  "vlm_results": {
    "CL": 0.493192424496079,
    "CDi": 0.06336771671954818,
    "CM": -0.51544439680001,
    "L_D": 7.783023438872543
  },
  "corrected_results": {
    "CL": 0.06748976711882568,
    "CDi": -5.998902790899575e-05,
    "CM": -0.016283546114088474,
    "L_D": -1125.0351851209969
  }
}