{
  "SA": 36.25061875776505,
  "AR": 10.740806154345101,
  "TR": 0.19780489036312002,
  "kink": 0.41127422821465276,
  "rootadj": 0.8055389233825418,
  "DA_kink": 3.8430961459884814,
  "DA_tip": 4.068339880967908,
  "t_root": 0.1444318339524453,
  "r_t2": 0.6961842879321434,
  "r_t3": 0.9156571932871393,
  "r_t4": 0.935690674285198,
  "r_d1": 0.46368970679309096,
  "r_d2": 0.975048283590354,
  "r_d4": 0.6516636094977868,
  "tw1": -2.756461840604996,
  "tw2": -3.4787257338144992,
  "tw3": -2.043581437258026,
  "tw4": -1.946160489412519,
  "cst_upper": [
    0.4749610976874313,
    0.3461054688277147,
    0.21321362803220428,
    0.5009015653469429,
    -0.03371104314303325,
    0.3853460964872509,
    0.40618298440707606,
    0.28110988502369255,
    -0.04701662808325552,
    0.20323615797223155
  ],
  "cst_lower": [
    -0.04782933722870597,
    -0.2035112709938201,
    -0.1346098759889837,
    -0.18076105817195431,
    -0.09941380297762026,
    -0.26348854442540676,
    -0.053858768542780544,
    0.20077287042349073,
    0.21587013357610557,
    -0.1897464460823577
  ],
  "_score": 10.637772791518657
}