{
  "design_name": "HighSweepWashoutPositiveDihedralCamber",
  "design_params": {
    "le_sweep_deg": 68.0464636864677,
    "root_chord_in": 49.35599320050089,
    "twist_root_deg": -9.112342354648927,
    "twist_tip_deg": -9.66970292889369,
    "dihedral_deg": 8.861807486728628,
    "naca": {
      "m": 4,
      "p": 4,
      "t": 13,
      "chord_length": 1.0
    }
  },
  "sim_conditions": {
    "aoa_deg": 10.0,
    "mach": 0.3,
    "reynolds": 3000000.0
  },
  "vlm_results": {
    "CL": 0.18628712350336127,
    "CDi": 0.015427785842665985,
    "CM": -0.24691136135741276,
    "L_D": 12.074780231144956
  },
  "corrected_results": {
    "CL": -0.20739595151230514,
    "CDi": -0.010007119570751583,
    "CM": 0.2505889750683781,
    "L_D": 20.724839954793175
  }
}