{
  "design_name": "ExploitationMaxWashoutThin2406",
  "design_params": {
    "le_sweep_deg": 67.05485163017913,
    "root_chord_in": 33.310748122136154,
    "twist_root_deg": -10.0,
    "twist_tip_deg": -9.749867939010722,
    "dihedral_deg": -14.442767051869057,
    "naca": {
      "m": 0,
      "p": 0,
      "t": 6,
      "chord_length": 1.0
    }
  },
  "sim_conditions": {
    "aoa_deg": 10.0,
    "mach": 0.3,
    "reynolds": 3000000.0
  },
  "vlm_results": {
    "CL": -0.01011985995731639,
    "CDi": 6.280945381923061e-05,
    "CM": 0.008643889280390263,
    "L_D": -161.12001206764123
  },
  "corrected_results": {
    "CL": -0.006283381523740455,
    "CDi": 4.104756188402315e-06,
    "CM": 0.02979238471265776,
    "L_D": -1530.756331275822
  }
}