{
  "name": "design",
  "mach": 0.82,
  "aoa": 3.0,
  "SA": 40.0,
  "AR": 10.365652297141796,
  "TR": 0.2373976391971916,
  "kink": 0.38628370858707717,
  "rootadj": 0.7202128056713538,
  "DA_kink": 2.9411374343727665,
  "DA_tip": 4.895459193656661,
  "t_root": 0.14,
  "r_t2": 0.6120707597052599,
  "r_t3": 0.9393967136809825,
  "r_t4": 0.9736640033380755,
  "r_d1": 0.447669892060635,
  "r_d2": 0.5,
  "r_d4": 0.09245734871354458,
  "tw1": -4.0,
  "tw2": -3.4550111972144784,
  "tw3": -2.8449920263752295,
  "tw4": -2.1379019417482215,
  "cst_upper": [
    0.5252532100986729,
    0.31315072156184715,
    0.5155418889445418,
    0.46324892278748403,
    0.33246439395448407,
    0.5078823158636907,
    0.5995376295678552,
    0.595367235612847,
    0.5983256685796117,
    0.5999999999999999
  ],
  "cst_lower": [
    -0.2411362132868225,
    -0.2745857462550367,
    -0.2976976963747682,
    -0.2902823236855892,
    -0.29178249037562615,
    -0.233279884885604,
    -0.29826569460041125,
    -0.11062154002197311,
    0.1687979408421016,
    0.21480041278786083
  ]
}