{
  "name": "iter_0103",
  "mach": 0.82,
  "aoa": 3.0,
  "SA": 33.44003805165113,
  "AR": 11.0,
  "TR": 0.4,
  "kink": 0.36,
  "rootadj": 0.1,
  "DA_kink": 0.5,
  "DA_tip": 4.0,
  "t_root": 0.14,
  "r_t2": 0.6,
  "r_t3": 0.98,
  "r_t4": 0.9472147087577026,
  "r_d1": 0.8,
  "r_d2": 1.0,
  "r_d4": 0.6607666231534037,
  "tw1": -4.0,
  "tw2": -3.505715989120803,
  "tw3": -1.0,
  "tw4": -1.0648613914784741,
  "cst_upper": [
    0.5283978198294297,
    0.5999999999999999,
    0.4558799733043745,
    0.5999999999999999,
    0.5999999999999999,
    0.5999999999999999,
    0.16702118224804152,
    0.5999999999999999,
    0.5999999999999999,
    0.5999999999999999
  ],
  "cst_lower": [
    0.13356277576221676,
    -0.3,
    -0.3,
    -0.3,
    -0.3,
    -0.3,
    0.3,
    -0.3,
    0.3,
    0.3
  ]
}