{
  "design_name": "ThinCamberedHighSweepMaxWashoutPositiveDihedral",
  "design_params": {
    "le_sweep_deg": 73.22163719093503,
    "root_chord_in": 21.577557658805844,
    "twist_root_deg": -9.760263798995569,
    "twist_tip_deg": -9.631510025517906,
    "dihedral_deg": 12.836410479074782,
    "naca": {
      "m": 4,
      "p": 4,
      "t": 6,
      "chord_length": 1.0
    }
  },
  "sim_conditions": {
    "aoa_deg": 10.0,
    "mach": 0.3,
    "reynolds": 3000000.0
  },
  "vlm_results": {
    "CL": 0.0896381106787818,
    "CDi": 0.01781518386348715,
    "CM": -0.16336020107457724,
    "L_D": 5.031556865517301
  },
  "corrected_results": {
    "CL": 0.1138929766483831,
    "CDi": 0.011316035670887249,
    "CM": -0.14847603445742052,
    "L_D": 10.064741748861346
  }
}