{
  "upper_weights": [
    0.2618310026446507,
    0.36771977452825505,
    0.5002588133498986,
    0.5835348905539643,
    0.4555751793037814,
    0.2541647656307982,
    0.1684160340340567,
    0.2003152164050554
  ],
  "lower_weights": [
    -0.07468820579666882,
    0.006816001659044779,
    0.0018323332607530496,
    -0.001689487766380393,
    0.02557001320280211,
    0.011590670343529286,
    0.03829449795981904,
    0.09347180439672015
  ],
  "leading_edge_weight": 0.2983346339752405,
  "TE_thickness": 0.00095822696371372,
  "name": "design"
}