{
  "upper_weights": [
    0.4625051216714463,
    0.38191779282570837,
    0.2707928271550615,
    0.09265057061883454,
    0.088334950712646,
    0.0906959235212798,
    0.19883417264936878,
    0.18998290975430612
  ],
  "lower_weights": [
    -0.06877312029503202,
    -0.11251023289189235,
    -0.08964096095826773,
    -0.10752933968711716,
    -0.15839267992082562,
    -0.14871620456901294,
    -0.21679730012540288,
    -0.28572162716500576
  ],
  "leading_edge_weight": -0.09677220220357581,
  "TE_thickness": 0.004785123228209462,
  "name": "design"
}