{
  "design_name": "HighWashout_NoCamber_Thick",
  "design_params": {
    "le_sweep_deg": 73.45754128046914,
    "root_chord_in": 37.15954134559702,
    "twist_root_deg": -10.0,
    "twist_tip_deg": -10.0,
    "dihedral_deg": -7.4673024227931375,
    "naca": {
      "m": 0,
      "p": 0,
      "t": 16,
      "chord_length": 1.0
    }
  },
  "sim_conditions": {
    "aoa_deg": 10.0,
    "mach": 0.3,
    "reynolds": 3000000.0
  },
  "vlm_results": {
    "CL": -0.003640335986402277,
    "CDi": 1.3165449637278304e-05,
    "CM": 0.003375227099266986,
    "L_D": -276.5067724002812
  },
  "corrected_results": {
    "CL": -0.08228161411624814,
    "CDi": 0.0002975778081155243,
    "CM": 0.11447606579928983,
    "L_D": -276.50453720764403
  }
}