{
  "SA": 31.780856415676045,
  "AR": 8.86431981153117,
  "TR": 0.28909440777928486,
  "kink": 0.3958702357545626,
  "rootadj": 0.905071171785741,
  "DA_kink": 4.025993923047034,
  "DA_tip": 5.186970790118214,
  "t_root": 0.14931529520238288,
  "r_t2": 0.6833711194493772,
  "r_t3": 0.900159302643963,
  "r_t4": 0.9580253622931866,
  "r_d1": 0.3983267636195105,
  "r_d2": 0.785582821066337,
  "r_d4": 0.15242866320975332,
  "tw1": -2.2908154226318076,
  "tw2": -2.080380350967381,
  "tw3": -2.700812763301486,
  "tw4": -2.8939164614651305,
  "cst_upper": [
    0.024440845498607217,
    0.10476441979765137,
    0.05172024866331708,
    0.12421261203026157,
    0.0696860722863466,
    0.04415546173870003,
    0.1261649912766443,
    -0.0007769557957749613,
    0.15389521205656462,
    0.11100905815235428
  ],
  "cst_lower": [
    -0.005325943758826188,
    -0.06295310571194837,
    0.022606409109261295,
    -0.055276236517943916,
    -0.0005502393541114828,
    0.039046755022269196,
    0.003995503782431069,
    0.005191068093504501,
    0.0655350978748665,
    0.04533847650782976
  ],
  "_score": -0.14764376236376753
}