{
  "upper_weights": [
    0.35224009778968635,
    0.3665558030643572,
    0.33108348946295524,
    0.244484843483992,
    0.029359822622263023,
    0.01751361337783507,
    -0.03551302355990185,
    -0.1107169205002034
  ],
  "lower_weights": [
    -0.07196678432618236,
    -0.07795555770401666,
    -0.0404270073706125,
    -0.1141279079069661,
    -0.13890697225864299,
    -0.19552954290354663,
    -0.2780785411772361,
    -0.29440019586033206
  ],
  "leading_edge_weight": 0.003626630445387222,
  "TE_thickness": 0.00017057205523545103,
  "name": "Exploratory_Reflex_V1"
}