{
  "design_name": "LowSweep_LargeChord_RootWashIn",
  "design_params": {
    "le_sweep_deg": 56.68800590887267,
    "root_chord_in": 46.40698488119904,
    "twist_root_deg": 4.532215739865428,
    "twist_tip_deg": -4.82663142768649,
    "dihedral_deg": 6.065571710444007,
    "naca": {
      "m": 4,
      "p": 4,
      "t": 9,
      "chord_length": 1.0
    }
  },
  "sim_conditions": {
    "aoa_deg": 10.0,
    "mach": 0.3,
    "reynolds": 3000000.0
  },
  "vlm_results": {
    "CL": 0.8277307882854441,
    "CDi": 0.12630456414637478,
    "CM": -0.794121927300481,
    "L_D": 6.553451127278221
  },
  "corrected_results": {
    "CL": 0.05523858250110668,
    "CDi": -0.0040034889677856445,
    "CM": 0.023783269483961464,
    "L_D": -13.797610770402471
  }
}