{
  "upper_weights": [
    0.3351144541151761,
    0.2431588533874014,
    0.16056100436110854,
    0.14523764880270942,
    0.2883034264831415,
    0.2032422617302842,
    0.22114589302933815,
    0.07495144015976832
  ],
  "lower_weights": [
    -0.16492874424334375,
    0.10450497595620772,
    0.04023416026909338,
    -0.04178340833442108,
    -0.04140727785646886,
    -0.07371356599203396,
    0.007985929128381225,
    -0.08551504054876334
  ],
  "leading_edge_weight": -0.1529417733643548,
  "TE_thickness": 0.0069924187354033825,
  "name": "design"
}