{
  "upper_weights": [
    0.504520571626027,
    0.48561600816576284,
    0.4151503547951977,
    0.2742534870639724,
    0.1428108360484076,
    0.00013315352109659426,
    -0.05211664487347895,
    0.0699700235796013
  ],
  "lower_weights": [
    -0.16665857710128038,
    -0.15702862656619943,
    -0.10198311521554815,
    -0.12590703323585542,
    -0.19416846971714286,
    -0.1903255846564729,
    -0.26876000889115975,
    -0.2673102926466197
  ],
  "leading_edge_weight": 0.39538942198280075,
  "TE_thickness": 0.00032720661597271866,
  "name": "ReflexExploration_RndLE"
}