{
  "design_name": "Hybrid_Camber_Sweep_Twist",
  "design_params": {
    "le_sweep_deg": 70.43050285186538,
    "root_chord_in": 38.23609693171311,
    "twist_root_deg": -5.743192329034901,
    "twist_tip_deg": -0.8988886032887216,
    "dihedral_deg": -4.94859285201633,
    "naca": {
      "m": 4,
      "p": 4,
      "t": 10,
      "chord_length": 1.0
    }
  },
  "sim_conditions": {
    "aoa_deg": 10.0,
    "mach": 0.3,
    "reynolds": 3000000.0
  },
  "vlm_results": {
    "CL": 0.21977267869466904,
    "CDi": 0.026673908494710442,
    "CM": -0.2586369685385854,
    "L_D": 8.239237933137957
  },
  "corrected_results": {
    "CL": -0.006577246057857345,
    "CDi": -0.008808444896061932,
    "CM": 0.03678015915173521,
    "L_D": 0.7466977582839727
  }
}