{
  "upper_weights": [
    0.09575943444277502,
    0.1303539140930864,
    0.48280339838560155,
    -0.08748810457135006,
    0.4415388236738986,
    -0.0228956340445976,
    0.2550807174758561,
    0.04158751577762371
  ],
  "lower_weights": [
    -0.1643236764582753,
    -0.2715575127188682,
    -0.00308688718921174,
    -0.09006872827713092,
    -0.17042480263078427,
    0.00227127984139075,
    -0.2213001313337628,
    -0.19785000874438718
  ],
  "leading_edge_weight": -0.3385288141599626,
  "TE_thickness": 0.006291826096124147,
  "name": "design"
}