{
  "B1": 100.0,
  "B2": 53.56454624079684,
  "B3": 700.0,
  "C2": 550.0,
  "C3": 279.9999956995439,
  "C4": 90.0,
  "S1": 60.0,
  "S2": 59.9942649948426,
  "S3": 40.0,
  "alpha": -1.99092591364026,
  "name": "design"
}