{
  "design_name": "HighSweep_MaxWashout_MaxDihedral_NACA0007",
  "design_params": {
    "le_sweep_deg": 80.0,
    "root_chord_in": 29.432567500124353,
    "twist_root_deg": -3.9557835898687372,
    "twist_tip_deg": -8.768035947475019,
    "dihedral_deg": -11.963871302402948,
    "naca": {
      "m": 0,
      "p": 0,
      "t": 7,
      "chord_length": 1.0
    }
  },
  "sim_conditions": {
    "aoa_deg": 10.0,
    "mach": 0.3,
    "reynolds": 3000000.0
  },
  "vlm_results": {
    "CL": 0.214052313151466,
    "CDi": 0.014294331082225449,
    "CM": -0.21891087143529656,
    "L_D": 14.974629587083884
  },
  "corrected_results": {
    "CL": 0.11152867037247301,
    "CDi": 0.008795555445468237,
    "CM": -0.08966355675859103,
    "L_D": 12.680116800347873
  }
}