{
  "name": "iter_0274",
  "mach": 0.82,
  "aoa": 3.0,
  "SA": 25.0,
  "AR": 11.0,
  "TR": 0.15,
  "kink": 0.42,
  "rootadj": 1.1,
  "DA_kink": 6.0,
  "DA_tip": 6.0,
  "t_root": 0.14,
  "r_t2": 0.6,
  "r_t3": 0.9,
  "r_t4": 0.988469349620143,
  "r_d1": 0.8,
  "r_d2": 0.9952544434610265,
  "r_d4": 0.0,
  "tw1": -2.0,
  "tw2": -2.0,
  "tw3": -1.0,
  "tw4": -3.0,
  "cst_upper": [
    0.5999999999999999,
    0.5999999999999999,
    0.24562300498441864,
    0.5999999999999999,
    0.253311468972581,
    0.18762733934877812,
    0.5988480097765638,
    0.17573308398326942,
    0.5999999999999999,
    0.48298475698504334
  ],
  "cst_lower": [
    -0.045990297914995815,
    -0.3,
    -0.0661917760532616,
    -0.0051634424176463245,
    -0.3,
    0.3,
    -0.3,
    0.3,
    -0.048413622095661135,
    0.3
  ]
}