{
  "name": "design",
  "mach": 0.82,
  "aoa": 3.0,
  "SA": 35.90002882418589,
  "AR": 9.38088593774559,
  "TR": 0.2765852394922675,
  "kink": 0.373477418875583,
  "rootadj": 0.6045476021290161,
  "DA_kink": 2.620893219149069,
  "DA_tip": 5.057563730395341,
  "t_root": 0.15037997255115712,
  "r_t2": 0.6999235800061303,
  "r_t3": 0.9592420518502447,
  "r_t4": 0.9270491627858986,
  "r_d1": 0.4958801144149745,
  "r_d2": 0.6599022806288445,
  "r_d4": 0.702612640441865,
  "tw1": -2.0015446306515217,
  "tw2": -2.000468526045629,
  "tw3": -1.7065387292198275,
  "tw4": -2.4516908048077166,
  "cst_upper": [
    -0.00836923942568969,
    0.4953554128835594,
    0.0209728478376956,
    0.4502305560039404,
    0.16673640748921534,
    0.3510059313323475,
    0.17430849025020373,
    0.4447818675757751,
    0.15862600640073327,
    0.2767912322441214
  ],
  "cst_lower": [
    0.027383923524100014,
    -0.3,
    -0.05568468430830223,
    -0.3,
    0.14531424302095863,
    -0.162237331442125,
    -0.002548016528865752,
    0.10471070159470602,
    0.15542090084190308,
    0.23493174650970666
  ]
}