{
  "design_name": "LowerSweep_HighCamber_LargeChord",
  "design_params": {
    "le_sweep_deg": 60.20998087524258,
    "root_chord_in": 46.05915870802802,
    "twist_root_deg": -8.147320256743976,
    "twist_tip_deg": -10.0,
    "dihedral_deg": -9.939513739519581,
    "naca": {
      "m": 4,
      "p": 4,
      "t": 9,
      "chord_length": 1.0
    }
  },
  "sim_conditions": {
    "aoa_deg": 10.0,
    "mach": 0.3,
    "reynolds": 3000000.0
  },
  "vlm_results": {
    "CL": 0.16466023176656316,
    "CDi": 0.01859489740477408,
    "CM": -0.22538489691479813,
    "L_D": 8.855129887637242
  },
  "corrected_results": {
    "CL": -0.13769930145716108,
    "CDi": -0.006942928752370814,
    "CM": 0.16719080944585707,
    "L_D": 19.83302815978641
  }
}