{
  "name": "design",
  "mach": 0.82,
  "aoa": 3.0,
  "SA": 40.0,
  "AR": 11.0,
  "TR": 0.24370041979175144,
  "kink": 0.40527404296113695,
  "rootadj": 1.1,
  "DA_kink": 2.542491020995278,
  "DA_tip": 4.2715500128106205,
  "t_root": 0.14,
  "r_t2": 0.7,
  "r_t3": 0.9466701384873265,
  "r_t4": 0.92,
  "r_d1": 0.4250230012659301,
  "r_d2": 0.7071608077799221,
  "r_d4": 0.767709588369739,
  "tw1": -2.0,
  "tw2": -2.0,
  "tw3": -1.0,
  "tw4": -1.2129000595006831,
  "cst_upper": [
    -0.23953498686196084,
    0.6,
    0.2997005406660457,
    0.6,
    0.1709951819628973,
    0.6,
    0.3959042859856082,
    0.5232484864676362,
    0.4035739793686665,
    0.454777006161388
  ],
  "cst_lower": [
    -0.258576673849457,
    -0.13809451963003222,
    -0.15883588059372816,
    -0.3,
    0.3,
    -0.3,
    -0.056172904434919645,
    0.18253554634151084,
    -0.03903992610057529,
    0.3
  ]
}