{
  "upper_weights": [
    0.17410735579477793,
    0.25618576596591336,
    0.3413085219462479,
    0.37845948168649884,
    0.37640470318847774,
    0.3404187023250937,
    0.22823337582319558,
    0.10146646306589302
  ],
  "lower_weights": [
    -0.15496275883318375,
    -0.12875174322458072,
    -0.09722371210265422,
    0.024991882436248093,
    0.1739027610616232,
    0.21678875418746196,
    -0.008508269782447089,
    -0.3
  ],
  "leading_edge_weight": 0.13150878360420104,
  "TE_thickness": 0.0036372322870549634,
  "name": "design"
}