{
  "upper_weights": [
    -0.3,
    0.4285506414602454,
    -0.2207172655948048,
    0.4884065187594085,
    -0.0998053054471442,
    0.5999999999999999,
    -0.03200065585683809,
    0.5999999999999999
  ],
  "lower_weights": [
    0.23998772089211856,
    0.3,
    0.3,
    -0.3,
    -0.3,
    0.3,
    0.3,
    0.16559369344212121
  ],
  "leading_edge_weight": 0.1974363165396934,
  "TE_thickness": 0.01,
  "name": "design"
}