{
  "upper_weights": [
    0.1346386221374602,
    0.22823304220818635,
    0.344600208265432,
    0.2816191707445742,
    0.1159461885143299,
    0.01302449870410024,
    -0.010470887873440892,
    0.04202945807871453
  ],
  "lower_weights": [
    -0.07671055711526621,
    -0.015811641479630302,
    0.0005255183204699239,
    -0.01745755215261596,
    0.022783579629832032,
    -0.03530796096583625,
    -0.20186812684630145,
    -0.3
  ],
  "leading_edge_weight": 0.3700024380542557,
  "TE_thickness": 0.0041364814275264014,
  "name": "High_CM_ReflexAdjusted"
}