{
  "upper_weights": [
    0.4188950219913538,
    0.3627425879666749,
    0.3643041434681786,
    0.39219173244518274,
    0.2951632084572182,
    0.1410794383241568,
    0.05089327101575532,
    -0.12597571525899573
  ],
  "lower_weights": [
    -0.11022564209814195,
    -0.10746725974066475,
    -0.16817262183574477,
    -0.12833164967697763,
    -0.006711529632854736,
    0.032725177375645786,
    -0.09684948799518933,
    -0.25817685884071123
  ],
  "leading_edge_weight": -0.16893620580228128,
  "TE_thickness": 0.004905946515977666,
  "name": "design"
}