{
  "upper_weights": [
    0.48661867853893426,
    0.5514095754032861,
    0.6,
    0.6,
    0.5887867460688001,
    0.39236549908279333,
    0.3533599859416256,
    0.5614358015214136
  ],
  "lower_weights": [
    -0.3,
    -0.3,
    -0.26489687107998466,
    -0.1307636380008967,
    0.19879335756811523,
    0.052273621731900914,
    0.15535829952288324,
    0.05985463783734886
  ],
  "leading_edge_weight": 0.5,
  "TE_thickness": 0.0,
  "name": "HPA_HighCamber_V1"
}