{
  "upper_weights": [
    0.594734452850928,
    0.5724182740409616,
    0.46074755194263034,
    0.3365955444112128,
    0.26606150946191925,
    0.184658749151752,
    0.2089373104702849,
    0.29549239743793515
  ],
  "lower_weights": [
    -0.1591962967058162,
    -0.16873959293588917,
    -0.0009197085757673973,
    0.10542682882712395,
    0.10744056824550752,
    0.06450301422089344,
    -0.1469784557286204,
    -0.28503965555172905
  ],
  "leading_edge_weight": 0.12280246200962963,
  "TE_thickness": 0.006052823615338131,
  "name": "iter_00658"
}