{
  "upper_weights": [
    0.14045126373203115,
    0.3149228837972576,
    0.5415679062835421,
    0.5010659625448048,
    0.5579842482463622,
    0.5652299122202851,
    0.26904481836199096,
    0.042617781967329016
  ],
  "lower_weights": [
    -0.2968332940156685,
    -0.16283639851504825,
    -0.0127700626925763,
    0.09657763731035868,
    0.15472506728361146,
    0.12302004970013936,
    0.013852947084261324,
    -0.1741995300768637
  ],
  "leading_edge_weight": -0.02573285322783403,
  "TE_thickness": 0.006862219100046984,
  "name": "iter_00563"
}