{
  "SA": 35.69250084665258,
  "AR": 8.742926697381252,
  "TR": 0.36239228978929755,
  "kink": 0.3640559165660963,
  "rootadj": 0.7115030660458791,
  "DA_kink": 3.574466070782735,
  "DA_tip": 5.157570464938967,
  "t_root": 0.14539498298560843,
  "r_t2": 0.6405337604984059,
  "r_t3": 0.9421095020178872,
  "r_t4": 0.9621981512770064,
  "r_d1": 0.33086807957613323,
  "r_d2": 0.9775108288031095,
  "r_d4": 0.7963658294745821,
  "tw1": -2.17129729957061,
  "tw2": -3.9378585021872765,
  "tw3": -1.2855242265117812,
  "tw4": -2.0006051998429895,
  "cst_upper": [
    0.32480321413989977,
    0.24061294748240275,
    0.2623636670604138,
    0.2961346832172771,
    0.2830300718477716,
    0.2929702009654569,
    0.28540986912946253,
    0.28250403562403464,
    0.2851980447655648,
    0.2597262540462655
  ],
  "cst_lower": [
    -0.14662152340672374,
    -0.10866118274202363,
    -0.1779571333847085,
    -0.10879752445948493,
    -0.0822115892273528,
    -0.17267624370419263,
    -0.1345952449920852,
    -0.14917756937624482,
    -0.16918425003618823,
    -0.06250053125122398
  ],
  "_score": 14.01374718523829
}