{
  "B1": 200.0,
  "B2": 50.0,
  "B3": 200.0,
  "C2": 785.1658752098958,
  "C3": 180.0,
  "C4": 90.0,
  "S1": 48.130087777127486,
  "S2": 40.0,
  "S3": 40.0,
  "alpha": 3.0,
  "name": "iter_0234"
}