{
  "upper_weights": [
    0.040696414186899815,
    0.6,
    0.5222928605502657,
    0.23550923377325744,
    0.30315458646270194,
    0.003578933195586137,
    0.10798934200533919,
    0.10334954026108586
  ],
  "lower_weights": [
    -0.08950717469556663,
    -0.08047655333316339,
    -0.051537615173620474,
    0.02771040594429125,
    -0.04360260845870109,
    -0.061600758935071095,
    0.03050614899807298,
    0.007137657914060975
  ],
  "leading_edge_weight": 0.4656995681664105,
  "TE_thickness": 0.0021383999559649296,
  "name": "HPA_HighCamber_V01"
}