{
  "name": "design",
  "mach": 0.82,
  "aoa": 3.0,
  "SA": 40.0,
  "AR": 10.397565870895829,
  "TR": 0.24029782884614892,
  "kink": 0.3848392432706057,
  "rootadj": 0.6659213772925421,
  "DA_kink": 3.122119281412678,
  "DA_tip": 5.145772666784709,
  "t_root": 0.14,
  "r_t2": 0.6000743108117046,
  "r_t3": 0.9375102731718951,
  "r_t4": 0.9718597216356611,
  "r_d1": 0.43654393497646204,
  "r_d2": 0.5,
  "r_d4": 0.05330305114770484,
  "tw1": -4.0,
  "tw2": -3.16230464134723,
  "tw3": -2.7306844510266326,
  "tw4": -2.029454675543946,
  "cst_upper": [
    0.1893245380800364,
    0.5355430902480205,
    0.3349175000427193,
    0.33002601416092164,
    0.34916892147605566,
    0.595392364713969,
    0.561722461669037,
    0.5919804498711438,
    0.5999999999999999,
    0.5999999999999999
  ],
  "cst_lower": [
    -0.3,
    -0.2992638234805377,
    -0.3,
    -0.3,
    -0.3,
    -0.29949982152205606,
    -0.2618437662249968,
    -0.0949598864846255,
    0.1617782322543152,
    0.1593093192515846
  ]
}