{
  "design_name": "Hybrid_Delta_68_4414_Washout",
  "design_params": {
    "le_sweep_deg": 74.42729508676051,
    "root_chord_in": 41.83596057965081,
    "twist_root_deg": -7.302538853994683,
    "twist_tip_deg": -4.289528386444788,
    "dihedral_deg": -3.559305614526327,
    "naca": {
      "m": 4,
      "p": 4,
      "t": 18,
      "chord_length": 1.0
    }
  },
  "sim_conditions": {
    "aoa_deg": 10.0,
    "mach": 0.3,
    "reynolds": 3000000.0
  },
  "vlm_results": {
    "CL": 0.11553946642056882,
    "CDi": 0.015644434598063254,
    "CM": -0.16217177013336634,
    "L_D": 7.38533985976536
  },
  "corrected_results": {
    "CL": -0.12415682051117935,
    "CDi": -0.01572589365173651,
    "CM": 0.15561115979746046,
    "L_D": 7.895056602870357
  }
}