{
  "upper_weights": [
    -0.17707369797509231,
    -0.04655005647857707,
    -0.14397298359867464,
    0.22560115681563048,
    -0.2441425149701706,
    0.1284295288288982,
    0.004891211647850002,
    -0.10339764338979218
  ],
  "lower_weights": [
    -0.2998277831627835,
    -0.06916565234687663,
    0.13662388299513173,
    0.20264740762657557,
    -0.03294418553690309,
    -0.09965546762231661,
    0.05070507514823552,
    -0.027402577691594043
  ],
  "leading_edge_weight": 0.4626394360301338,
  "TE_thickness": 0.009989605825041386,
  "name": "iter_00000"
}