{
  "upper_weights": [
    0.5608396980911492,
    0.38033011928200716,
    0.15370150962844487,
    0.08233650159090755,
    0.12361448127776381,
    0.14769817683845754,
    0.23878961428999895,
    0.27783295176923267
  ],
  "lower_weights": [
    -0.18043146450072528,
    -0.08140371479094027,
    -0.033802693337202094,
    -0.05109289214015006,
    -0.0652062065899372,
    -7.426701486112908e-05,
    -0.04641437586396935,
    -0.22195575311779975
  ],
  "leading_edge_weight": 0.04482066072523594,
  "TE_thickness": 0.009654648564755917,
  "_score": -5.5392968402168945
}