{
  "design_name": "MaxSweep_ZeroTwist_PosDihedral_Thick2418",
  "design_params": {
    "le_sweep_deg": 75.6159533590511,
    "root_chord_in": 30.674205628521598,
    "twist_root_deg": 1.0175322996901675,
    "twist_tip_deg": 0.17367884348256057,
    "dihedral_deg": 15.0,
    "naca": {
      "m": 2,
      "p": 4,
      "t": 17,
      "chord_length": 1.0
    }
  },
  "sim_conditions": {
    "aoa_deg": 10.0,
    "mach": 0.3,
    "reynolds": 3000000.0
  },
  "vlm_results": {
    "CL": 0.3999927693043347,
    "CDi": 0.06940210404030511,
    "CM": -0.4108166254417998,
    "L_D": 5.763409839448669
  },
  "corrected_results": {
    "CL": 0.12494185023410191,
    "CDi": 0.020575549700186213,
    "CM": -0.10242798408983171,
    "L_D": 6.072345675069433
  }
}