{
  "upper_weights": [
    0.5920299424805583,
    0.499373121848796,
    0.41837738815090725,
    0.26818138943573305,
    0.20482068437343606,
    0.1566351938058305,
    0.07015035585292263,
    -0.0021843205761324365
  ],
  "lower_weights": [
    -0.18662347777597474,
    -0.23972464739443416,
    -0.2932367808030835,
    -0.19166309108818505,
    -0.0737627797320455,
    -0.09719826193961892,
    -0.07090018140224616,
    0.12923645404498027
  ],
  "leading_edge_weight": 0.49847949476597697,
  "TE_thickness": 0.009980004140716653,
  "name": "HPA_SmoothCamber_V1"
}