{
  "upper_weights": [
    -0.2641171163905628,
    0.39093015504812106,
    0.5517705982224375,
    0.4065257819141969,
    -0.041628206722235606,
    0.15706859111043853,
    -0.24571625837433492,
    0.21952131456576757
  ],
  "lower_weights": [
    -0.10597961415080348,
    -0.18885433986631062,
    0.04527386052121751,
    -0.1407847081015032,
    -0.015510938819067177,
    0.26230554576910653,
    0.13836369902790324,
    0.11392120772427256
  ],
  "leading_edge_weight": -0.00944096084368562,
  "TE_thickness": 0.003569812882425124,
  "name": "iter_00004"
}