{
  "upper_weights": [
    0.12343286360429234,
    0.24867581711936035,
    0.2444337462504157,
    0.13096277841990375,
    0.1138064172277276,
    0.0707461747982917,
    -0.0382253947422297,
    -0.07790345945881372
  ],
  "lower_weights": [
    0.014044759931404362,
    0.023440214376776656,
    -0.1027343162220246,
    -0.1680999460212445,
    -0.16481698991533084,
    -0.21651534449349114,
    -0.2937536790284842,
    -0.23816198770083594
  ],
  "leading_edge_weight": 0.01739482368942024,
  "TE_thickness": 0.0,
  "name": "BlendedHighLDR_Reflex"
}