{
  "upper_weights": [
    0.387778572636378,
    0.19087721676882569,
    0.1445719576009974,
    0.07912397575253471,
    -0.003702423040689905,
    0.06501447834005485,
    0.1466433595649396,
    0.20140717237495426
  ],
  "lower_weights": [
    -0.1545475931385947,
    -0.07371269416618349,
    -0.06477304714166005,
    -0.141718116049263,
    -0.12899186599435514,
    -0.01770080975220395,
    0.009343139912076751,
    0.03393281588362389
  ],
  "leading_edge_weight": 0.17996724921610255,
  "TE_thickness": 0.0014236453886304838,
  "name": "design"
}