{
  "name": "iter_0200",
  "mach": 0.82,
  "aoa": 3.0,
  "SA": 34.54991279334339,
  "AR": 10.494317433570036,
  "TR": 0.23618892138402603,
  "kink": 0.37674212057969925,
  "rootadj": 1.089943537498894,
  "DA_kink": 5.431307224778602,
  "DA_tip": 5.491252731164162,
  "t_root": 0.1425353605736435,
  "r_t2": 0.6053628689132259,
  "r_t3": 0.9367010646579781,
  "r_t4": 0.92,
  "r_d1": 0.734110045234093,
  "r_d2": 0.5393281779970208,
  "r_d4": 0.0,
  "tw1": -2.8464871565091787,
  "tw2": -2.4117653537043067,
  "tw3": -1.01263220550712,
  "tw4": -2.094662671491368,
  "cst_upper": [
    0.49070604652825983,
    0.1494479973918052,
    0.2922825929205057,
    0.31241994594893313,
    0.2392511904877726,
    0.2344007062233911,
    0.2910571757003529,
    0.4364144074192769,
    0.5999999999999999,
    0.43673515345208475
  ],
  "cst_lower": [
    -0.3,
    -0.1867687043561546,
    0.034277532604597816,
    -0.3,
    -0.3,
    -0.08043748347872567,
    0.12813917788572993,
    -0.08374128189041391,
    -0.19140050763174044,
    0.2657645835878651
  ]
}