{
  "upper_weights": [
    0.25131498242774214,
    0.3202958835118283,
    0.28774387888607117,
    0.2346968432830217,
    0.126513584120031,
    0.01026661845450183,
    0.0018377438380227096,
    -0.13693304650355861
  ],
  "lower_weights": [
    -0.14269360513189525,
    0.06978812844504734,
    0.09266880514956105,
    0.021967938595785053,
    -0.05777659238700275,
    -0.10675067180857176,
    -0.20209528003416155,
    -0.24626088488973824
  ],
  "leading_edge_weight": 0.06837364186013395,
  "TE_thickness": 0.0055868982844575164,
  "name": "design"
}