{
  "design_name": "Refined High-Performance Delta with Differential Washout",
  "design_params": {
    "le_sweep_deg": 64.8502251432106,
    "root_chord_in": 28.65273443585785,
    "twist_root_deg": -10.0,
    "twist_tip_deg": -3.37846978314387,
    "dihedral_deg": -9.6827509615966,
    "naca": {
      "m": 2,
      "p": 4,
      "t": 11,
      "chord_length": 1.0
    }
  },
  "sim_conditions": {
    "aoa_deg": 10.0,
    "mach": 0.3,
    "reynolds": 3000000.0
  },
  "vlm_results": {
    "CL": 0.11037318491622551,
    "CDi": 0.008717139997877004,
    "CM": -0.14320096747978087,
    "L_D": 12.661628119211818
  },
  "corrected_results": {
    "CL": 0.08035156351932705,
    "CDi": 0.0033996740041298545,
    "CM": -0.08304852907431529,
    "L_D": 23.635078958075866
  }
}