{
  "upper_weights": [
    0.328337705790753,
    0.31871298676840604,
    0.23458011722279865,
    0.18207366913871958,
    0.08305393841053332,
    0.028343325575036327,
    -0.0025342466427094035,
    -0.08544846837525286
  ],
  "lower_weights": [
    -0.12018311880956681,
    0.05307021780629351,
    0.011853966402624705,
    0.053395674011286476,
    0.043130765251501224,
    -0.07359910947732648,
    -0.13735403983480546,
    -0.29780561684739154
  ],
  "leading_edge_weight": -0.31611890901878087,
  "TE_thickness": 0.00832619845547938,
  "name": "design"
}