{
  "design_name": "ExtremeSweepCamberedSlimWashout",
  "design_params": {
    "le_sweep_deg": 77.50753375215456,
    "root_chord_in": 34.116293600013535,
    "twist_root_deg": -10.0,
    "twist_tip_deg": -10.0,
    "dihedral_deg": -15.0,
    "naca": {
      "m": 0,
      "p": 0,
      "t": 9,
      "chord_length": 1.0
    }
  },
  "sim_conditions": {
    "aoa_deg": 10.0,
    "mach": 0.3,
    "reynolds": 3000000.0
  },
  "vlm_results": {
    "CL": -0.010510736633659357,
    "CDi": 9.231548173633065e-05,
    "CM": 0.009738345517671197,
    "L_D": -113.85670567890098
  },
  "corrected_results": {
    "CL": -0.026159290729782764,
    "CDi": 0.00022975855516645742,
    "CM": 0.05229092397727434,
    "L_D": -113.85556768857055
  }
}