{
  "upper_weights": [
    0.2184215958516258,
    0.3546817067269043,
    0.34415736465999214,
    0.2688357689757775,
    0.22594868908996263,
    0.23961284633544988,
    0.3149461365782277,
    0.4463002871468741
  ],
  "lower_weights": [
    -0.15889623387859056,
    -0.08935978024916204,
    -0.08676021584491939,
    -0.05366833315839255,
    -0.045862575144719545,
    0.06282932973525761,
    0.1925183114189393,
    0.15264381121409049
  ],
  "leading_edge_weight": 0.5,
  "TE_thickness": 0.0,
  "name": "design"
}