{
  "upper_weights": [
    0.3105487198146952,
    0.3140912793775091,
    0.5999999999999999,
    0.5999999999999999,
    0.5999999999999999,
    0.23660840184585147,
    0.18384551161648227,
    0.09599014599483646
  ],
  "lower_weights": [
    -0.07994731652624956,
    0.03588343782852699,
    0.3,
    0.3,
    0.2575525828988547,
    0.3,
    0.3,
    0.3
  ],
  "leading_edge_weight": 0.29290633640048613,
  "TE_thickness": 0.0,
  "name": "iter_0183"
}