{
  "upper_weights": [
    0.360656770080658,
    0.40437299049002395,
    0.4016913272181302,
    0.30760406893631814,
    0.23846474212924362,
    0.11786812689417563,
    0.09556995470873281,
    0.08778300245133
  ],
  "lower_weights": [
    -0.06588965498173573,
    -0.07504522345701697,
    -0.06115989742753887,
    -0.02272581027731198,
    0.06095447339543709,
    0.04602091470507516,
    0.022257629526930257,
    -0.16615943677788222
  ],
  "leading_edge_weight": 0.32523549198883644,
  "TE_thickness": 0.00425600404116282,
  "name": "design"
}