{
  "upper_weights": [
    0.5894820596177528,
    0.5952772659193517,
    0.5988280686629202,
    0.4784959057251737,
    0.4588201646064258,
    0.4500988075587639,
    0.5117353099671427,
    0.5707244000189622
  ],
  "lower_weights": [
    -0.1483440380371649,
    -0.10736274464259576,
    -0.1697882249092719,
    -0.20144491771336762,
    -0.14537447918243732,
    -0.16329869037533498,
    -0.2154476808345467,
    -0.176771547812225
  ],
  "leading_edge_weight": -0.3938918540245916,
  "TE_thickness": 0.0011120298173807408,
  "name": "iter_00699"
}