{
  "design_name": "SweptVortexOptimizer_NACA2412",
  "design_params": {
    "le_sweep_deg": 73.47019725684802,
    "root_chord_in": 42.66618430639011,
    "twist_root_deg": -9.936740593194664,
    "twist_tip_deg": -4.594361263209042,
    "dihedral_deg": -4.831317938342708,
    "naca": {
      "m": 0,
      "p": 0,
      "t": 9,
      "chord_length": 1.0
    }
  },
  "sim_conditions": {
    "aoa_deg": 10.0,
    "mach": 0.3,
    "reynolds": 3000000.0
  },
  "vlm_results": {
    "CL": 0.05210650945393411,
    "CDi": 0.002708741716323937,
    "CM": -0.05527659438906452,
    "L_D": 19.236425953762925
  },
  "corrected_results": {
    "CL": -0.1255972919337981,
    "CDi": -0.005047774827141929,
    "CM": 0.17718667094608287,
    "L_D": 24.88171446524523
  }
}