{
  "SA": 35.105368378487924,
  "AR": 8.78200642790153,
  "TR": 0.32566733590714253,
  "kink": 0.3887362291023155,
  "rootadj": 0.9621642147401113,
  "DA_kink": 4.468124832193164,
  "DA_tip": 5.349738523143042,
  "t_root": 0.14925853797802457,
  "r_t2": 0.6680209384845368,
  "r_t3": 0.9216241551296389,
  "r_t4": 0.9924802283593904,
  "r_d1": 0.36808614630970865,
  "r_d2": 0.9346790242483571,
  "r_d4": 0.3894912261662519,
  "tw1": -2.147706564559492,
  "tw2": -3.332489855489256,
  "tw3": -1.2035906549933273,
  "tw4": -2.7444431452056848,
  "cst_upper": [
    0.33613319761902394,
    0.3467118985204555,
    0.35450326795084375,
    0.31214039778772135,
    0.33201729705182775,
    0.3136585376213765,
    0.33337249779389694,
    0.3431686650827191,
    0.3532321874833708,
    0.3333326073780951
  ],
  "cst_lower": [
    -0.11860936822320554,
    -0.11031254529245524,
    -0.0970631295973628,
    -0.12474759394996576,
    -0.10773321320733062,
    -0.14085672629273477,
    -0.1173255464317575,
    -0.13749283579037525,
    -0.11078675487493506,
    -0.09898468880879607
  ],
  "_score": 8.96228144560484
}