{
  "upper_weights": [
    0.5395742872497151,
    0.3563913355004759,
    0.22288428581832448,
    0.11450306540181049,
    0.002717527949052223,
    -0.03320274286391628,
    0.012597602345065906,
    0.23648357338870024
  ],
  "lower_weights": [
    -0.14972057176791814,
    -0.1386194866333642,
    -0.14240257916343504,
    -0.13298590114318065,
    -0.06760359463728224,
    -0.0899313788562345,
    -0.0190253094362014,
    -0.030338591883256383
  ],
  "leading_edge_weight": 0.23434461927611416,
  "TE_thickness": 0.004346771030183925,
  "name": "iter_00690"
}