{
  "upper_weights": [
    0.3038317945978765,
    0.2964583173456581,
    0.253544563920004,
    0.15878517528638517,
    0.12716240990376995,
    -0.014381922551788167,
    -0.06189512257446226,
    0.019428905113012086
  ],
  "lower_weights": [
    -0.097845740789242,
    -0.0571985377582063,
    -0.11172821403863925,
    -0.16987897952001868,
    -0.1269113225754841,
    -0.21842588708128904,
    -0.23398908095608195,
    -0.29968669743239434
  ],
  "leading_edge_weight": 0.30892778851463,
  "TE_thickness": 0.0001575723895092371,
  "name": "Reflexed_HighEfficiency_Refined"
}