{
  "design_name": "HighSweepMaxCamberWashout",
  "design_params": {
    "le_sweep_deg": 78.62086053401424,
    "root_chord_in": 29.263358558164025,
    "twist_root_deg": -10.0,
    "twist_tip_deg": -10.0,
    "dihedral_deg": -12.211165412011436,
    "naca": {
      "m": 4,
      "p": 4,
      "t": 8,
      "chord_length": 1.0
    }
  },
  "sim_conditions": {
    "aoa_deg": 10.0,
    "mach": 0.3,
    "reynolds": 3000000.0
  },
  "vlm_results": {
    "CL": -0.14485337831880832,
    "CDi": 0.02588726384558161,
    "CM": 0.04791863355916655,
    "L_D": -5.59554610262651
  },
  "corrected_results": {
    "CL": -0.021362322399157876,
    "CDi": 0.009467280396414141,
    "CM": 0.0039997748625469265,
    "L_D": -2.2564370658387958
  }
}