{
  "design_name": "Exploitation_MaxTwistGradient_4410",
  "design_params": {
    "le_sweep_deg": 64.35835061262406,
    "root_chord_in": 34.348910652756004,
    "twist_root_deg": -8.30218179876036,
    "twist_tip_deg": -1.0192169730330711,
    "dihedral_deg": -6.030718840726676,
    "naca": {
      "m": 4,
      "p": 4,
      "t": 10,
      "chord_length": 1.0
    }
  },
  "sim_conditions": {
    "aoa_deg": 10.0,
    "mach": 0.3,
    "reynolds": 3000000.0
  },
  "vlm_results": {
    "CL": 0.20820181655772912,
    "CDi": 0.02583535546149281,
    "CM": -0.2636405493358312,
    "L_D": 8.058794347461202
  },
  "corrected_results": {
    "CL": 0.05463701742024176,
    "CDi": 0.0017845497531950394,
    "CM": -0.04814159166555924,
    "L_D": 30.61669607273219
  }
}