{
  "design_name": "MidHighSweepCamberWashoutAnhedral",
  "design_params": {
    "le_sweep_deg": 68.79615535888593,
    "root_chord_in": 28.840925435238628,
    "twist_root_deg": -4.114944269494685,
    "twist_tip_deg": -6.552283243289576,
    "dihedral_deg": -4.89804403258301,
    "naca": {
      "m": 2,
      "p": 4,
      "t": 11,
      "chord_length": 1.0
    }
  },
  "sim_conditions": {
    "aoa_deg": 10.0,
    "mach": 0.3,
    "reynolds": 3000000.0
  },
  "vlm_results": {
    "CL": 0.300737496156689,
    "CDi": 0.022072347324471817,
    "CM": -0.3073182645973646,
    "L_D": 13.625079912695037
  },
  "corrected_results": {
    "CL": 0.1681025659077278,
    "CDi": 0.011739348991160673,
    "CM": -0.15046927082146264,
    "L_D": 14.319581608341592
  }
}