{
  "upper_weights": [
    -0.1310331127427498,
    0.15246865507353968,
    0.4726934389578478,
    0.5336792732006357,
    0.39602626328874707,
    -0.22504186954168587,
    0.07752166635011937,
    0.4858119185572602
  ],
  "lower_weights": [
    -0.24576192324771273,
    -0.06689782407325637,
    0.04567203785988194,
    -0.0701211159114919,
    0.20429614402707647,
    -0.10800705523745682,
    -0.2918523098426063,
    0.27094153346096056
  ],
  "leading_edge_weight": 0.3803891445270694,
  "TE_thickness": 0.0045261595649830014,
  "name": "design"
}