{
  "SA": 30.37369886447675,
  "AR": 9.209738275097639,
  "TR": 0.29952410018419207,
  "kink": 0.40669904504351406,
  "rootadj": 0.6657785883038303,
  "DA_kink": 2.153773859801081,
  "DA_tip": 5.148200889406714,
  "t_root": 0.16098315743322827,
  "r_t2": 0.6398369515946769,
  "r_t3": 0.938213104444361,
  "r_t4": 0.9601958425963892,
  "r_d1": 0.4845918072431467,
  "r_d2": 0.8040233694869883,
  "r_d4": 0.38387358018562917,
  "tw1": -2.860155852030991,
  "tw2": -3.2958307259340334,
  "tw3": -2.1458194334411367,
  "tw4": -1.7592062140574096,
  "cst_upper": [
    0.09488142836714666,
    0.08015384846554513,
    0.08009310823214799,
    0.07702978502669929,
    0.06887168013880833,
    0.0814066541930292,
    0.0986021479472984,
    0.10019347190055164,
    0.12678901335954634,
    0.10623860930514326
  ],
  "cst_lower": [
    -0.021504669618084147,
    -0.05510232872539922,
    -0.0565905810705678,
    -0.0587820362214669,
    -0.031539940843108544,
    -0.02018533052112255,
    -0.03862069335904823,
    -0.00524702716503285,
    0.0167315793544235,
    0.027209338016858584
  ],
  "_score": -0.032213380555561784
}