{
  "upper_weights": [
    0.2591426520306874,
    0.44317305028705695,
    0.4151903408626124,
    0.3255849238430908,
    0.28819409449349753,
    0.2002330148680297,
    0.15769314530181083,
    0.07919768270041419
  ],
  "lower_weights": [
    -0.13920017892001593,
    -0.1308584976227007,
    -0.1839444016254524,
    -0.03506112849928443,
    -0.005903522694711394,
    0.0070279772519092,
    -0.10982064808025332,
    -0.17222555156704109
  ],
  "leading_edge_weight": 0.05683652367541084,
  "TE_thickness": 0.0028372538882322556,
  "name": "design"
}