{
  "design_name": "HighSweep_LE_Camber_MaxWashout_Anhedral",
  "design_params": {
    "le_sweep_deg": 80.0,
    "root_chord_in": 27.461826790562505,
    "twist_root_deg": -10.0,
    "twist_tip_deg": -9.41064527822805,
    "dihedral_deg": -13.876292366743401,
    "naca": {
      "m": 2,
      "p": 0,
      "t": 6,
      "chord_length": 1.0
    }
  },
  "sim_conditions": {
    "aoa_deg": 10.0,
    "mach": 0.3,
    "reynolds": 3000000.0
  },
  "vlm_results": {
    "CL": -0.0032686563674563965,
    "CDi": 1.8572874817707154e-05,
    "CM": 0.002286629829089024,
    "L_D": -175.99086837865826
  },
  "corrected_results": {
    "CL": 0.05460033960316389,
    "CDi": -0.0002906507728131647,
    "CM": -0.04224748508606058,
    "L_D": -187.85547712361299
  }
}