{
  "upper_weights": [
    0.4625935286789942,
    0.40521198356601834,
    0.4061428927585386,
    0.28974349133479577,
    0.12831678105528055,
    0.05133519126667124,
    0.0036168597107706923,
    0.031547631203989124
  ],
  "lower_weights": [
    -0.2228279020108088,
    -0.2994883753667149,
    -0.2972716976905669,
    -0.21546063095734658,
    -0.13018930301910073,
    -0.14486029325201616,
    -0.15527160690093603,
    -0.23315866221755766
  ],
  "leading_edge_weight": -0.4973780550538111,
  "TE_thickness": 0.0023663572300948984,
  "name": "iter_00686"
}