{
  "design_name": "Extreme_Sweep_Min_Chord_Max_ThickCamber",
  "design_params": {
    "le_sweep_deg": 80.0,
    "root_chord_in": 10.0,
    "twist_root_deg": -10.0,
    "twist_tip_deg": -10.0,
    "dihedral_deg": -15.0,
    "naca": {
      "m": 2,
      "p": 4,
      "t": 24,
      "chord_length": 1.0
    }
  },
  "sim_conditions": {
    "aoa_deg": 10.0,
    "mach": 0.3,
    "reynolds": 3000000.0
  },
  "vlm_results": {
    "CL": -0.023155852922097077,
    "CDi": 0.004815657316371759,
    "CM": -0.008836248787837148,
    "L_D": -4.808451141939497
  },
  "corrected_results": {
    "CL": 0.10543303516736087,
    "CDi": 0.003390513752187574,
    "CM": -0.12846382024241432,
    "L_D": 31.09647766487749
  }
}