{
  "design_name": "Hybrid_OptimalBlend_01",
  "design_params": {
    "le_sweep_deg": 69.42924521937574,
    "root_chord_in": 30.974219693914247,
    "twist_root_deg": -5.2412806563079775,
    "twist_tip_deg": -10.0,
    "dihedral_deg": -12.087309051425006,
    "naca": {
      "m": 2,
      "p": 4,
      "t": 9,
      "chord_length": 1.0
    }
  },
  "sim_conditions": {
    "aoa_deg": 10.0,
    "mach": 0.3,
    "reynolds": 3000000.0
  },
  "vlm_results": {
    "CL": 0.19843964420761345,
    "CDi": 0.009780530249097544,
    "CM": -0.2102019268275658,
    "L_D": 20.289252131899865
  },
  "corrected_results": {
    "CL": 0.09709434640202558,
    "CDi": 0.002740969075984888,
    "CM": -0.07997389242174287,
    "L_D": 35.42336440521042
  }
}