{
  "upper_weights": [
    0.6,
    0.4644655039142587,
    0.2981930986959278,
    0.07377436994134266,
    0.05426376939984927,
    0.0690146751386265,
    0.021144033730861413,
    -0.03934251170388861
  ],
  "lower_weights": [
    -0.16615496595912913,
    -0.01177949575140353,
    0.015792009181063764,
    -0.046950136440991275,
    -0.03692780828677001,
    -0.09094201272368783,
    -0.0917445264369117,
    -0.16744592138039435
  ],
  "leading_edge_weight": -0.3254341618386808,
  "TE_thickness": 0.007036064972722821,
  "name": "design"
}