{
  "upper_weights": [
    0.1260598300315047,
    0.31957832294254535,
    0.2119593384711167,
    0.4344666431404327,
    0.14953663350926247,
    0.028276108013827697,
    0.13388015655404215,
    0.0005383860809393166
  ],
  "lower_weights": [
    0.08597437822929743,
    0.017784220127378646,
    0.011907637650399115,
    -0.1459693092670254,
    -0.07606817325961598,
    -0.038629438491868666,
    -0.0012958217264674647,
    -0.05787519425318717
  ],
  "leading_edge_weight": 0.3156447745502957,
  "TE_thickness": 0.0034970714579046934,
  "name": "AftCamberReflex_001"
}