{
  "upper_weights": [
    0.21290341678867614,
    0.21290341678867614,
    0.21290341678867614,
    0.21290341678867614,
    0.21290341678867614,
    0.21290341678867614,
    0.21290341678867614,
    0.21290341678867614
  ],
  "lower_weights": [
    -0.2524094189111205,
    -0.2524094189111205,
    -0.2524094189111205,
    -0.2524094189111205,
    -0.2524094189111205,
    -0.2524094189111205,
    -0.2524094189111205,
    -0.2524094189111205
  ],
  "leading_edge_weight": 0.44950405698264984,
  "TE_thickness": 0.005539577880595566,
  "_score": 0.5546175810069954
}