{
  "design_name": "HighSweep_Cambered_StrongWashout",
  "design_params": {
    "le_sweep_deg": 76.40052290530944,
    "root_chord_in": 25.734,
    "twist_root_deg": 0.0,
    "twist_tip_deg": 0.0,
    "dihedral_deg": 0.0,
    "naca": {
      "m": 2,
      "p": 4,
      "t": 8,
      "chord_length": 1.0
    }
  },
  "sim_conditions": {
    "aoa_deg": 0.0,
    "mach": 0.3,
    "reynolds": 3000000.0
  },
  "vlm_results": {
    "CL": 0.05534735871258104,
    "CDi": 0.0026774199437084043,
    "CM": -0.07620998952298626,
    "L_D": 20.671900514762463
  },
  "corrected_results": {
    "CL": 0.028986568369938154,
    "CDi": 0.0011824554868731206,
    "CM": -0.03696257327996399,
    "L_D": 24.513877005712995
  }
}