{
  "name": "design",
  "mach": 0.82,
  "aoa": 3.0,
  "SA": 40.0,
  "AR": 9.610745985639081,
  "TR": 0.4,
  "kink": 0.3672324511600418,
  "rootadj": 0.5502643024522322,
  "DA_kink": 2.4867771172855955,
  "DA_tip": 4.39614079454298,
  "t_root": 0.14079059443711356,
  "r_t2": 0.6922421036637038,
  "r_t3": 0.98,
  "r_t4": 0.92,
  "r_d1": 0.8,
  "r_d2": 0.9177010546826153,
  "r_d4": 0.4013448847350512,
  "tw1": -2.0,
  "tw2": -4.0,
  "tw3": -1.5573998135058773,
  "tw4": -1.1421957171862689,
  "cst_upper": [
    0.2981327303309278,
    0.3623586885601921,
    0.23622377751980722,
    0.45681487224643347,
    -0.17637572371068394,
    0.4844650240329077,
    0.6,
    0.02988197048085521,
    0.6,
    0.3007864577758712
  ],
  "cst_lower": [
    0.04750908946816317,
    -0.17321935403050354,
    -0.11616429909763318,
    0.2057028808698896,
    -0.2708938767581687,
    0.2120365812116156,
    -0.3,
    0.18881177037319696,
    -0.3,
    -0.03722807149304928
  ]
}