{
  "upper_weights": [
    0.45483926987160156,
    0.5078837961294733,
    0.5985468339549236,
    0.5784743321691885,
    0.563496902453533,
    0.583004558858436,
    0.5395967385079492,
    0.3244034387129013
  ],
  "lower_weights": [
    -0.296237375689069,
    -0.155606130293485,
    -0.08136804135595596,
    -0.02976738560746267,
    -0.07817924897591813,
    -0.013093214917845375,
    0.05279911663964626,
    0.05647119515974108
  ],
  "leading_edge_weight": 0.48157969721914773,
  "TE_thickness": 2.721747854752452e-05,
  "name": "iter_00626"
}