{
  "upper_weights": [
    0.2358670881084525,
    0.2381550577294826,
    0.354900838269683,
    0.3518752366347987,
    0.2570724577416584,
    0.07847156137474139,
    -0.09418688105207837,
    -0.17334636496592407
  ],
  "lower_weights": [
    -0.0600691098016684,
    -0.06688208590958364,
    -0.03269680096301507,
    -0.14599301084798677,
    -0.20140545638817567,
    -0.2910715389480074,
    -0.29411898868897507,
    -0.3
  ],
  "leading_edge_weight": 0.13752134573248406,
  "TE_thickness": 0.0,
  "name": "ReflexOpt_CamberRefined"
}