{
  "upper_weights": [
    0.43384570755618185,
    0.44852719937948776,
    0.46708894698737985,
    0.23754794939244356,
    0.08188965108153207,
    0.025356955336848785,
    -0.05914638665728811,
    -0.12045815252581366
  ],
  "lower_weights": [
    -0.07091381410795125,
    -0.0407901523943594,
    -0.02109331084204058,
    -0.07067453501805779,
    -0.06579556980838891,
    -0.09854931172881676,
    -0.20467382468769285,
    -0.3
  ],
  "leading_edge_weight": -0.05848187158787338,
  "TE_thickness": 0.005602198818538248,
  "name": "design"
}