{
  "upper_weights": [
    0.21081006592820256,
    0.2787855494136134,
    0.27031620180084787,
    0.15857519045600987,
    0.03623645967647238,
    -0.1017747858244549,
    -0.1399183490950128,
    -0.14727135521323326
  ],
  "lower_weights": [
    -0.2434352537733293,
    -0.11849379249036487,
    -0.030775127307601235,
    0.038734190943840785,
    -0.009282481845503066,
    -0.1589746153064565,
    -0.29326843359880383,
    -0.3
  ],
  "leading_edge_weight": 0.5,
  "TE_thickness": 0.01,
  "name": "iter_0365"
}