{
  "upper_weights": [
    0.24823411568230697,
    0.14156691164265667,
    0.2333251294613996,
    0.12028663882354738,
    -0.1595985750258095,
    0.14371804491137585,
    0.24182718730997926,
    0.31195239950994175
  ],
  "lower_weights": [
    -0.0951059527666077,
    0.04219722874375422,
    0.0773842326199383,
    0.035503878643981975,
    0.23676438589018362,
    -0.009883635564163148,
    -0.15603961504021624,
    0.05104600008545953
  ],
  "leading_edge_weight": 0.02748444743361381,
  "TE_thickness": 0.0044223977776046055,
  "_score": 98.75644029608742
}