{
  "upper_weights": [
    -0.3,
    0.31033463070360384,
    0.2756456241900153,
    0.06479356542645426,
    0.21260982112354126,
    0.4184627175273217,
    0.4053360900438531,
    0.066646292315937
  ],
  "lower_weights": [
    -0.1044346366057512,
    -0.2231576056154323,
    -0.021359847162018386,
    -0.22361265710948963,
    0.06072772442886132,
    0.22405223395546542,
    0.3,
    0.01897166481882373
  ],
  "leading_edge_weight": 0.4167633323695683,
  "TE_thickness": 0.0030070820713122377,
  "name": "iter_0052"
}