{
  "upper_weights": [
    -0.28174434309346796,
    0.2732239127969515,
    -0.292318098196478,
    0.18019756956092436,
    -0.20749902444918977,
    0.056825500384563354,
    -0.2998696101010057,
    0.43730060194713233
  ],
  "lower_weights": [
    0.29915492143464234,
    0.22571745578043284,
    0.1231108184632389,
    0.2996863856901522,
    0.2958259203335745,
    0.2577177107997907,
    0.23258108696714214,
    -0.10945619024048056
  ],
  "leading_edge_weight": 0.027094835720044674,
  "TE_thickness": 0.004314150925336669,
  "name": "iter_00696"
}