{
  "upper_weights": [
    0.45852893406224865,
    0.3635584251135083,
    0.26401453438707295,
    0.14518159222530497,
    -0.001360709771766111,
    -0.002234646932955775,
    0.0919509641940911,
    0.38534852373032275
  ],
  "lower_weights": [
    -0.3,
    -0.1493569545074638,
    -0.07696639441296504,
    -0.05030162588803755,
    -0.09094721302947531,
    -0.1205406074337976,
    -0.12925400398452025,
    -0.13720079706147992
  ],
  "leading_edge_weight": 0.5,
  "TE_thickness": 0.01,
  "name": "iter_0268"
}