{
  "SA": 27.395797231737294,
  "AR": 10.604255934726481,
  "TR": 0.33105658249966086,
  "kink": 0.3941149387888942,
  "rootadj": 0.43041708604155826,
  "DA_kink": 2.2714973247883696,
  "DA_tip": 5.096554471097489,
  "t_root": 0.16127128124512813,
  "r_t2": 0.6320692700065136,
  "r_t3": 0.9245497906985627,
  "r_t4": 0.9820500245405875,
  "r_d1": 0.44003828458341887,
  "r_d2": 0.6223929777919455,
  "r_d4": 0.6069973151926428,
  "tw1": -2.7364447438182014,
  "tw2": -3.922848609432632,
  "tw3": -2.909861389929314,
  "tw4": -1.635269908849461,
  "cst_upper": [
    0.32288748537559714,
    0.5076189512686025,
    0.19260709335401854,
    0.2599562206052835,
    0.24713532347248263,
    0.5287547188124573,
    -0.011513556890124399,
    0.4888092769380819,
    0.4634357251943258,
    0.4965798848630674
  ],
  "cst_lower": [
    0.023533384591038375,
    -0.0035539973594576058,
    -0.28128943263993667,
    -0.28283280361855917,
    -0.19988404833906648,
    -0.2906552586056063,
    0.011800081126311701,
    0.05673252031400783,
    -0.2857810872523366,
    -0.1376944978812602
  ],
  "_score": -0.052706362458296976
}