{
  "upper_weights": [
    0.5999999999999999,
    0.5384255558114881,
    0.4075149698329383,
    0.3081065887655586,
    0.2874329948271906,
    0.18609952875531977,
    0.061859266286082404,
    -0.10677195928044808
  ],
  "lower_weights": [
    -0.1814400113523551,
    0.0019151066120172144,
    0.09684514648415249,
    -0.0035876293774570467,
    -0.17952498322203758,
    -0.3,
    -0.3,
    -0.3
  ],
  "leading_edge_weight": 0.5,
  "TE_thickness": 0.006655390039237345,
  "name": "iter_0315"
}