{
  "upper_weights": [
    0.3421969149420002,
    0.3621270429,
    0.33063868197574514,
    0.21329315247605518,
    0.03474929711017061,
    0.014181392877929008,
    -0.06781645011185161,
    -0.14665793290698292
  ],
  "lower_weights": [
    -0.09500343696543917,
    -0.06972451407142241,
    -0.04792944055032759,
    -0.09488106963050977,
    -0.07378552797905931,
    -0.08066177589317386,
    -0.19331615598968688,
    -0.3
  ],
  "leading_edge_weight": -0.08109359575992103,
  "TE_thickness": 0.008911184484735588,
  "name": "design"
}