{
  "upper_weights": [
    0.17950348164368207,
    0.3451200311289355,
    0.5537920035233082,
    0.40533785752464346,
    0.22012099242501382,
    0.1129413267902783,
    0.5438733387911704,
    0.04854890739357786
  ],
  "lower_weights": [
    0.11307473196466959,
    0.1521423617493101,
    0.02986190062796043,
    -0.15603985530275477,
    0.11559658387481846,
    -0.04455080226319356,
    -0.09588072244862422,
    -0.17260913013550266
  ],
  "leading_edge_weight": 0.06472737047333019,
  "TE_thickness": 0.009119229766551476,
  "name": "Reflexed_MidTE_SmootherUpper"
}