{
  "design_name": "HybridCamberedWashout",
  "design_params": {
    "le_sweep_deg": 48.190549937617845,
    "root_chord_in": 25.734,
    "twist_root_deg": 0.0,
    "twist_tip_deg": 0.0,
    "dihedral_deg": 0.0,
    "naca": {
      "m": 2,
      "p": 4,
      "t": 14,
      "chord_length": 1.0
    }
  },
  "sim_conditions": {
    "aoa_deg": 0.0,
    "mach": 0.3,
    "reynolds": 3000000.0
  },
  "vlm_results": {
    "CL": 0.12909156891681478,
    "CDi": 0.003355364034712996,
    "CM": -0.1537208846734304,
    "L_D": 38.47319324558974
  },
  "corrected_results": {
    "CL": 0.08708738199624969,
    "CDi": 0.001921300924043682,
    "CM": -0.10437060671752767,
    "L_D": 45.32729928269669
  }
}