{
  "upper_weights": [
    0.48873086382540193,
    -0.01678990728136992,
    0.289894798765392,
    0.05606871095459781,
    0.523092830766489,
    0.1129666673286589,
    -0.0616078501517528,
    -0.0780352430754149
  ],
  "lower_weights": [
    0.03682088049789045,
    -0.14235503488623882,
    0.050751594134124334,
    0.23869373016148615,
    -0.06035969691576165,
    -0.16840754450563,
    0.29852256389706616,
    0.005715776205878709
  ],
  "leading_edge_weight": -0.4090905878262061,
  "TE_thickness": 0.0004711637542473457,
  "_score": 65.49793153835697
}