{
  "design_name": "LowSweep_ThinCamberedWashout",
  "design_params": {
    "le_sweep_deg": 55.64399418785922,
    "root_chord_in": 25.734,
    "twist_root_deg": 0.0,
    "twist_tip_deg": 0.0,
    "dihedral_deg": 0.0,
    "naca": {
      "m": 2,
      "p": 4,
      "t": 8,
      "chord_length": 1.0
    }
  },
  "sim_conditions": {
    "aoa_deg": 0.0,
    "mach": 0.3,
    "reynolds": 3000000.0
  },
  "vlm_results": {
    "CL": 0.11383220813641486,
    "CDi": 0.003423779677702788,
    "CM": -0.13892263115914905,
    "L_D": 33.24752725116689
  },
  "corrected_results": {
    "CL": 0.0702677481453851,
    "CDi": 0.0018544252276698268,
    "CM": -0.0860158189271967,
    "L_D": 37.891928505351416
  }
}