{
  "upper_weights": [
    0.5306666811383071,
    0.42894157187529613,
    0.3043393384110793,
    0.2271940178087623,
    0.20842935956962977,
    0.14342072947670179,
    0.009454898719463447,
    -0.10848839209967555
  ],
  "lower_weights": [
    -0.11837010017483428,
    -0.05919791238796286,
    -0.005106223687903663,
    -0.08807570598842981,
    -0.18978054407509265,
    -0.13761640131722958,
    -0.1705598616747591,
    -0.26335750315347295
  ],
  "leading_edge_weight": 0.09335330250061707,
  "TE_thickness": 0.009730420018951965,
  "name": "ReflexWing_Evo04"
}