{
  "upper_weights": [
    0.40616522397580873,
    0.3145458402437989,
    0.2662725211545324,
    0.20229385135647351,
    0.11267060279644292,
    0.12784147826690934,
    0.018342387626667882,
    -0.04049910653493955
  ],
  "lower_weights": [
    -0.13708763760043174,
    -0.14859508203184296,
    -0.12916142695322166,
    -0.07362363398568844,
    0.04963151844720946,
    -0.014198908730715554,
    -0.08295867809489217,
    -0.1843979669399185
  ],
  "leading_edge_weight": 0.22601109034964467,
  "TE_thickness": 0.00386500835859952,
  "name": "design"
}