{
  "design_name": "Hybrid_Camber_Sweep_Delta_V1",
  "design_params": {
    "le_sweep_deg": 65.48300256458288,
    "root_chord_in": 42.407095985975424,
    "twist_root_deg": -9.377140030260358,
    "twist_tip_deg": -8.896087786738963,
    "dihedral_deg": 0.08810900983125602,
    "naca": {
      "m": 4,
      "p": 4,
      "t": 12,
      "chord_length": 1.0
    }
  },
  "sim_conditions": {
    "aoa_deg": 10.0,
    "mach": 0.3,
    "reynolds": 3000000.0
  },
  "vlm_results": {
    "CL": 0.15398144427695604,
    "CDi": 0.0174229047105501,
    "CM": -0.21706550406741917,
    "L_D": 8.837874443732426
  },
  "corrected_results": {
    "CL": -0.10003542127797077,
    "CDi": -0.004278149539062995,
    "CM": 0.1208021816463977,
    "L_D": 23.382871581408217
  }
}