{
  "upper_weights": [
    0.18435701641270913,
    0.2910350137481102,
    0.3691992134656565,
    0.377298277054102,
    0.29722284087537004,
    0.2995253270364835,
    0.2549552600363932,
    0.29147448760439476
  ],
  "lower_weights": [
    -0.3,
    -0.11578396963221854,
    -0.056949678686620306,
    0.02072187274855708,
    -0.016072899625013036,
    0.04479805210157485,
    0.1022902441200367,
    0.04887760324736483
  ],
  "leading_edge_weight": 0.38896551679490343,
  "TE_thickness": 0.004514492604148502,
  "name": "design"
}