{
  "upper_weights": [
    0.34453995518273633,
    0.41281460603666037,
    0.5329423378340847,
    0.5628518061856262,
    0.4615782921951294,
    0.2617470257567536,
    0.17211757053254617,
    0.21757816042461303
  ],
  "lower_weights": [
    -0.07769227236473439,
    0.05105131754297937,
    0.0630618024425767,
    0.042929269764510836,
    -0.014037233762609902,
    -0.027939691972000635,
    0.00937053734594373,
    0.11229272292936066
  ],
  "leading_edge_weight": 0.11624398684789494,
  "TE_thickness": 0.0028300958006365006,
  "name": "design"
}