{
  "upper_weights": [
    0.30333021147982425,
    0.26929234959568144,
    0.30685863712265354,
    0.2798892857213788,
    0.14345394339973444,
    0.13230177200461002,
    0.26313589472466586,
    0.46546740112696533
  ],
  "lower_weights": [
    -0.3,
    -0.22774468613768004,
    -0.1722183669185408,
    -0.13550843103840715,
    -0.05413009822553558,
    -0.03605022306821681,
    0.06733825712160951,
    0.3
  ],
  "leading_edge_weight": 0.28539144046308995,
  "TE_thickness": 0.002485222105329912,
  "name": "iter_0229"
}