{
  "upper_weights": [
    0.3437937381795097,
    0.3336036840831389,
    0.1921978181930402,
    0.12854541672183692,
    -0.0005250265988415952,
    -0.06174602970903377,
    -0.05138046262684559,
    -0.06460664549263931
  ],
  "lower_weights": [
    -0.20392705657212465,
    -0.15761463006678197,
    -0.20382355574592187,
    -0.18909690524124131,
    -0.2400128605524336,
    -0.21311720445197596,
    -0.1594213037957984,
    -0.17577261826011809
  ],
  "leading_edge_weight": -0.00023374586676870568,
  "TE_thickness": 0.004910818659806985,
  "name": "FirstPrinciplesCamber"
}