{
  "upper_weights": [
    0.5395429617391825,
    0.4637802069381121,
    0.3861000791724208,
    0.17503979433243638,
    0.02878648264955741,
    -0.06808721392187025,
    -0.10520930411715831,
    -0.051174879878594426
  ],
  "lower_weights": [
    -0.26007159984970124,
    -0.17267710989052665,
    -0.08411533156978687,
    -0.07163142543965345,
    -0.08613567559439858,
    -0.10487155453034086,
    -0.12235495607904107,
    -0.21417981608960696
  ],
  "leading_edge_weight": 0.5,
  "TE_thickness": 0.01,
  "name": "iter_0159"
}