{
  "name": "iter_0154",
  "mach": 0.82,
  "aoa": 3.0,
  "SA": 40.0,
  "AR": 9.346933861900624,
  "TR": 0.3650585848724399,
  "kink": 0.3810668357220961,
  "rootadj": 1.1,
  "DA_kink": 1.8758858706797197,
  "DA_tip": 4.606456863184758,
  "t_root": 0.14544094660572174,
  "r_t2": 0.6650911326413735,
  "r_t3": 0.9755925428701231,
  "r_t4": 0.991393804763079,
  "r_d1": 0.8,
  "r_d2": 0.8752313625128714,
  "r_d4": 0.2644191400875267,
  "tw1": -2.0,
  "tw2": -2.0,
  "tw3": -1.047080077110221,
  "tw4": -3.0,
  "cst_upper": [
    0.2988890435298162,
    0.031691609608928584,
    0.5999999999999999,
    0.5045029618290928,
    -0.0342560015344614,
    0.5999999999999999,
    0.4582186300191938,
    0.34593792832988873,
    0.04549923227176017,
    0.4979441951407522
  ],
  "cst_lower": [
    -0.14067035752586385,
    -0.2088442219409536,
    -0.3,
    -0.1905244327587794,
    0.2680998744002198,
    -0.3,
    0.18088827167138144,
    -0.0925569756890097,
    0.09879927020495982,
    0.3
  ]
}