{
  "upper_weights": [
    0.3008939668262197,
    0.3253884453315842,
    0.2907056297791194,
    0.3595394078687546,
    0.4908497153047965,
    0.00882619996226993,
    0.4144519341500486,
    0.4895304402617084
  ],
  "lower_weights": [
    0.08946267771947192,
    0.2800503838369005,
    0.2370309493156154,
    0.01999400430543522,
    0.14331064646802721,
    -0.11910370326239654,
    0.07318298909640672,
    0.3
  ],
  "leading_edge_weight": 0.2302460418406839,
  "TE_thickness": 0.007662422151030083,
  "name": "design"
}