{
  "upper_weights": [
    0.4457173608323545,
    0.289966778757896,
    0.1443394653991616,
    0.04828668465336976,
    0.05762197388455854,
    0.10121631187724489,
    0.2000605527986533,
    0.30560684545526523
  ],
  "lower_weights": [
    -0.1037940216302481,
    -0.11745443396585939,
    -0.19887714006542176,
    -0.09301567956446674,
    -0.030206632129551096,
    -0.01630855917400635,
    -0.11810439326463995,
    -0.2827706509853116
  ],
  "leading_edge_weight": -0.03900174994227021,
  "TE_thickness": 0.003987379372519663,
  "name": "design"
}