{
  "upper_weights": [
    0.4322243209300872,
    0.4426871672766105,
    0.39778342906554337,
    0.21194834822339456,
    0.10588142270603458,
    0.12033987217375904,
    0.10002343702195093,
    0.07064955068910406
  ],
  "lower_weights": [
    -0.14779612694387004,
    -0.024445219106538036,
    -0.06669963076519625,
    -0.17951428042305712,
    -0.18481543499392541,
    -0.202364836625252,
    -0.2565001275211815,
    -0.3
  ],
  "leading_edge_weight": 0.1063092192186927,
  "TE_thickness": 0.0019107934261277783,
  "name": "ReflexWing_EnhancedReflexAft"
}