{
  "design_name": "LowSweep_TipWashout_NACA2410",
  "design_params": {
    "le_sweep_deg": 51.26137222174163,
    "root_chord_in": 30.766785576480377,
    "twist_root_deg": -7.490817287205348,
    "twist_tip_deg": -10.0,
    "dihedral_deg": 5.2176982042805085,
    "naca": {
      "m": 0,
      "p": 0,
      "t": 10,
      "chord_length": 1.0
    }
  },
  "sim_conditions": {
    "aoa_deg": 10.0,
    "mach": 0.3,
    "reynolds": 3000000.0
  },
  "vlm_results": {
    "CL": 0.08958186472534363,
    "CDi": 0.002400550919315948,
    "CM": -0.07165392524989389,
    "L_D": 37.317210813787085
  },
  "corrected_results": {
    "CL": 0.06185587709589543,
    "CDi": 0.0018583859848423816,
    "CM": -0.03893315984746674,
    "L_D": 33.28473072892966
  }
}