{
  "upper_weights": [
    0.42839778604905826,
    0.4477515592811266,
    0.5450140625727169,
    0.5846340495810287,
    0.5035794771667321,
    0.2822047358162992,
    0.14543921722123226,
    0.15954833534297985
  ],
  "lower_weights": [
    -0.07160084790654012,
    0.043576592259838065,
    0.048796948438939725,
    0.013335930438293397,
    0.02813101888664754,
    0.07006174456544867,
    0.06387899702095362,
    0.05796521983826536
  ],
  "leading_edge_weight": -0.13180252565862094,
  "TE_thickness": 0.005164826591720877,
  "name": "design"
}