{
  "upper_weights": [
    0.3559808811031843,
    0.4082361644673311,
    0.4028563135749578,
    0.27095715408560866,
    0.06323956896597699,
    -0.058205396586825525,
    -0.060510480272664036,
    -0.012176448737139689
  ],
  "lower_weights": [
    -0.2206975936663801,
    -0.09913723029195617,
    -0.0012938328991249914,
    0.06073926444128763,
    0.03502560838204671,
    -0.028901402983568414,
    -0.18573758643479849,
    -0.3
  ],
  "leading_edge_weight": 0.05801498321881082,
  "TE_thickness": 0.01,
  "name": "iter_0199"
}