{
  "upper_weights": [
    0.550175777606316,
    0.45557292010380523,
    0.4828272820341126,
    0.3299861057620516,
    0.2822081316869336,
    0.16476526192339355,
    0.14258653768190205,
    0.06455442667445913
  ],
  "lower_weights": [
    -0.06819797794361425,
    -0.021683034414299137,
    -0.043567034086747426,
    -0.06773072796290315,
    -0.09577130394841216,
    -0.20655289247493908,
    -0.26820880225967575,
    -0.26215906824439783
  ],
  "leading_edge_weight": -0.30957139762063185,
  "TE_thickness": 0.00787891129608437,
  "name": "design"
}