{
  "upper_weights": [
    0.41801465256526366,
    0.40197811606094264,
    0.34615866472559326,
    0.2163946218718082,
    0.040731516894974784,
    -0.018960506563446056,
    -0.11399320770713522,
    -0.12882053690517323
  ],
  "lower_weights": [
    -0.14933786071304925,
    -0.052212722409732154,
    -0.0724705914383228,
    -0.15783640203615365,
    -0.11322253636764981,
    -0.0737193421279222,
    -0.18055168127864674,
    -0.2677502326018949
  ],
  "leading_edge_weight": 0.3035391440555343,
  "TE_thickness": 0.004836518076927429,
  "name": "design"
}