{
  "upper_weights": [
    0.379903388428631,
    0.33876827986449193,
    0.5999999999999999,
    0.5999999999999999,
    0.5486444807933619,
    -0.012901040510001516,
    0.04075730340635836,
    0.417937665778294
  ],
  "lower_weights": [
    -0.09881134224672045,
    0.04849625482438641,
    0.10671372202994345,
    0.1199537209103993,
    0.14064971115699165,
    0.15229022475309456,
    0.13950846897593383,
    0.3
  ],
  "leading_edge_weight": 0.34119389413830337,
  "TE_thickness": 0.0008289554459816842,
  "name": "design"
}