{
  "name": "design",
  "mach": 0.82,
  "aoa": 3.0,
  "SA": 40.0,
  "AR": 9.570136404639463,
  "TR": 0.30954826862279655,
  "kink": 0.414995108631065,
  "rootadj": 0.8940331327881056,
  "DA_kink": 2.6878865962916865,
  "DA_tip": 4.19389599436626,
  "t_root": 0.1442510134608325,
  "r_t2": 0.7,
  "r_t3": 0.958600751876069,
  "r_t4": 0.9585286837972194,
  "r_d1": 0.692928059887696,
  "r_d2": 0.7232316944671296,
  "r_d4": 0.4111208600170978,
  "tw1": -2.0006236383773532,
  "tw2": -2.0,
  "tw3": -1.314918500340921,
  "tw4": -1.0429096248738041,
  "cst_upper": [
    -0.2023655007809407,
    0.6,
    0.1119212274458396,
    0.599076711684152,
    -0.024625790994586706,
    0.6,
    0.2360942137608425,
    0.4321011779624542,
    0.29874435020372625,
    0.6
  ],
  "cst_lower": [
    -0.2107118870888854,
    -0.11182999715712184,
    -0.059739872821521225,
    -0.3,
    0.20831722005355835,
    -0.10893079592005495,
    -0.014729423768936354,
    0.03253039694320317,
    0.24652760106095647,
    0.3
  ]
}