{
  "upper_weights": [
    0.2916564337818632,
    0.32759105629657986,
    0.34683684085000227,
    0.22170168251246308,
    0.12942355807405048,
    0.11617335243526994,
    0.11526310407041007,
    0.28493598112654833
  ],
  "lower_weights": [
    -0.18417328975445715,
    -0.12378161514495592,
    -0.13790255471563803,
    -0.138729956163072,
    -0.09036678641345589,
    -0.11016344722549162,
    -0.002457840595697758,
    0.026574028993785193
  ],
  "leading_edge_weight": 0.38512226525011106,
  "TE_thickness": 0.004942368373819278,
  "name": "design"
}