{
  "upper_weights": [
    0.3961313121644205,
    0.2950466892706874,
    0.27800002927396844,
    0.26390972445392225,
    0.08544291119193054,
    0.0270076381581476,
    0.0865692449844943,
    0.24581754024516994
  ],
  "lower_weights": [
    -0.10147403558236003,
    -0.0844698890561166,
    -0.0784488614527095,
    -0.10480754928331248,
    -0.1040243736668074,
    -0.0520140637612267,
    0.0020112798560664377,
    0.07103904843115073
  ],
  "leading_edge_weight": -0.10181654232450005,
  "TE_thickness": 0.0032052754865946192,
  "name": "design"
}