{
  "design_name": "LowSweep_HighCamber_StrongWashout",
  "design_params": {
    "le_sweep_deg": 58.04746332998238,
    "root_chord_in": 21.698236340515884,
    "twist_root_deg": -2.6638379629019227,
    "twist_tip_deg": -8.88118152635325,
    "dihedral_deg": -8.799267719689183,
    "naca": {
      "m": 4,
      "p": 0,
      "t": 7,
      "chord_length": 1.0
    }
  },
  "sim_conditions": {
    "aoa_deg": 10.0,
    "mach": 0.3,
    "reynolds": 3000000.0
  },
  "vlm_results": {
    "CL": 0.31153713397774874,
    "CDi": 0.0270822555304983,
    "CM": -0.26664197363537895,
    "L_D": 11.50336734792697
  },
  "corrected_results": {
    "CL": 0.23590718078379658,
    "CDi": 0.021463233936084184,
    "CM": -0.20666679894136106,
    "L_D": 10.991222547650999
  }
}