{
  "design_name": "AggressiveTwistThinCamber",
  "design_params": {
    "le_sweep_deg": 53.055624722589315,
    "root_chord_in": 25.734,
    "twist_root_deg": 0.0,
    "twist_tip_deg": 0.0,
    "dihedral_deg": 0.0,
    "naca": {
      "m": 2,
      "p": 4,
      "t": 7,
      "chord_length": 1.0
    }
  },
  "sim_conditions": {
    "aoa_deg": 0.0,
    "mach": 0.3,
    "reynolds": 3000000.0
  },
  "vlm_results": {
    "CL": 0.11947379701176818,
    "CDi": 0.003443713848468489,
    "CM": -0.14451451233058768,
    "L_D": 34.69329981203326
  },
  "corrected_results": {
    "CL": 0.07675129085422089,
    "CDi": 0.0019349594552732102,
    "CM": -0.09339929005988036,
    "L_D": 39.66558092215108
  }
}