{
  "design_name": "ExtremeSweep_AggressiveWashout_MaxChord_NACA0006",
  "design_params": {
    "le_sweep_deg": 77.22958514239689,
    "root_chord_in": 46.32615464102769,
    "twist_root_deg": -9.223418369135508,
    "twist_tip_deg": -10.0,
    "dihedral_deg": -15.0,
    "naca": {
      "m": 0,
      "p": 0,
      "t": 6,
      "chord_length": 1.0
    }
  },
  "sim_conditions": {
    "aoa_deg": 10.0,
    "mach": 0.3,
    "reynolds": 3000000.0
  },
  "vlm_results": {
    "CL": 0.0038813208219903054,
    "CDi": 1.3758397893781743e-05,
    "CM": -0.0025240125410038133,
    "L_D": 282.1055803121169
  },
  "corrected_results": {
    "CL": -0.18861865755855597,
    "CDi": 0.00012769404788429037,
    "CM": 0.2514851099620722,
    "L_D": -1477.1139350948627
  }
}