{
  "upper_weights": [
    0.2828601501940415,
    0.22176061490670423,
    0.22890853023763574,
    0.3402344462840107,
    0.3103510328677472,
    0.1934429610035805,
    0.1520281652948402,
    0.1403910186835005
  ],
  "lower_weights": [
    -0.12564992009586853,
    -0.09855207822584303,
    -0.12462824738004388,
    -0.23009521551897938,
    -0.3,
    -0.3,
    -0.3,
    -0.3
  ],
  "leading_edge_weight": 0.5,
  "TE_thickness": 0.0,
  "name": "iter_0294"
}