{
  "upper_weights": [
    0.5993637871570334,
    0.5272369769382785,
    0.3801276213167651,
    0.126560999522997,
    -0.07904211578353601,
    -0.11475983300300041,
    -0.11452373123478565,
    -0.01219396299489911
  ],
  "lower_weights": [
    -0.28821048700266333,
    -0.16305719551486988,
    -0.019165254256124586,
    0.039905202071084556,
    0.015948006895107447,
    -0.07155937556108788,
    -0.2135869067083664,
    -0.20763893763136076
  ],
  "leading_edge_weight": 0.12463290718240405,
  "TE_thickness": 0.004070030882680728,
  "name": "iter_00674"
}