{
  "upper_weights": [
    0.32205857640988494,
    0.3171200915685326,
    0.2751221994531011,
    0.19096838783097358,
    0.1324389665329196,
    0.1173679283677169,
    0.055651825370485304,
    0.04140298178733523
  ],
  "lower_weights": [
    -0.279875995482887,
    -0.25096744516100716,
    -0.19139387426185217,
    -0.13352926020831332,
    -0.07574019830570969,
    -0.03721336120956202,
    -0.0626354182383595,
    -0.14074604460869874
  ],
  "leading_edge_weight": 0.174608177465088,
  "TE_thickness": 0.0,
  "name": "HPA_Exploit_Cusp_LE_Refine"
}