{
  "upper_weights": [
    0.2331624957813977,
    0.23560172259802878,
    0.20822833724003,
    0.1105685085585363,
    -0.018053330702041678,
    -0.076157909868605,
    -0.030405755726403576,
    -0.07307223645415864
  ],
  "lower_weights": [
    -0.05010288323848423,
    -0.08446481091877583,
    -0.11133786518083837,
    -0.1768338455706683,
    -0.20266606400947085,
    -0.18969293150873656,
    -0.28862822441229774,
    -0.2816742355536599
  ],
  "leading_edge_weight": -0.11968214879014834,
  "TE_thickness": 0.0015292986849507527,
  "name": "Reflexed Camber Refinement"
}