{
  "upper_weights": [
    0.22328689101240887,
    0.3362605918319585,
    0.2970819582922319,
    0.3154236934059155,
    0.23126583362938938,
    0.15475192826822665,
    0.22279475762061532,
    0.3418308785238832
  ],
  "lower_weights": [
    -0.08828328557410497,
    -0.006300939829698399,
    -0.018690965559083134,
    -0.059418163637789956,
    -0.08226091164091276,
    -0.15044480844102578,
    -0.20201506721331794,
    -0.12533284843648754
  ],
  "leading_edge_weight": -0.1630355405051548,
  "TE_thickness": 0.007203096599164047,
  "name": "design"
}