{
  "upper_weights": [
    0.5873743283956172,
    0.6,
    0.4995306684721533,
    0.3084733231756498,
    0.12006774086697924,
    0.0985224155853641,
    0.09778107489357422,
    0.13860901126980482
  ],
  "lower_weights": [
    -0.1079260851614873,
    -0.016044190360500525,
    0.066653433672375,
    0.07829002975925388,
    0.029347819053215075,
    -0.007140384821172484,
    -0.049169944414280894,
    -0.025509304555818832
  ],
  "leading_edge_weight": -0.11967235415937731,
  "TE_thickness": 0.004440045375178046,
  "name": "design"
}