{
  "name": "design",
  "mach": 0.82,
  "aoa": 3.0,
  "SA": 38.91837169854928,
  "AR": 8.96902390352997,
  "TR": 0.3026720759752115,
  "kink": 0.37725141229852655,
  "rootadj": 0.28092420435175725,
  "DA_kink": 2.05811016154333,
  "DA_tip": 5.5203958891982765,
  "t_root": 0.14198110136350914,
  "r_t2": 0.6584243695352983,
  "r_t3": 0.912599193746118,
  "r_t4": 0.9889783486515179,
  "r_d1": 0.5275325576374433,
  "r_d2": 0.6134085317636095,
  "r_d4": 0.3120058631674755,
  "tw1": -2.3370476476433897,
  "tw2": -2.713788518073789,
  "tw3": -2.344460725862042,
  "tw4": -2.1711822097574083,
  "cst_upper": [
    0.26649020336587104,
    0.04627924297615511,
    0.2823244909182365,
    0.10295504784048282,
    0.09247135243394747,
    0.2729639702498846,
    0.1351711260815299,
    0.28960771052861217,
    -0.07518288823959354,
    0.5284482371518149
  ],
  "cst_lower": [
    -0.13486808754864357,
    -0.2965393845158122,
    0.009500916715410196,
    -0.29324569832540237,
    -0.049304684588523905,
    0.042366060074401815,
    0.07089523987240079,
    -0.12137903318996064,
    0.006317751173967913,
    0.036530419639460285
  ]
}