{
  "name": "design",
  "mach": 0.82,
  "aoa": 3.0,
  "SA": 40.0,
  "AR": 9.230654089340234,
  "TR": 0.38720790657783577,
  "kink": 0.36,
  "rootadj": 0.1,
  "DA_kink": 3.8626448085851326,
  "DA_tip": 4.956887617274388,
  "t_root": 0.14,
  "r_t2": 0.6124944515755297,
  "r_t3": 0.9472705052690121,
  "r_t4": 0.9551257967857572,
  "r_d1": 0.5481914533959614,
  "r_d2": 0.5143043039942103,
  "r_d4": 0.44603472775637354,
  "tw1": -3.9999757781821903,
  "tw2": -3.1085936620022236,
  "tw3": -1.9203611013517174,
  "tw4": -2.2332961890453418,
  "cst_upper": [
    -0.0047651714095450215,
    0.416384743234186,
    0.07875684469507227,
    0.3643056920539069,
    0.2835308363099351,
    0.2408845197541975,
    0.24155788128801087,
    0.10274067965526146,
    -0.2657566455810871,
    0.5622536034428485
  ],
  "cst_lower": [
    -0.3,
    -0.3,
    -0.3,
    -0.038944611451821376,
    -0.3,
    -0.11926567212426775,
    -0.11515596483728241,
    0.01707506681016313,
    0.18303464324337554,
    -0.20460215647093233
  ]
}