{
  "design_name": "HighSweep_WashInRoot_PosDihedral_NACA4408",
  "design_params": {
    "le_sweep_deg": 77.16768409308384,
    "root_chord_in": 32.32066457915414,
    "twist_root_deg": 7.04091685676692,
    "twist_tip_deg": -10.0,
    "dihedral_deg": 5.569148114751234,
    "naca": {
      "m": 4,
      "p": 4,
      "t": 12,
      "chord_length": 1.0
    }
  },
  "sim_conditions": {
    "aoa_deg": 10.0,
    "mach": 0.3,
    "reynolds": 3000000.0
  },
  "vlm_results": {
    "CL": 0.9053243502658287,
    "CDi": 0.11409343213243774,
    "CM": -1.0317375935987279,
    "L_D": 7.934938351358766
  },
  "corrected_results": {
    "CL": 0.20413714403021957,
    "CDi": 0.038535453543626565,
    "CM": -0.17855812978324626,
    "L_D": 5.297385271438751
  }
}