{
  "upper_weights": [
    0.5630712575139138,
    0.484633268592999,
    0.4670579068701961,
    0.6,
    0.6,
    0.6,
    0.6,
    0.6
  ],
  "lower_weights": [
    -0.3,
    -0.2856144250757234,
    -0.2400323804987301,
    -0.3,
    -0.3,
    -0.3,
    -0.26962106971005945,
    -0.2516132958523377
  ],
  "leading_edge_weight": -0.11048866537521798,
  "TE_thickness": 0.01,
  "_score": -0.4379080567141693
}