{
  "upper_weights": [
    0.35602392694371615,
    0.43922682208998737,
    0.29717084197866156,
    0.13283201112254867,
    -0.0008165260869088531,
    -0.04505618535255668,
    -0.08232523433574818,
    -0.04946471168230204
  ],
  "lower_weights": [
    -0.13354853857347887,
    -0.14121462354815636,
    -0.15060931760156435,
    -0.14529932986563757,
    -0.1391669509067929,
    -0.1893624331002592,
    -0.1848230000409659,
    -0.1871487831578994
  ],
  "leading_edge_weight": 0.4646934190343366,
  "TE_thickness": 0.006058043113832884,
  "name": "design"
}