{
  "upper_weights": [
    0.5509658543247596,
    0.475109035982949,
    0.6,
    0.19196072656049679,
    -0.05016958182120913,
    -0.00168923172416275,
    0.362402090842136,
    0.6
  ],
  "lower_weights": [
    -0.061112668528482544,
    -0.023091850568416384,
    0.04019262013512653,
    0.0043784241411037594,
    0.030711889061825384,
    -0.021085497177286083,
    -0.005189705280294005,
    0.22742063365984116
  ],
  "leading_edge_weight": -0.04503439492428492,
  "TE_thickness": 0.005889208179777395,
  "name": "design"
}