{
  "design_name": "Exploitation_NACA2406_ThinCambered",
  "design_params": {
    "le_sweep_deg": 67.96041071655232,
    "root_chord_in": 29.62896742394912,
    "twist_root_deg": -2.9412667345712897,
    "twist_tip_deg": -10.0,
    "dihedral_deg": -15.0,
    "naca": {
      "m": 2,
      "p": 4,
      "t": 6,
      "chord_length": 1.0
    }
  },
  "sim_conditions": {
    "aoa_deg": 10.0,
    "mach": 0.3,
    "reynolds": 3000000.0
  },
  "vlm_results": {
    "CL": 0.2563738732165317,
    "CDi": 0.016355984663293185,
    "CM": -0.25784975467328414,
    "L_D": 15.67462176654501
  },
  "corrected_results": {
    "CL": 0.1670688985723607,
    "CDi": 0.008936217798573828,
    "CM": -0.1445109999782054,
    "L_D": 18.695705760330057
  }
}