{
  "upper_weights": [
    0.4939563850766304,
    0.36142899958765556,
    0.6,
    0.6,
    0.42412251041821913,
    0.14141572040756764,
    0.5479705148857521,
    0.36106882749311314
  ],
  "lower_weights": [
    -0.2007943607781154,
    -0.08361423076513189,
    -0.14650712092145307,
    0.16281614025467595,
    0.2980105662157742,
    0.20787815746503782,
    0.3,
    0.3
  ],
  "leading_edge_weight": 0.27615169784636645,
  "TE_thickness": 0.01,
  "name": "HighLift_AggressiveScoop_Kammback"
}