{
  "SA": 34.011060305010396,
  "AR": 8.9630063740616,
  "TR": 0.28267333628199093,
  "kink": 0.38421043080369305,
  "rootadj": 0.7639736546965346,
  "DA_kink": 2.849312238574186,
  "DA_tip": 5.064945710446836,
  "t_root": 0.15648418274071446,
  "r_t2": 0.6560092774428545,
  "r_t3": 0.9458707525372062,
  "r_t4": 0.9684743579811828,
  "r_d1": 0.6055138891972148,
  "r_d2": 0.7409101512000327,
  "r_d4": 0.2843619060077953,
  "tw1": -3.019438518688765,
  "tw2": -3.018376684236878,
  "tw3": -1.7890963562997764,
  "tw4": -1.932118710204679,
  "cst_upper": [
    0.15170567211376598,
    0.123046751423301,
    0.10988982237034109,
    0.12121086973935771,
    0.13303626946086164,
    0.12479955630853362,
    0.1384612291643411,
    0.10044469044867949,
    0.12320826552820496,
    0.08915198590039014
  ],
  "cst_lower": [
    0.005077098142833818,
    -0.02368472887214257,
    -0.10037951080773974,
    -0.05819634393307302,
    -0.07170002422629379,
    -0.04011785968579504,
    -0.00987553403503844,
    -0.06583071011726833,
    -0.03279636049219498,
    0.04458271197796124
  ],
  "_score": 19.478881140147333
}