{
  "upper_weights": [
    0.2796305533930263,
    0.32278261522795476,
    0.24931769630491257,
    0.15128474818912835,
    -0.09898831232913444,
    -0.04151842262979005,
    0.04269631193666584,
    0.2204595027260446
  ],
  "lower_weights": [
    0.15415361231213948,
    0.07985690204648282,
    0.18020320509687177,
    -0.14738879396087584,
    -0.24720845458464866,
    -0.18204643965299677,
    0.07836548769157625,
    0.06323523054343339
  ],
  "leading_edge_weight": -0.1783179760427135,
  "TE_thickness": 0.009631297274818762,
  "name": "design"
}