{
  "reward": 31.270346346761922,
  "CL": 0.32137842483727164,
  "CD": 0.010277418141566274,
  "L_D": 31.270346346761922,
  "S_real_m2": 21.222393,
  "MAC_m": 1.654622
}