{
  "upper_weights": [
    0.4214831353703205,
    0.34897709667921956,
    0.24832550176232843,
    0.16781837874519479,
    0.04325507531435002,
    -0.05409316305826284,
    0.011257660900753585,
    0.1645627918086326
  ],
  "lower_weights": [
    -0.18378730475497695,
    -0.21418797227974734,
    -0.252230065287394,
    -0.16789807000644377,
    -0.1294408356572464,
    -0.1542635212735354,
    -0.11622307975898258,
    -0.11646892852961671
  ],
  "leading_edge_weight": 0.1993449596008413,
  "TE_thickness": 0.005619271428583054,
  "name": "design"
}