{
  "SA": 38.40894902481119,
  "AR": 10.208001460877647,
  "TR": 0.24489603844584434,
  "kink": 0.38062233744572294,
  "rootadj": 0.8092346917732357,
  "DA_kink": 3.530393304011302,
  "DA_tip": 5.418852127234614,
  "t_root": 0.14183394854471704,
  "r_t2": 0.6377032025768945,
  "r_t3": 0.9096166339304386,
  "r_t4": 0.9484571836529126,
  "r_d1": 0.5922171543382282,
  "r_d2": 0.8063887624439218,
  "r_d4": 0.31617207213132636,
  "tw1": -3.61055755907117,
  "tw2": -3.9236087063207425,
  "tw3": -2.147615575664073,
  "tw4": -2.55245729924699,
  "cst_upper": [
    0.0803671974800182,
    0.4633784960113099,
    0.1630356214321524,
    -0.08980793698674858,
    0.34110199541129377,
    0.04547873423418092,
    0.5403571072724567,
    0.32878861294061096,
    0.5997667285933688,
    0.16654400765388516
  ],
  "cst_lower": [
    -0.2565420650253087,
    -0.18796185493559742,
    -0.2510905008916361,
    -0.16917322335818244,
    -0.2531590369688171,
    -0.09946665749526803,
    -0.1997148034576872,
    -0.13322324084309506,
    0.22335793166694157,
    0.13875462232150115
  ],
  "_score": -0.04430228213049544
}