{
  "upper_weights": [
    0.10610690537108745,
    0.21763012278862337,
    0.2363891188752921,
    0.3990986096750372,
    0.15297304107572174,
    0.5997379636743645,
    0.3226131152885303,
    0.10116076717977864
  ],
  "lower_weights": [
    -0.05920367166673071,
    0.08024660491069245,
    -0.13889713547534585,
    0.08963459723134601,
    0.16647872780660886,
    -0.022869653165658733,
    0.029655860040717703,
    0.29980923474800675
  ],
  "leading_edge_weight": 0.344500034046152,
  "TE_thickness": 0.0,
  "name": "RobustCamberedScoop"
}