{
  "upper_weights": [
    -0.12677660794621612,
    0.14336488348180582,
    0.45270906521914484,
    0.3652712045735805,
    0.10304590189046248,
    0.22383698246541145,
    0.09784699875919733,
    0.014183718042897864
  ],
  "lower_weights": [
    -0.25705532263341463,
    -0.118605432459299,
    -0.179091842235502,
    -0.3,
    -0.18845239744330539,
    -0.3,
    -0.2438929569732475,
    -0.25816875684250123
  ],
  "leading_edge_weight": 0.5,
  "TE_thickness": 0.0,
  "name": "iter_0165"
}