{
  "upper_weights": [
    0.5999999999999999,
    0.396635163646247,
    0.2586167322852762,
    0.13929150657763856,
    0.025410403043251872,
    0.023746046373440077,
    0.03143733322534492,
    -0.16072598132890648
  ],
  "lower_weights": [
    -0.23494688929994278,
    -0.1359494886997792,
    -0.09123248148846394,
    -0.062194857294483874,
    0.017922734928505768,
    -0.0001141419449058323,
    -0.13009642741039942,
    -0.3
  ],
  "leading_edge_weight": 0.5,
  "TE_thickness": 0.01,
  "name": "iter_0361"
}