{
  "upper_weights": [
    0.6,
    0.6,
    0.6,
    -0.3,
    -0.3,
    0.6,
    0.6,
    -0.3
  ],
  "lower_weights": [
    0.3,
    0.3,
    0.3,
    0.3,
    -0.3,
    -0.3,
    -0.3,
    -0.3
  ],
  "leading_edge_weight": 0.22335668396655295,
  "TE_thickness": 0.0031492846463769273,
  "name": "SmoothReflexAttempt"
}