{
  "upper_weights": [
    0.12304145241525713,
    0.5008497368332359,
    0.6,
    0.6,
    0.6,
    0.15528141200354417,
    -0.0025255957852054617,
    -0.03990427096767804
  ],
  "lower_weights": [
    -0.10808086160248452,
    -0.3,
    -0.2221191712715802,
    -0.3,
    -0.23983033811093524,
    -0.2949480204246639,
    -0.20799736801392454,
    -0.1886551799697065
  ],
  "leading_edge_weight": 0.18637897181588717,
  "TE_thickness": 0.0009126426578436445,
  "name": "HPA_HighLift_Cam_Initial"
}