{
  "name": "iter_0095",
  "mach": 0.82,
  "aoa": 3.0,
  "SA": 40.0,
  "AR": 11.0,
  "TR": 0.4,
  "kink": 0.36,
  "rootadj": 1.1,
  "DA_kink": 0.5,
  "DA_tip": 4.682806286087329,
  "t_root": 0.14,
  "r_t2": 0.6,
  "r_t3": 0.98,
  "r_t4": 1.0,
  "r_d1": 0.3,
  "r_d2": 0.5,
  "r_d4": 0.8,
  "tw1": -2.0,
  "tw2": -2.0,
  "tw3": -1.0,
  "tw4": -1.0,
  "cst_upper": [
    0.5999999999999999,
    0.5999999999999999,
    0.5999999999999999,
    0.5999999999999999,
    0.5999999999999999,
    0.5999999999999999,
    0.5999999999999999,
    0.5999999999999999,
    0.2851450439431041,
    0.5999999999999999
  ],
  "cst_lower": [
    -0.3,
    -0.3,
    -0.3,
    -0.3,
    -0.3,
    -0.3,
    -0.3,
    -0.3,
    0.3,
    0.3
  ]
}