{
  "upper_weights": [
    0.4301286914722218,
    0.31914912506398924,
    0.23282181638092742,
    0.2312306229265752,
    0.18678184199433256,
    -0.0438218794508633,
    -0.13078521554364045,
    -0.08898323787695969
  ],
  "lower_weights": [
    -0.1601668739945868,
    -0.1412674822134655,
    -0.1227532113866979,
    -0.1556525484932469,
    -0.2296957366957514,
    -0.2236156630315096,
    -0.23929428395989422,
    -0.24067503243168714
  ],
  "leading_edge_weight": 0.373931731536455,
  "TE_thickness": 0.007282892557101355,
  "name": "design"
}