{
  "upper_weights": [
    0.3138645042311487,
    0.2542560318433023,
    0.14933253151413745,
    0.12452431078452841,
    0.09119280311601047,
    0.10269447286605377,
    0.15344558457215302,
    0.35181240114328277
  ],
  "lower_weights": [
    -0.17466277145092202,
    -0.11864709802516588,
    -0.13148981113511862,
    -0.21442895358671366,
    -0.24758706581008308,
    -0.1930596879228608,
    -0.09636011581373144,
    -0.04209366121077096
  ],
  "leading_edge_weight": 0.5,
  "TE_thickness": 0.01,
  "name": "iter_0457"
}