{
  "upper_weights": [
    0.2561,
    0.3022,
    0.3316,
    0.3719,
    0.2735,
    0.0905,
    0.0142,
    -0.18007535308274863
  ],
  "lower_weights": [
    -0.07749125829520541,
    -0.0552,
    -0.10373936656971015,
    -0.2259,
    -0.3,
    -0.294,
    -0.2975,
    -0.3
  ],
  "leading_edge_weight": 0.2008,
  "TE_thickness": 0.0025,
  "name": "Refined_Reflex_v3"
}