{
  "upper_weights": [
    0.38184701384639547,
    0.2377395468328219,
    0.1980104665590564,
    0.195416676257697,
    0.1726215965986202,
    0.17345154243896566,
    0.06272633397185234,
    0.042846464850332666
  ],
  "lower_weights": [
    -0.3,
    -0.2654805498235493,
    -0.3,
    -0.24539335734881465,
    -0.2939184679401547,
    -0.3,
    -0.3,
    -0.28445855610977033
  ],
  "leading_edge_weight": 0.5,
  "TE_thickness": 0.0,
  "name": "iter_0313"
}