{
  "design_name": "HighSweepCamberMaxWashoutAnhedral_NACA2409",
  "design_params": {
    "le_sweep_deg": 72.686286342312,
    "root_chord_in": 28.817400522286324,
    "twist_root_deg": -6.776293448275739,
    "twist_tip_deg": -10.0,
    "dihedral_deg": -15.0,
    "naca": {
      "m": 2,
      "p": 4,
      "t": 9,
      "chord_length": 1.0
    }
  },
  "sim_conditions": {
    "aoa_deg": 10.0,
    "mach": 0.3,
    "reynolds": 3000000.0
  },
  "vlm_results": {
    "CL": 0.10098283890373291,
    "CDi": 0.00491986592919554,
    "CM": -0.11878255702730652,
    "L_D": 20.5255265808117
  },
  "corrected_results": {
    "CL": 0.07070574618321084,
    "CDi": 0.0017915861052376213,
    "CM": -0.06365779355101593,
    "L_D": 39.465446833119415
  }
}