{
  "design_name": "CamberedHighSweepWashout",
  "design_params": {
    "le_sweep_deg": 70.07560859586255,
    "root_chord_in": 37.83916791021468,
    "twist_root_deg": -7.363787570715757,
    "twist_tip_deg": -7.62700874445311,
    "dihedral_deg": -0.788341428518937,
    "naca": {
      "m": 4,
      "p": 4,
      "t": 14,
      "chord_length": 1.0
    }
  },
  "sim_conditions": {
    "aoa_deg": 10.0,
    "mach": 0.3,
    "reynolds": 3000000.0
  },
  "vlm_results": {
    "CL": 0.1885868453867944,
    "CDi": 0.016736231967106552,
    "CM": -0.23657599082958505,
    "L_D": 11.268178270798566
  },
  "corrected_results": {
    "CL": -0.023093951569535063,
    "CDi": -0.004892976634071578,
    "CM": 0.04192156686291313,
    "L_D": 4.719816442351977
  }
}