{
  "upper_weights": [
    0.18407866519876365,
    0.4764940969012989,
    0.3261603807379005,
    0.5217371057945002,
    0.5085436731313415,
    0.385543790226694,
    0.29987970223163635,
    0.37510382781342316
  ],
  "lower_weights": [
    -0.05334338071786371,
    0.08435758830476131,
    0.07328256489714147,
    0.10893288020237407,
    0.08206743295206098,
    0.09575865040738685,
    0.28234553938177326,
    0.29301960260755017
  ],
  "leading_edge_weight": 0.32379764616243956,
  "TE_thickness": 0.005620540731934033,
  "name": "iter_00675"
}