{
  "design_name": "ExploitativeMaxWashoutHighDihedralNACA2408",
  "design_params": {
    "le_sweep_deg": 47.23704802954042,
    "root_chord_in": 25.734,
    "twist_root_deg": 0.0,
    "twist_tip_deg": 0.0,
    "dihedral_deg": 0.0,
    "naca": {
      "m": 2,
      "p": 4,
      "t": 10,
      "chord_length": 1.0
    }
  },
  "sim_conditions": {
    "aoa_deg": 0.0,
    "mach": 0.3,
    "reynolds": 3000000.0
  },
  "vlm_results": {
    "CL": 0.13119291903648944,
    "CDi": 0.003387366971981944,
    "CM": -0.15573722034944418,
    "L_D": 38.73005792452674
  },
  "corrected_results": {
    "CL": 0.09050298110285661,
    "CDi": 0.0020138120882026707,
    "CM": -0.10841075136535126,
    "L_D": 44.94112515911582
  }
}