{
  "design_name": "Exploit_NACA4413_Washout_V1",
  "design_params": {
    "le_sweep_deg": 66.19920346672792,
    "root_chord_in": 39.98731394256998,
    "twist_root_deg": -6.370840601901548,
    "twist_tip_deg": -4.795038784197894,
    "dihedral_deg": -2.861440315727649,
    "naca": {
      "m": 4,
      "p": 0,
      "t": 11,
      "chord_length": 1.0
    }
  },
  "sim_conditions": {
    "aoa_deg": 10.0,
    "mach": 0.3,
    "reynolds": 3000000.0
  },
  "vlm_results": {
    "CL": 0.19161090400631695,
    "CDi": 0.014346713733573477,
    "CM": -0.1785742298060338,
    "L_D": 13.35573480900497
  },
  "corrected_results": {
    "CL": -0.03765867998140013,
    "CDi": -0.0029716831968467214,
    "CM": 0.09005329210302307,
    "L_D": 12.672508301477116
  }
}