{
  "design_name": "HighSweep_Cambered_AggressiveWashout_Anhedral",
  "design_params": {
    "le_sweep_deg": 74.79134187226744,
    "root_chord_in": 42.586411137084866,
    "twist_root_deg": 8.202293460022688,
    "twist_tip_deg": -10.0,
    "dihedral_deg": -13.265256235719914,
    "naca": {
      "m": 2,
      "p": 4,
      "t": 17,
      "chord_length": 1.0
    }
  },
  "sim_conditions": {
    "aoa_deg": 10.0,
    "mach": 0.3,
    "reynolds": 3000000.0
  },
  "vlm_results": {
    "CL": 0.48769132080691524,
    "CDi": 0.08184148602325474,
    "CM": -0.4981845064259702,
    "L_D": 5.958974408997667
  },
  "corrected_results": {
    "CL": -0.03467799345735412,
    "CDi": -0.01036710965058406,
    "CM": 0.09071032916650701,
    "L_D": 3.345001126268635
  }
}