{
  "upper_weights": [
    0.5134243184528016,
    0.40274470117027267,
    0.25838205846802476,
    0.08848969290308029,
    -0.013378142148198723,
    -0.01993989300287903,
    0.11802179354190333,
    0.07331340110323276
  ],
  "lower_weights": [
    -0.1527824595185792,
    -0.07674015823659812,
    -0.06262047215375344,
    -0.10847297199421585,
    -0.07649356648573673,
    -0.02093907239820551,
    -0.05314651800200253,
    -0.06719103697835796
  ],
  "leading_edge_weight": 0.057278302792963795,
  "TE_thickness": 0.007576170442432219,
  "name": "design"
}