{
  "name": "iter_0208",
  "mach": 0.82,
  "aoa": 3.0,
  "SA": 33.79556092538037,
  "AR": 11.0,
  "TR": 0.3811461979498943,
  "kink": 0.36,
  "rootadj": 0.5626630796501275,
  "DA_kink": 1.088759681807813,
  "DA_tip": 4.0,
  "t_root": 0.14,
  "r_t2": 0.7,
  "r_t3": 0.9255018521379936,
  "r_t4": 0.9693786773207272,
  "r_d1": 0.8,
  "r_d2": 0.9409088870781616,
  "r_d4": 0.8,
  "tw1": -2.0,
  "tw2": -2.0,
  "tw3": -1.0,
  "tw4": -2.319459366775795,
  "cst_upper": [
    0.5085157061200529,
    0.5999999999999999,
    0.2691809589804977,
    0.5999999999999999,
    0.15201824383392426,
    0.5999999999999999,
    0.22995525838492753,
    0.5999999999999999,
    0.5999999999999999,
    0.48523025421440064
  ],
  "cst_lower": [
    0.1445929177013115,
    -0.11019285085735778,
    -0.1080229235971075,
    0.04375051304366745,
    0.13814673506643826,
    -0.3,
    -0.13999444194186866,
    0.3,
    0.3,
    0.3
  ]
}