{
  "upper_weights": [
    0.2893463590603058,
    0.34767026756971364,
    0.34178713097162755,
    0.216587966867691,
    0.19073176493473304,
    0.1835033011875267,
    0.2426497179697178,
    0.2583633310279547
  ],
  "lower_weights": [
    -0.21193308189487037,
    -0.06399850141031507,
    -0.027505908320948555,
    -0.07625376599925428,
    -0.18814573636226847,
    -0.1669373248537948,
    -0.05230364701123588,
    0.09573712658876302
  ],
  "leading_edge_weight": 0.023302888587467274,
  "TE_thickness": 0.005924465282996576,
  "name": "design"
}