{
  "design_name": "HybridVortexWashout4414",
  "design_params": {
    "le_sweep_deg": 76.03590804789442,
    "root_chord_in": 40.95816275329628,
    "twist_root_deg": -10.0,
    "twist_tip_deg": -3.547014662201455,
    "dihedral_deg": -2.3373017899370474,
    "naca": {
      "m": 4,
      "p": 0,
      "t": 16,
      "chord_length": 1.0
    }
  },
  "sim_conditions": {
    "aoa_deg": 10.0,
    "mach": 0.3,
    "reynolds": 3000000.0
  },
  "vlm_results": {
    "CL": 0.05308298965229966,
    "CDi": 0.0033914063961617475,
    "CM": -0.057025351869321304,
    "L_D": 15.652205442667318
  },
  "corrected_results": {
    "CL": -0.12037930268214747,
    "CDi": -0.005421903628765458,
    "CM": 0.16513645476265368,
    "L_D": 22.20240545100896
  }
}