{
  "SA": 29.862867555822778,
  "AR": 9.76775032002881,
  "TR": 0.17292253316004366,
  "kink": 0.41746748743170736,
  "rootadj": 0.2017839284634505,
  "DA_kink": 5.744108372754742,
  "DA_tip": 5.728978895833376,
  "t_root": 0.15852267162426215,
  "r_t2": 0.6806338147983162,
  "r_t3": 0.9368678018613068,
  "r_t4": 0.9356261525436267,
  "r_d1": 0.7991591113083183,
  "r_d2": 0.696264466248363,
  "r_d4": 0.4790746195218598,
  "tw1": -2.9017538335285824,
  "tw2": -2.461918618464254,
  "tw3": -1.312540823289041,
  "tw4": -2.674682674585556,
  "cst_upper": [
    0.37828210418979796,
    -0.006803431775490643,
    0.46432254858684413,
    0.0028636833928586403,
    0.3575073329443899,
    0.16780142945884208,
    0.013944264461888123,
    0.5385051870693514,
    0.23867271234416648,
    0.297475074655792
  ],
  "cst_lower": [
    0.0517677517183579,
    -0.22208688171377927,
    -0.04078281903109804,
    -0.29287396806448307,
    -0.1779888446304398,
    -0.15109254763081972,
    -0.16015305424207588,
    -0.08719649969234261,
    0.16794407008165452,
    0.011782082321611431
  ],
  "_score": 15.342308176703424
}