{
  "upper_weights": [
    0.6,
    0.6,
    0.6,
    0.6,
    0.560657294149457,
    0.1799297348799788,
    -0.007901910997440427,
    0.3783926061203391
  ],
  "lower_weights": [
    -0.05072948840919068,
    -0.10020553883294503,
    0.2293475739368896,
    0.3,
    0.3,
    0.185343319072808,
    0.29598730918673455,
    0.3
  ],
  "leading_edge_weight": -0.5,
  "TE_thickness": 0.0,
  "name": "design"
}