{
  "upper_weights": [
    0.2438873005187806,
    0.3161171547299424,
    0.2517789075001095,
    0.24412670262432884,
    0.2589470732772176,
    0.2936313557559183,
    0.2589792445351441,
    0.05425132868489156
  ],
  "lower_weights": [
    -0.1629825183353047,
    -0.090670735498794,
    -0.09601954813887151,
    -0.06432817274958855,
    -0.0008114589942904635,
    0.08181854529179407,
    0.03449823544982087,
    -0.06558441044982578
  ],
  "leading_edge_weight": 0.13777928807892154,
  "TE_thickness": 0.0021808693469428982,
  "name": "design"
}