{
  "design_name": "Hybrid_Sweep70_Washout_2410",
  "design_params": {
    "le_sweep_deg": 67.27081815355646,
    "root_chord_in": 33.648334215161114,
    "twist_root_deg": -10.0,
    "twist_tip_deg": -10.0,
    "dihedral_deg": -13.438756664443025,
    "naca": {
      "m": 4,
      "p": 4,
      "t": 6,
      "chord_length": 1.0
    }
  },
  "sim_conditions": {
    "aoa_deg": 10.0,
    "mach": 0.3,
    "reynolds": 3000000.0
  },
  "vlm_results": {
    "CL": 0.01136634784202565,
    "CDi": 0.02434752640258297,
    "CM": -0.09632119407554732,
    "L_D": 0.466837889569752
  },
  "corrected_results": {
    "CL": -0.028146994428061085,
    "CDi": 0.007691047399382073,
    "CM": 0.013757554300552187,
    "L_D": -3.6597088753246427
  }
}