{
  "design_name": "SweptCamberedWashout_Thinner",
  "design_params": {
    "le_sweep_deg": 67.74376651308273,
    "root_chord_in": 30.833990177629957,
    "twist_root_deg": -9.568525987166698,
    "twist_tip_deg": -7.26469704828825,
    "dihedral_deg": -5.729762049756708,
    "naca": {
      "m": 4,
      "p": 4,
      "t": 8,
      "chord_length": 1.0
    }
  },
  "sim_conditions": {
    "aoa_deg": 10.0,
    "mach": 0.3,
    "reynolds": 3000000.0
  },
  "vlm_results": {
    "CL": 0.08208657216514693,
    "CDi": 0.019584591393933037,
    "CM": -0.1542422093833793,
    "L_D": 4.1913854884190185
  },
  "corrected_results": {
    "CL": 0.03481868013375989,
    "CDi": 0.006174915925628917,
    "CM": -0.05000667485050013,
    "L_D": 5.638729426136049
  }
}