{
  "B1": 102.01711261269261,
  "B2": 117.0802412931648,
  "B3": 699.9684517557507,
  "C2": 688.8069402261926,
  "C3": 279.9424367038375,
  "C4": 60.056852397610044,
  "S1": 40.00770478491066,
  "S2": 59.99160872495408,
  "S3": 39.99315179651988,
  "alpha": -2.909428818179152,
  "name": "iter_00832"
}