{
  "upper_weights": [
    0.4969625441995373,
    0.44016912675147596,
    0.4469346518590159,
    0.33154046606861326,
    0.14749754364885403,
    -0.0033697456097944722,
    -0.016101162457204277,
    -0.045075429511779286
  ],
  "lower_weights": [
    -0.2712202585215059,
    -0.15613215877785658,
    -0.09949942906462658,
    -0.12993806155455703,
    -0.2015361695863893,
    -0.2232449106250099,
    -0.23923854819243068,
    -0.3
  ],
  "leading_edge_weight": 0.5,
  "TE_thickness": 0.0,
  "name": "iter_0287"
}