{
  "upper_weights": [
    0.30663850970360995,
    0.2532861902061927,
    0.2505039351423391,
    0.3003950761435201,
    0.20156895832846505,
    0.1061463339465671,
    0.13363895104192658,
    0.1914185701344308
  ],
  "lower_weights": [
    -0.13291522709085454,
    -0.08311061372296695,
    -0.0532243188731546,
    -0.022587388280923694,
    -0.04074943724565629,
    -0.0994277355399932,
    -0.10706925765204495,
    -0.015357517191873312
  ],
  "leading_edge_weight": 0.13463004378290633,
  "TE_thickness": 0.005975064174713728,
  "name": "design"
}