{
  "upper_weights": [
    0.4110447609476754,
    0.35875448002333243,
    0.37579078499393964,
    0.3323836322424985,
    0.2603304288607973,
    0.1992762510026769,
    0.19447375887180263,
    0.14686245930619501
  ],
  "lower_weights": [
    -0.0868222600935398,
    -0.15049455066556913,
    -0.0387473662652513,
    0.08733225982635298,
    0.044072884728629066,
    -0.020574271488036016,
    -0.10186276380309434,
    -0.03701050895497081
  ],
  "leading_edge_weight": 0.10710619578686094,
  "TE_thickness": 0.005679647359559801,
  "name": "design"
}