{
  "upper_weights": [
    0.33575993210875743,
    0.32862470045104225,
    0.3082077305411772,
    0.21353787208629346,
    0.11854672884314903,
    0.07868359281532065,
    -0.04645167465181569,
    -0.18008345872796683
  ],
  "lower_weights": [
    -0.08909247504675417,
    -0.02682052810522918,
    -0.044935758103941514,
    -0.0810949088884515,
    -0.13059864183458703,
    -0.23518710732671805,
    -0.2966282910270278,
    -0.2997544684499854
  ],
  "leading_edge_weight": -0.03456190567352976,
  "TE_thickness": 0.007151728671587809,
  "name": "ReflexedHybrid_MidChordExploration"
}