{
  "upper_weights": [
    0.15581656937265048,
    0.26135936098700785,
    0.3114011322660206,
    0.33052694992082043,
    0.22258628746209475,
    0.08582748975191704,
    0.1476298601285244,
    0.2994964046492588
  ],
  "lower_weights": [
    -0.2677337100537424,
    -0.2036070464640528,
    -0.11143925081729464,
    -0.028074803123219187,
    0.06428109823071462,
    0.0517891923479843,
    0.050106942598439064,
    0.03471059860160837
  ],
  "leading_edge_weight": 0.2758069235592723,
  "TE_thickness": 0.004557034797399809,
  "name": "design"
}