{
  "upper_weights": [
    0.32032185036097777,
    0.37787368041506003,
    0.4391245000867087,
    0.5916949827627995,
    0.5989457882275977,
    0.5946863297687668,
    0.24672713200663215,
    0.5809634189042414
  ],
  "lower_weights": [
    -0.19709983978246048,
    -0.15209264033418365,
    0.29696285006977413,
    0.2998971269073502,
    0.0697692344292361,
    0.28916585903005115,
    0.03204204764503532,
    0.28589323191244703
  ],
  "leading_edge_weight": -0.10275307113850674,
  "TE_thickness": 0.00734086214636042,
  "name": "iter_00522"
}