{
  "design_name": "ExploitationMaxWashoutAnhedralNACA2409",
  "design_params": {
    "le_sweep_deg": 71.49527730248363,
    "root_chord_in": 33.15548673926116,
    "twist_root_deg": -6.899412512853351,
    "twist_tip_deg": -7.760108614315727,
    "dihedral_deg": -10.513652662649786,
    "naca": {
      "m": 4,
      "p": 4,
      "t": 7,
      "chord_length": 1.0
    }
  },
  "sim_conditions": {
    "aoa_deg": 10.0,
    "mach": 0.3,
    "reynolds": 3000000.0
  },
  "vlm_results": {
    "CL": 0.12180043659079876,
    "CDi": 0.016177519277612934,
    "CM": -0.1735030379584597,
    "L_D": 7.528993444585217
  },
  "corrected_results": {
    "CL": 0.02693612616690226,
    "CDi": 0.0014584577859881234,
    "CM": -0.022615454584426913,
    "L_D": 18.468910396781006
  }
}