{
  "upper_weights": [
    0.5999999999999999,
    0.5792527526484761,
    0.5999999999999999,
    0.08335775750086277,
    -0.06911860801652073,
    0.08603288526254604,
    0.1726677115088875,
    0.5212677505660084
  ],
  "lower_weights": [
    -0.3,
    -0.3,
    -0.3,
    -0.03715958513159867,
    0.11335479645092017,
    0.0067648244339643115,
    -0.3,
    -0.3
  ],
  "leading_edge_weight": 0.5,
  "TE_thickness": 0.01,
  "name": "iter_0154"
}