{
  "upper_weights": [
    0.14454223193640622,
    0.345040220518493,
    0.3831364383886043,
    0.2610138169860974,
    0.23560760846112758,
    0.18319976505968172,
    0.11823463175098721,
    -0.10712851045653692
  ],
  "lower_weights": [
    -0.04999568043641983,
    -0.038996295537753384,
    -0.07905255387862692,
    -0.06869667670105706,
    -0.14688141663360824,
    -0.22421272435685732,
    -0.2937185791364709,
    -0.21424965940858026
  ],
  "leading_edge_weight": 0.05495183326509181,
  "TE_thickness": 0.0025333671869716863,
  "name": "Hybrid_Reflex_LdCm_Optimized"
}