{
  "name": "design",
  "mach": 0.82,
  "aoa": 3.0,
  "SA": 34.68120200980005,
  "AR": 9.698408734781543,
  "TR": 0.24358730510575205,
  "kink": 0.3760399886200864,
  "rootadj": 0.48665133165254815,
  "DA_kink": 2.0535858782419356,
  "DA_tip": 5.107444855503263,
  "t_root": 0.1510940363223943,
  "r_t2": 0.6923272883393257,
  "r_t3": 0.9387988937083114,
  "r_t4": 0.9476862363453253,
  "r_d1": 0.5054697937253317,
  "r_d2": 0.6523625640757068,
  "r_d4": 0.6090638515162321,
  "tw1": -2.6841015244809374,
  "tw2": -2.893741972797606,
  "tw3": -1.7971573328959571,
  "tw4": -1.983972592252833,
  "cst_upper": [
    0.2783370198860222,
    0.41867838839359395,
    0.21005669739252303,
    0.5394034817209317,
    0.06093655574098332,
    0.3857274497192897,
    0.1231595200960825,
    0.39697259668533214,
    0.1548680974808296,
    0.18675151237277643
  ],
  "cst_lower": [
    -0.1312187318690149,
    -0.16025784176590493,
    -0.14264678002338305,
    -0.23527856988328144,
    0.19175299833485387,
    -0.13871835418436335,
    0.16357140205201348,
    0.17042036127594923,
    0.045647339775047334,
    -0.09662909932039865
  ]
}