{
  "name": "design",
  "mach": 0.82,
  "aoa": 3.0,
  "SA": 37.9270415289159,
  "AR": 10.992551343182676,
  "TR": 0.2121898618696324,
  "kink": 0.4069935879849015,
  "rootadj": 0.9063359275452062,
  "DA_kink": 3.380894141681122,
  "DA_tip": 4.780781291853223,
  "t_root": 0.14,
  "r_t2": 0.6,
  "r_t3": 0.9487015428816048,
  "r_t4": 0.9755721146578187,
  "r_d1": 0.7453327075220406,
  "r_d2": 0.8517409945925123,
  "r_d4": 0.2493414981941795,
  "tw1": -2.302239922979581,
  "tw2": -2.0213151614505795,
  "tw3": -1.0,
  "tw4": -1.694416330204652,
  "cst_upper": [
    0.1575939528924773,
    -0.20854155119819923,
    0.5921822641436414,
    0.4938018448507064,
    0.12067190837593234,
    0.41350813427927385,
    0.5988329058232813,
    0.1861712863139069,
    0.45709015858186436,
    0.41049470531295557
  ],
  "cst_lower": [
    0.12913946415198907,
    -0.3,
    -0.24293889302108745,
    -0.2888278026709878,
    -0.2999999111999622,
    0.05114399725674951,
    -0.22105920736986812,
    -0.13190146497489785,
    0.18703223639655592,
    0.2785280422872692
  ]
}