{
  "design_name": "HighSweepMaxWashoutCamberedThin",
  "design_params": {
    "le_sweep_deg": 79.7898466717692,
    "root_chord_in": 33.647506205876205,
    "twist_root_deg": -10.0,
    "twist_tip_deg": -10.0,
    "dihedral_deg": -15.0,
    "naca": {
      "m": 4,
      "p": 4,
      "t": 7,
      "chord_length": 1.0
    }
  },
  "sim_conditions": {
    "aoa_deg": 10.0,
    "mach": 0.3,
    "reynolds": 3000000.0
  },
  "vlm_results": {
    "CL": -0.15895978476821826,
    "CDi": 0.026029517859537495,
    "CM": 0.06135630744422454,
    "L_D": -6.106904692818722
  },
  "corrected_results": {
    "CL": -0.06602984463431603,
    "CDi": 0.006719521509270298,
    "CM": 0.061204720980249004,
    "L_D": -9.826569428079189
  }
}