{
  "upper_weights": [
    0.5999999999999999,
    0.4010852798523496,
    0.20187095884171807,
    0.04753685571296418,
    -0.08480467715770143,
    -0.06416784324634595,
    -0.006379363256233894,
    0.16140302905355647
  ],
  "lower_weights": [
    -0.21421632121766412,
    -0.07262319763196234,
    -0.1169194329183211,
    -0.16479359102306726,
    -0.2115206491420325,
    -0.2677313031535268,
    -0.3,
    -0.3
  ],
  "leading_edge_weight": -0.2906896466376301,
  "TE_thickness": 0.01,
  "name": "iter_0242"
}