{
  "upper_weights": [
    0.5216105587822415,
    0.3414608509854982,
    0.19813907979167644,
    0.07646686204936043,
    -0.10705172544632091,
    -0.2009313496323602,
    -0.18638424969445205,
    -0.1742413135229761
  ],
  "lower_weights": [
    -0.12184744148174945,
    -0.13433044558281168,
    -0.2852979417589944,
    -0.25895754897732215,
    -0.28964472069003255,
    -0.29869662897611776,
    -0.24715697887416319,
    -0.2882433645072599
  ],
  "leading_edge_weight": -0.49945714634948063,
  "TE_thickness": 0.006096727660821384,
  "name": "iter_00695"
}