{
  "upper_weights": [
    0.23364699552787474,
    0.3219141711796512,
    0.2760288354340909,
    0.2687164075511856,
    0.1355735420204745,
    0.07980880263438073,
    0.07170927568449709,
    0.15358923458153417
  ],
  "lower_weights": [
    -0.053874779839793566,
    -0.06752851352425102,
    -0.03860781202786851,
    -0.09958307974195904,
    -0.15948662462800892,
    -0.16189990160195025,
    -0.12243337201555773,
    0.013453878403850539
  ],
  "leading_edge_weight": -0.2416497222565836,
  "TE_thickness": 0.005645525919742396,
  "name": "design"
}