{
  "upper_weights": [
    0.16508203333465232,
    0.14727800769284846,
    0.19597869810171975,
    0.25757880034707953,
    0.23676967322051684,
    0.2248431962908336,
    0.18464320874839535,
    0.1115578634157015
  ],
  "lower_weights": [
    -0.14603853699550998,
    -0.07083326076340378,
    -0.07806566225857908,
    -0.05350402547258741,
    0.007492495510757655,
    -0.08356853943667114,
    -0.05860711109380288,
    0.009645038511668806
  ],
  "leading_edge_weight": 0.21850559541106224,
  "TE_thickness": 0.004882429593047376,
  "name": "design"
}