{
  "upper_weights": [
    0.22777940513315356,
    0.2583495084912417,
    0.324406514160763,
    0.30265568406281496,
    0.22612708333398707,
    0.23069776045496904,
    0.14548040607606189,
    -0.1287682074803966
  ],
  "lower_weights": [
    -0.06358815831122788,
    -0.020637794517044013,
    0.0027989074758274883,
    -0.014870759063202649,
    -0.008179978143424568,
    -0.02335537064203244,
    -0.133774970628693,
    -0.2984169743251816
  ],
  "leading_edge_weight": 0.2883844872095022,
  "TE_thickness": 0.003542044012876466,
  "name": "design"
}