{
  "name": "design",
  "mach": 0.82,
  "aoa": 3.0,
  "SA": 40.0,
  "AR": 10.191363576874638,
  "TR": 0.3537176535327882,
  "kink": 0.36636803267376455,
  "rootadj": 0.6622882357483575,
  "DA_kink": 2.1838391494973863,
  "DA_tip": 5.381560519670807,
  "t_root": 0.1509634464776277,
  "r_t2": 0.6344509814430364,
  "r_t3": 0.9387076104352242,
  "r_t4": 0.9867351270801826,
  "r_d1": 0.5174120494082832,
  "r_d2": 0.5236929295799178,
  "r_d4": 0.13106110363054804,
  "tw1": -2.249817228670239,
  "tw2": -2.548139121378157,
  "tw3": -2.14623999446754,
  "tw4": -2.5402874324121814,
  "cst_upper": [
    0.051076379695244534,
    0.32789898661400446,
    0.2664455096030332,
    -0.1897080188066316,
    0.44891654243956536,
    0.19925026684586253,
    0.2029148318606659,
    0.09944833411368559,
    0.19606554225090114,
    0.3596813771540647
  ],
  "cst_lower": [
    0.07046238515353329,
    -0.3,
    -0.01063967085955844,
    -0.3,
    -0.11969279969996952,
    -0.07305361710076867,
    -0.013124531349789508,
    -0.19127430596995224,
    0.007174172612362514,
    0.03262418864877493
  ]
}