{
  "design_name": "Refined Washout Anhedral Delta",
  "design_params": {
    "le_sweep_deg": 68.8825401427711,
    "root_chord_in": 32.040522674418035,
    "twist_root_deg": -4.3350852076078645,
    "twist_tip_deg": -0.75987126878077,
    "dihedral_deg": -10.91887253385442,
    "naca": {
      "m": 2,
      "p": 4,
      "t": 11,
      "chord_length": 1.0
    }
  },
  "sim_conditions": {
    "aoa_deg": 10.0,
    "mach": 0.3,
    "reynolds": 3000000.0
  },
  "vlm_results": {
    "CL": 0.2421411228111133,
    "CDi": 0.0267935236201291,
    "CM": -0.250629001438519,
    "L_D": 9.037300440364648
  },
  "corrected_results": {
    "CL": 0.08651258122665441,
    "CDi": 0.006439155732943562,
    "CM": -0.062089885014058044,
    "L_D": 13.435391969795782
  }
}