{
  "design_name": "Exploitation_HighSweep_MaxWashout_MaxAnhedral_ThinNACA",
  "design_params": {
    "le_sweep_deg": 78.15227041933858,
    "root_chord_in": 32.51311118035022,
    "twist_root_deg": -8.35840243635303,
    "twist_tip_deg": -9.61540595793649,
    "dihedral_deg": -15.0,
    "naca": {
      "m": 0,
      "p": 0,
      "t": 6,
      "chord_length": 1.0
    }
  },
  "sim_conditions": {
    "aoa_deg": 10.0,
    "mach": 0.3,
    "reynolds": 3000000.0
  },
  "vlm_results": {
    "CL": 0.023364787204627445,
    "CDi": 0.0003177988361022796,
    "CM": -0.02020058535670488,
    "L_D": 73.52068211196274
  },
  "corrected_results": {
    "CL": 0.014563467645491525,
    "CDi": 0.00040425157484010374,
    "CM": 0.011777775317872847,
    "L_D": 36.02575364425459
  }
}