{
  "design_name": "HighSweep_ModTwist_PosDihedral_NACA4414",
  "design_params": {
    "le_sweep_deg": 75.9279740547399,
    "root_chord_in": 39.19171401280473,
    "twist_root_deg": -9.5302978252928,
    "twist_tip_deg": 3.010175750973163,
    "dihedral_deg": 2.03442059545818,
    "naca": {
      "m": 2,
      "p": 0,
      "t": 15,
      "chord_length": 1.0
    }
  },
  "sim_conditions": {
    "aoa_deg": 10.0,
    "mach": 0.3,
    "reynolds": 3000000.0
  },
  "vlm_results": {
    "CL": 0.09904381634339338,
    "CDi": 0.013421052835733338,
    "CM": -0.10493852762242782,
    "L_D": 7.379735223133226
  },
  "corrected_results": {
    "CL": -0.07946319263964981,
    "CDi": -0.007913357592817269,
    "CM": 0.12205747294667363,
    "L_D": 10.041653205685575
  }
}