{
  "upper_weights": [
    0.405075389923582,
    0.3117035708471048,
    0.20219427623187497,
    0.12172877863037795,
    0.1417419315657904,
    0.0616498674248529,
    -0.0020342768803816025,
    -0.022700793635909156
  ],
  "lower_weights": [
    -0.09333427571022468,
    -0.15847991067123632,
    -0.1559238301022707,
    -0.10637757875406423,
    -0.051739392510919885,
    -0.08234703935059987,
    -0.0944619046649249,
    -0.12138247131701782
  ],
  "leading_edge_weight": -0.06862459216746436,
  "TE_thickness": 0.007254865267299105,
  "name": "design"
}