{
  "upper_weights": [
    0.5883529117380759,
    0.3902436082668809,
    -0.2942624792368974,
    0.26408056025189447,
    0.2143109629644115,
    -0.14956972508759228,
    0.373960637504783,
    -0.13725063688451583
  ],
  "lower_weights": [
    0.0871845260646773,
    -0.29999902073724405,
    0.24470539548579923,
    -0.2973147785043481,
    -0.16019800135844223,
    0.10392494181834883,
    0.08600333373578273,
    -0.2258899437844999
  ],
  "leading_edge_weight": -0.41768906411182394,
  "TE_thickness": 0.0013974302444949038,
  "name": "iter_00000"
}