{
  "upper_weights": [
    0.39962291019218305,
    0.3662514749899192,
    0.38620729351962363,
    0.2198219299983208,
    0.09167805138653556,
    -0.0741090192644755,
    -0.11440987173064249,
    -0.1521649018598133
  ],
  "lower_weights": [
    -0.16002163412402398,
    -0.21334050868253657,
    -0.24419377282748306,
    -0.19034684070492766,
    -0.13462137857732376,
    -0.13614217760090624,
    -0.2321728364090652,
    -0.2894701710491402
  ],
  "leading_edge_weight": 0.18127526499878532,
  "TE_thickness": 0.0048040456716128424,
  "name": "design"
}