{
  "upper_weights": [
    0.592477171392978,
    0.43221836106687755,
    0.2853411431877649,
    0.3821324340144488,
    0.4937515556151923,
    0.551929809681065,
    0.5625435690702512,
    0.5519953728433415
  ],
  "lower_weights": [
    -0.16027426730435326,
    -0.170908204157274,
    -0.14863920663916153,
    -0.1588033883397756,
    -0.26127121564309486,
    -0.28081091024594207,
    -0.2982509726211809,
    -0.2797967974979547
  ],
  "leading_edge_weight": 0.1640314871722125,
  "TE_thickness": 0.006637385385078469,
  "name": "iter_00663"
}