{
  "design_name": "HighSweep_MaxTwist_Symmetric_NegDihedral",
  "le_sweep": 57.29351890854045,
  "root_chord_in": 31.05101504061931,
  "twist_root": 9.953741036778728,
  "twist_tip": -10.0,
  "dihedral": -1.2928384906909565,
  "naca": {
    "m": 0,
    "p": 0,
    "t": 7,
    "chord_length": 1.0
  }
}