{
  "design_name": "Exploit_MinSweep_MaxTwist_NACA2408",
  "le_sweep": 47.204603767992836,
  "root_chord_in": 26.09708533991012,
  "twist_root": 10.0,
  "twist_tip": -10.0,
  "dihedral": 12.145599019615506,
  "naca": {
    "m": 2,
    "p": 4,
    "t": 9,
    "chord_length": 1.0
  }
}