{
  "design_name": "SweptWashoutLargeChordThinNACA",
  "le_sweep": 69.77763046738565,
  "root_chord_in": 41.03050504151247,
  "twist_root": 3.4309926938680886,
  "twist_tip": -9.22198928044942,
  "dihedral": 13.388224514473734,
  "naca": {
    "m": 2,
    "p": 4,
    "t": 9,
    "chord_length": 1.0
  }
}