{
  "design_name": "Hybrid_Twist_LowSweep_NACA2409",
  "le_sweep": 46.19363829585253,
  "root_chord_in": 25.03445834699081,
  "twist_root": 8.262345886102691,
  "twist_tip": -10.0,
  "dihedral": 9.797488064085929,
  "naca": {
    "m": 2,
    "p": 4,
    "t": 9,
    "chord_length": 1.0
  }
}