{
  "design_name": "AggressiveTwistThinCamber",
  "le_sweep": 53.055624722589315,
  "root_chord_in": 30.54094212280378,
  "twist_root": 9.853813803924824,
  "twist_tip": -10.0,
  "dihedral": 15.0,
  "naca": {
    "m": 2,
    "p": 4,
    "t": 7,
    "chord_length": 1.0
  }
}