{
  "design_name": "Hybrid_AggressiveTwist_Sweep55_D1",
  "le_sweep": 55.48168727304836,
  "root_chord_in": 30.352880345450544,
  "twist_root": 4.224229895360237,
  "twist_tip": -10.0,
  "dihedral": 3.0270946931404943,
  "naca": {
    "m": 2,
    "p": 4,
    "t": 7,
    "chord_length": 1.0
  }
}