{
  "design_name": "HighSweep_SymmetricThin_ExtremeTwist",
  "le_sweep": 65.98361463524316,
  "root_chord_in": 32.614355726082174,
  "twist_root": 10.0,
  "twist_tip": -9.591126864881154,
  "dihedral": 7.171093623358862,
  "naca": {
    "m": 0,
    "p": 0,
    "t": 6,
    "chord_length": 1.0
  }
}