{
  "design_name": "Hybrid_SweepTwistCamber",
  "le_sweep": 52.17691583539419,
  "root_chord_in": 29.6981007237615,
  "twist_root": 10.0,
  "twist_tip": -8.073812557970076,
  "dihedral": 5.321930992517155,
  "naca": {
    "m": 0,
    "p": 0,
    "t": 7,
    "chord_length": 1.0
  }
}