{
  "design_name": "Symmetric_Airfoil_Bold_Explore",
  "le_sweep": 51.388510406070075,
  "root_chord_in": 36.12066699051475,
  "twist_root": 8.952363058401652,
  "twist_tip": -10.0,
  "dihedral": 13.895014450439069,
  "naca": {
    "m": 0,
    "p": 0,
    "t": 18,
    "chord_length": 1.0
  }
}