{
  "design_name": "LowSweep_Symmetric_Anhedral_LargeChord",
  "le_sweep": 49.90018050401185,
  "root_chord_in": 47.71457979601311,
  "twist_root": 3.1370365095520896,
  "twist_tip": -5.2494310794703,
  "dihedral": -7.823639045702552,
  "naca": {
    "m": 0,
    "p": 0,
    "t": 6,
    "chord_length": 1.0
  }
}