{
  "upper_weights": [
    0.5397046608705205,
    0.5323833295824296,
    0.42918829091760285,
    0.18117260589202366,
    0.03478025971866545,
    0.009963532926249938,
    0.019331037607821795,
    -0.07687303108325698
  ],
  "lower_weights": [
    -0.15914090096979877,
    -0.09201805807237881,
    -0.0187353865564229,
    0.05200340668091987,
    -0.024461197378739256,
    -0.12452577511876194,
    -0.17920798054616793,
    -0.2577649427467426
  ],
  "leading_edge_weight": 0.24696054538019585,
  "TE_thickness": 0.0019146367654470338,
  "name": "Refined_Reflex_High_L_D_v2"
}