{
  "upper_weights": [
    0.39273573604124024,
    0.19500171650395076,
    0.16786382113476486,
    0.15075921397598224,
    0.1560345700439691,
    0.01927598994824204,
    -0.12044251450363304,
    -0.13236141088909356
  ],
  "lower_weights": [
    -0.11321963276290509,
    -0.09555271515048049,
    -0.16625555969466338,
    -0.13341072808014845,
    -0.06707110944588414,
    -0.09735659479585326,
    -0.16928939936696713,
    -0.2431012873589106
  ],
  "leading_edge_weight": 0.49839965345724124,
  "TE_thickness": 0.00418671345459952,
  "name": "Reflexed_CM0_Explorer"
}