{
  "upper_weights": [
    0.23660065024552174,
    0.3227385745330032,
    0.3716259934995541,
    0.31285171027169706,
    0.25283795955210303,
    0.1956465427337009,
    0.15008738240070013,
    0.12236542213630103
  ],
  "lower_weights": [
    -0.1511031697359935,
    0.02260058017848854,
    0.0032764790287270196,
    -0.032253760485859484,
    -0.003775820544626607,
    0.013536115898234224,
    -0.02481478196451281,
    -0.09612648658279296
  ],
  "leading_edge_weight": -0.4908004673106112,
  "TE_thickness": 0.006116875572036955,
  "name": "design"
}