{
  "leading_edge_weight": 0.15829859343540853,
  "TE_thickness": 0.005432880576741745,
  "upper_weights": [
    -0.2836090320709978,
    0.07613624074548414,
    -0.029402172427189066,
    -0.2483118642873487,
    0.3605979173704393,
    0.28269727723683663,
    0.47310324694613276,
    0.5532835977645072
  ],
  "lower_weights": [
    -0.07098653837202046,
    0.18808195204804562,
    0.18959279034530413,
    0.005348230467453474,
    0.23554940991721857,
    0.09838616506335113,
    -0.058755906430717514,
    -0.26799843921246724
  ],
  "_score": 2.1048967983928684
}