{
  "design_name": "CamberedThinWashoutHybrid",
  "design_params": {
    "le_sweep_deg": 72.2454544222613,
    "root_chord_in": 28.207150210937613,
    "twist_root_deg": -8.588947721048502,
    "twist_tip_deg": -3.939178445333175,
    "dihedral_deg": -15.0,
    "naca": {
      "m": 2,
      "p": 4,
      "t": 7,
      "chord_length": 1.0
    }
  },
  "sim_conditions": {
    "aoa_deg": 10.0,
    "mach": 0.3,
    "reynolds": 3000000.0
  },
  "vlm_results": {
    "CL": 0.09458595276960277,
    "CDi": 0.007350544378702493,
    "CM": -0.11903097837235853,
    "L_D": 12.867884050010858
  },
  "corrected_results": {
    "CL": 0.07755373249719391,
    "CDi": 0.0030027077317844094,
    "CM": -0.07340578020268763,
    "L_D": 25.827932461181064
  }
}