{
  "design_name": "BalancedSymmetricMidSweep",
  "design_params": {
    "le_sweep_deg": 68.13153582280722,
    "root_chord_in": 33.88450834656098,
    "twist_root_deg": -9.749183820070755,
    "twist_tip_deg": -8.298991079840478,
    "dihedral_deg": -4.3792285492117875,
    "naca": {
      "m": 0,
      "p": 0,
      "t": 10,
      "chord_length": 1.0
    }
  },
  "sim_conditions": {
    "aoa_deg": 10.0,
    "mach": 0.3,
    "reynolds": 3000000.0
  },
  "vlm_results": {
    "CL": 0.02927320582025586,
    "CDi": 0.000434122510560192,
    "CM": -0.029264740554919882,
    "L_D": 67.43074848268452
  },
  "corrected_results": {
    "CL": -0.007536428576490534,
    "CDi": -0.0002271825970434248,
    "CM": 0.0324350787239421,
    "L_D": 33.17344142804206
  }
}