{
  "upper_weights": [
    0.3800694875147797,
    0.33509923112236034,
    0.23383521885786357,
    0.10551118716660976,
    0.138640123644304,
    -0.06285705036449045,
    0.0029972355082354403,
    0.17191673605528374
  ],
  "lower_weights": [
    -0.2095511557243979,
    -0.053614380826566145,
    -0.15749641889394614,
    -0.04984086685064961,
    -0.19959386046466476,
    -0.29813426674996973,
    -0.28206883822395995,
    -0.3
  ],
  "leading_edge_weight": 0.42922999938546624,
  "TE_thickness": 0.003397368678981529,
  "name": "Exploratory_NonZeroCM_V1"
}