{
  "design_name": "HighSweepMaxWashoutAnhedralThinCamber",
  "design_params": {
    "le_sweep_deg": 71.82756240111918,
    "root_chord_in": 31.641249777972618,
    "twist_root_deg": -10.0,
    "twist_tip_deg": -10.0,
    "dihedral_deg": -15.0,
    "naca": {
      "m": 2,
      "p": 4,
      "t": 8,
      "chord_length": 1.0
    }
  },
  "sim_conditions": {
    "aoa_deg": 10.0,
    "mach": 0.3,
    "reynolds": 3000000.0
  },
  "vlm_results": {
    "CL": 0.007429745935381547,
    "CDi": 0.005291633734512109,
    "CM": -0.04173631918074255,
    "L_D": 1.404055213973832
  },
  "corrected_results": {
    "CL": 0.0034044085692398907,
    "CDi": 0.0002926104636631317,
    "CM": 0.0022308106564884545,
    "L_D": 11.634609803835389
  }
}