{
  "design_name": "Exploit_Washout_Camber_Sweep",
  "design_params": {
    "le_sweep_deg": 70.87175279866166,
    "root_chord_in": 36.13932065266053,
    "twist_root_deg": -7.1037731910416575,
    "twist_tip_deg": -10.0,
    "dihedral_deg": 4.256826814201523,
    "naca": {
      "m": 4,
      "p": 4,
      "t": 9,
      "chord_length": 1.0
    }
  },
  "sim_conditions": {
    "aoa_deg": 10.0,
    "mach": 0.3,
    "reynolds": 3000000.0
  },
  "vlm_results": {
    "CL": 0.23659823398079965,
    "CDi": 0.016147492382643378,
    "CM": -0.28725851065788466,
    "L_D": 14.652320519755405
  },
  "corrected_results": {
    "CL": 0.033192557330773774,
    "CDi": -0.001212126060312775,
    "CM": -0.018318853863855778,
    "L_D": -27.383750269513076
  }
}