{
  "design_name": "Exploration_LowSweep_PosDihedral_HighCamberThick",
  "design_params": {
    "le_sweep_deg": 52.96896915647119,
    "root_chord_in": 48.92656893187496,
    "twist_root_deg": 1.6524793096914268,
    "twist_tip_deg": -5.172341887954052,
    "dihedral_deg": 15.0,
    "naca": {
      "m": 2,
      "p": 4,
      "t": 16,
      "chord_length": 1.0
    }
  },
  "sim_conditions": {
    "aoa_deg": 10.0,
    "mach": 0.3,
    "reynolds": 3000000.0
  },
  "vlm_results": {
    "CL": 0.6282871445296934,
    "CDi": 0.08220631083821972,
    "CM": -0.5723667735158681,
    "L_D": 7.6428091483894605
  },
  "corrected_results": {
    "CL": -0.060376115817910476,
    "CDi": -0.018425078937928156,
    "CM": 0.14206780908073427,
    "L_D": 3.2768443501007645
  }
}