{
  "upper_weights": [
    0.2545753578134849,
    0.2623888733347092,
    0.2806097572330654,
    0.21664482630727072,
    0.07827213565645019,
    -0.08998563640972271,
    -0.06467462013366762,
    -0.07259141374638822
  ],
  "lower_weights": [
    -0.14144572209278458,
    -0.06638456778544966,
    -0.08719147974683292,
    -0.09096514328599023,
    -0.15535887238556403,
    -0.25570388759730267,
    -0.2687699890669859,
    -0.3
  ],
  "leading_edge_weight": 0.0805042878606409,
  "TE_thickness": 0.01,
  "name": "iter_0567"
}