{
  "name": "iter_0107",
  "mach": 0.82,
  "aoa": 3.0,
  "SA": 40.0,
  "AR": 11.0,
  "TR": 0.4,
  "kink": 0.42,
  "rootadj": 0.1,
  "DA_kink": 6.0,
  "DA_tip": 4.0,
  "t_root": 0.14,
  "r_t2": 0.6,
  "r_t3": 0.98,
  "r_t4": 1.0,
  "r_d1": 0.8,
  "r_d2": 0.8031582191708957,
  "r_d4": 0.4011830704860473,
  "tw1": -2.0,
  "tw2": -2.0,
  "tw3": -1.0,
  "tw4": -3.0,
  "cst_upper": [
    0.14344871182868568,
    0.5999999999999999,
    -0.10537001214528999,
    0.5999999999999999,
    0.5999999999999999,
    -0.3,
    0.5999999999999999,
    0.5999999999999999,
    0.033631190340626504,
    0.5999999999999999
  ],
  "cst_lower": [
    -0.3,
    -0.3,
    -0.050316708423498085,
    -0.3,
    -0.3,
    0.3,
    -0.2711829303773342,
    0.3,
    0.01708973643419298,
    0.3
  ]
}