{
  "upper_weights": [
    0.5179821210041242,
    0.46410059209483717,
    0.34831284910481525,
    0.2150628105571301,
    0.12921316442292213,
    0.027353948234244085,
    0.030577652790346743,
    -0.0077225948618211415
  ],
  "lower_weights": [
    -0.08571057666270429,
    -0.05351703672197067,
    -0.040836243176839815,
    -0.20441320917231404,
    -0.3,
    -0.3,
    -0.3,
    -0.26334299089078356
  ],
  "leading_edge_weight": -0.5,
  "TE_thickness": 0.0,
  "name": "iter_0351"
}