{
  "upper_weights": [
    0.33513928695713907,
    0.3303612368993292,
    0.38163699120226896,
    0.40163552333168867,
    0.30437710797744305,
    0.2149420273163955,
    0.17191324122994567,
    0.10528861240279302
  ],
  "lower_weights": [
    -0.15728335537949933,
    -0.019940415407737666,
    -0.031837630231255964,
    -0.05629112933627453,
    0.009324502944938418,
    0.04648595075914164,
    0.0023654475321064905,
    -0.05778882214545772
  ],
  "leading_edge_weight": -0.43127755155700903,
  "TE_thickness": 0.003865712826436294,
  "name": "design"
}