{
  "upper_weights": [
    0.3292773029232933,
    0.3782220840959528,
    0.34068399105941366,
    0.21931119710214433,
    0.08360268266550783,
    0.0318919750015207,
    0.021512283900840895,
    -0.09190833081682277
  ],
  "lower_weights": [
    -0.1264297911283074,
    0.03814859007557719,
    0.14421751517989903,
    0.09843727208892258,
    -0.056494596184300014,
    -0.2195701657152117,
    -0.298628420310744,
    -0.2736563319092038
  ],
  "leading_edge_weight": 0.4401046620199154,
  "TE_thickness": 0.01,
  "name": "Refined_Reflex_Wing_V1"
}