{
  "design_name": "High_Sweep_PositiveDihedral_MildTwist_HighCamber",
  "design_params": {
    "le_sweep_deg": 80.0,
    "root_chord_in": 43.44831005305698,
    "twist_root_deg": 0.1656383121016738,
    "twist_tip_deg": -1.5080751862661792,
    "dihedral_deg": 5.581237889967939,
    "naca": {
      "m": 4,
      "p": 4,
      "t": 14,
      "chord_length": 1.0
    }
  },
  "sim_conditions": {
    "aoa_deg": 10.0,
    "mach": 0.3,
    "reynolds": 3000000.0
  },
  "vlm_results": {
    "CL": 0.33573428803942346,
    "CDi": 0.050015794074346115,
    "CM": -0.3781842517887533,
    "L_D": 6.712565385653386
  },
  "corrected_results": {
    "CL": -0.08564243556088139,
    "CDi": -0.026968566214659137,
    "CM": 0.13966698854049628,
    "L_D": 3.1756391822687724
  }
}