{
  "upper_weights": [
    0.32973067147233165,
    0.09635853083709572,
    0.06697575984694304,
    0.42645955061631663,
    0.3992322889799464,
    0.03847593107191777,
    0.395848914349022,
    0.5286749811193054
  ],
  "lower_weights": [
    0.09495051499807228,
    0.00556209406319641,
    0.0030231214007187535,
    -0.13544587433497102,
    -0.2676102440644715,
    -0.23085241286980734,
    -0.025020664313014085,
    -0.2917610625731046
  ],
  "leading_edge_weight": -0.13774382517552258,
  "TE_thickness": 0.007869837719810183,
  "_score": 109.31886404591569
}