{
  "design_name": "Initial_Symmetric_Twisted_Delta",
  "design_params": {
    "le_sweep_deg": 70.43383766599027,
    "root_chord_in": 32.598849004049306,
    "twist_root_deg": 2.2760746492022745,
    "twist_tip_deg": -4.939182729342961,
    "dihedral_deg": 2.347862098550484,
    "naca": {
      "m": 0,
      "p": 0,
      "t": 16,
      "chord_length": 1.0
    }
  },
  "sim_conditions": {
    "aoa_deg": 10.0,
    "mach": 0.3,
    "reynolds": 3000000.0
  },
  "vlm_results": {
    "CL": 0.3640364334397726,
    "CDi": 0.059202100362233744,
    "CM": -0.3239277453905252,
    "L_D": 6.149045915810093
  },
  "corrected_results": {
    "CL": 0.08677644804056964,
    "CDi": 0.015729032300574097,
    "CM": -0.04925934512333613,
    "L_D": 5.516960381434424
  }
}