{
  "design_name": "HighSweepAggressiveWashoutAnhedral4410",
  "design_params": {
    "le_sweep_deg": 63.79215179223182,
    "root_chord_in": 42.32835492921419,
    "twist_root_deg": -6.691581850044425,
    "twist_tip_deg": -7.088203112581223,
    "dihedral_deg": -7.036231427433844,
    "naca": {
      "m": 2,
      "p": 4,
      "t": 9,
      "chord_length": 1.0
    }
  },
  "sim_conditions": {
    "aoa_deg": 10.0,
    "mach": 0.3,
    "reynolds": 3000000.0
  },
  "vlm_results": {
    "CL": 0.22082275259162967,
    "CDi": 0.011083650943784717,
    "CM": -0.23357347798469275,
    "L_D": 19.923286443395128
  },
  "corrected_results": {
    "CL": -0.04595531485781104,
    "CDi": -0.008777912192473394,
    "CM": 0.09465755049639775,
    "L_D": 5.235335447672323
  }
}