{
  "upper_weights": [
    0.2839006397165013,
    0.08251191243132511,
    0.012988216111471884,
    0.03169562466420606,
    0.0599012490582434,
    0.18132835314449863,
    0.2935978943551753,
    0.35532014891922076
  ],
  "lower_weights": [
    -0.17736994638312817,
    -0.21818491368101028,
    -0.2687445284015398,
    -0.2285394729887913,
    -0.29803830821967825,
    -0.29999230004555855,
    -0.22337802878513963,
    -0.2727337518344627
  ],
  "leading_edge_weight": 0.49998046281499153,
  "TE_thickness": 0.004427978394964814,
  "name": "iter_00683"
}