{
  "upper_weights": [
    0.22707104140515544,
    -0.04892797942736196,
    0.2628129431330598,
    0.05455849543725951,
    -0.04293431731868289,
    0.0347054110634331,
    0.014541228036448773,
    -0.024922891070615367
  ],
  "lower_weights": [
    -0.18534249649812579,
    -0.20632049230611388,
    -0.1885398270622191,
    -0.1318186371647662,
    -0.04611648279973897,
    -0.11252333858261941,
    -0.0645717564657439,
    -0.286656352687325
  ],
  "leading_edge_weight": 0.19594628523989338,
  "TE_thickness": 0.001056990198222911,
  "name": "HPA_Initial_Cambered_Scoop"
}