{
  "name": "design",
  "mach": 0.82,
  "aoa": 3.0,
  "SA": 35.65226518952388,
  "AR": 9.451102603301123,
  "TR": 0.2596724190162294,
  "kink": 0.3793883567765181,
  "rootadj": 0.4008604258322628,
  "DA_kink": 3.623875760141913,
  "DA_tip": 4.881566493246424,
  "t_root": 0.15102962752322655,
  "r_t2": 0.6727185719673626,
  "r_t3": 0.9292930081372173,
  "r_t4": 0.9604830505228616,
  "r_d1": 0.4175143150137887,
  "r_d2": 0.680552839501593,
  "r_d4": 0.4488356081736266,
  "tw1": -2.419249704252592,
  "tw2": -3.2462155667065375,
  "tw3": -1.718775847560392,
  "tw4": -1.798263770639179,
  "cst_upper": [
    0.3612409039875295,
    0.3650703099268734,
    0.14390990636835838,
    0.5993917738388345,
    -0.13526681910523278,
    0.3647988107562101,
    0.16924518200301686,
    0.5540524616056227,
    0.18824323025367745,
    0.33653974196829883
  ],
  "cst_lower": [
    -0.12422288759573681,
    0.03556184571602063,
    -0.06433620860909826,
    -0.18453087089125442,
    0.0568933137601958,
    -0.09290578651211497,
    0.06709293459271691,
    0.23213691389964317,
    0.003589564469011451,
    -0.11488325219032372
  ]
}