{
  "design_name": "Refined_Design1_Twist_Thin",
  "design_params": {
    "le_sweep_deg": 65.06967293907006,
    "root_chord_in": 34.633753484171834,
    "twist_root_deg": -10.0,
    "twist_tip_deg": 1.3909797684126648,
    "dihedral_deg": -3.278277803717927,
    "naca": {
      "m": 4,
      "p": 4,
      "t": 14,
      "chord_length": 1.0
    }
  },
  "sim_conditions": {
    "aoa_deg": 10.0,
    "mach": 0.3,
    "reynolds": 3000000.0
  },
  "vlm_results": {
    "CL": 0.17282899220113795,
    "CDi": 0.02819910060335695,
    "CM": -0.2405099218958044,
    "L_D": 6.128883138229011
  },
  "corrected_results": {
    "CL": 0.020642239501798616,
    "CDi": 0.001124491984658068,
    "CM": -0.01920495353195625,
    "L_D": 18.356946766566278
  }
}