{
  "upper_weights": [
    0.21276965434252076,
    0.336137415338095,
    0.36968348002639123,
    0.20403215816343429,
    0.024162254842829856,
    -0.09903114941005231,
    -0.07055546978505958,
    -0.04925843063234964
  ],
  "lower_weights": [
    -0.09732671976922067,
    -0.055873848386487845,
    -0.11365146135788601,
    -0.10431356057313529,
    -0.1328279805894176,
    -0.15242429393644694,
    -0.22516100179511336,
    -0.3
  ],
  "leading_edge_weight": 0.14717880301528485,
  "TE_thickness": 0.0038213354217735175,
  "name": "design"
}