{
  "upper_weights": [
    0.5447104973865036,
    0.5470764787774336,
    0.48937275375481165,
    0.42470207820689504,
    0.26459094202436634,
    0.16450936750931988,
    0.11795212462167287,
    0.013313728622575682
  ],
  "lower_weights": [
    -0.23634014983350726,
    -0.2891419189479242,
    -0.3,
    -0.3,
    -0.15668187951016943,
    -0.07419676400701347,
    -0.08391719930739713,
    -0.17452046750858835
  ],
  "leading_edge_weight": 0.5,
  "TE_thickness": 0.007313409769315855,
  "name": "iter_0450"
}