{
  "upper_weights": [
    0.40457190110276686,
    0.3707482263025047,
    0.4567382230984062,
    0.4984441766171509,
    0.4443354003755771,
    0.38574973832106674,
    0.2400393148362702,
    0.30685495466797535
  ],
  "lower_weights": [
    -0.22640294467993666,
    -0.20729163055396482,
    -0.20549022683259888,
    -0.11610346350403272,
    -0.03492355237377627,
    -0.037387695085714115,
    -0.0027141682003544556,
    0.027989277431487044
  ],
  "leading_edge_weight": 0.4710395088039832,
  "TE_thickness": 8.308640516778777e-05,
  "name": "HPA_Cambered_Solvable_001"
}