{
  "upper_weights": [
    0.3344040743509675,
    0.38666600612323204,
    0.4062896723895015,
    0.532175491220817,
    0.5419099327491488,
    0.39354062794539274,
    0.18174610843230826,
    0.10885982897657803
  ],
  "lower_weights": [
    -0.08143583319820644,
    -0.052199265458548194,
    -0.08433706000118793,
    -0.009293105624252063,
    0.022740521318919737,
    0.013369048102130854,
    0.010470901994398152,
    0.004165865200965235
  ],
  "leading_edge_weight": 0.023992707673812452,
  "TE_thickness": 0.002512047477309118,
  "name": "design"
}