{
  "SA": 32.321338708542896,
  "AR": 9.488672645410304,
  "TR": 0.27794030592494456,
  "kink": 0.39039685769990085,
  "rootadj": 0.5967038108516965,
  "DA_kink": 3.2372000661275613,
  "DA_tip": 4.995199211988987,
  "t_root": 0.1553138474077091,
  "r_t2": 0.6499761181138888,
  "r_t3": 0.9400482037738663,
  "r_t4": 0.9610066481628962,
  "r_d1": 0.5545720097568786,
  "r_d2": 0.7573919040821406,
  "r_d4": 0.3996948153894217,
  "tw1": -3.0124231316040233,
  "tw2": -2.9878491350854075,
  "tw3": -1.9963964097319762,
  "tw4": -2.0036584556192096,
  "cst_upper": [
    0.004162257897315219,
    0.003710617369651326,
    0.00483783019951168,
    0.005679435846063369,
    0.004895772490550299,
    0.005350889325905403,
    0.004725017463523018,
    0.005389282393606775,
    0.004883575974607034,
    0.0056775559261438985
  ],
  "cst_lower": [
    -0.00032993437216043034,
    -0.003430411476694506,
    -0.0049889910465147356,
    -0.010990436402341567,
    -0.006608364479943155,
    0.0059775930327440425,
    -0.008153199604690962,
    -0.011406834072467573,
    0.00605748925047683,
    0.004564698383156535
  ],
  "_score": 13.340805734949484
}