{
  "design_name": "LowSweep_HighDihedral_NeutralRootTwist_ThickCamber",
  "design_params": {
    "le_sweep_deg": 56.24475071513666,
    "root_chord_in": 28.00714242524475,
    "twist_root_deg": -3.468407232148886,
    "twist_tip_deg": -10.0,
    "dihedral_deg": 15.0,
    "naca": {
      "m": 4,
      "p": 4,
      "t": 18,
      "chord_length": 1.0
    }
  },
  "sim_conditions": {
    "aoa_deg": 10.0,
    "mach": 0.3,
    "reynolds": 3000000.0
  },
  "vlm_results": {
    "CL": 0.40695968362223395,
    "CDi": 0.025278735418632767,
    "CM": -0.4218324298572536,
    "L_D": 16.09889406581102
  },
  "corrected_results": {
    "CL": 0.3119053963635403,
    "CDi": 0.017958178294473742,
    "CM": -0.3049279842848168,
    "L_D": 17.36843187816677
  }
}