{
  "name": "iter_48_s0",
  "mach": 0.82,
  "aoa": 3.0,
  "SA": 39.6,
  "AR": 10.75,
  "TR": 0.3815,
  "kink": 0.3765,
  "rootadj": 0.1315,
  "DA_kink": 0.55,
  "DA_tip": 5.85,
  "t_root": 0.16765,
  "r_t2": 0.604,
  "r_t3": 0.906,
  "r_t4": 0.9565,
  "r_d1": 0.781,
  "r_d2": 0.9815,
  "r_d4": 0.0025,
  "tw1": -2.09,
  "tw2": -3.56,
  "tw3": -1.06,
  "tw4": -2.56,
  "cst_upper": [
    0.58125,
    0.56125,
    0.54125,
    0.52125,
    0.50125,
    0.48125,
    0.46125,
    0.44125,
    0.42125,
    0.30125
  ],
  "cst_lower": [
    -0.28125,
    -0.26125,
    -0.24125,
    -0.22125,
    -0.20125,
    -0.18125,
    -0.16125,
    -0.14125,
    -0.12125,
    -0.10125
  ]
}