{
  "design_name": "HighSweep_ThickAirfoil_ExtremeTwistDihedral",
  "design_params": {
    "le_sweep_deg": 80.0,
    "root_chord_in": 34.483239540122746,
    "twist_root_deg": 9.981282359571013,
    "twist_tip_deg": -7.968562462630607,
    "dihedral_deg": 6.706773882801956,
    "naca": {
      "m": 2,
      "p": 4,
      "t": 22,
      "chord_length": 1.0
    }
  },
  "sim_conditions": {
    "aoa_deg": 10.0,
    "mach": 0.3,
    "reynolds": 3000000.0
  },
  "vlm_results": {
    "CL": 1.219065512113291,
    "CDi": 0.2190490696729188,
    "CM": -1.3994993459219631,
    "L_D": 5.565262221535949
  },
  "corrected_results": {
    "CL": 0.1480217101716896,
    "CDi": 0.037025950869534786,
    "CM": -0.12081752784758534,
    "L_D": 3.9977828170642042
  }
}