{
  "design_name": "High_Sweep_Aggressive_Washout_NACA4410",
  "design_params": {
    "le_sweep_deg": 71.69428907534383,
    "root_chord_in": 40.774349447063564,
    "twist_root_deg": -7.04396852201159,
    "twist_tip_deg": 0.23067840800483408,
    "dihedral_deg": -3.1002200503085415,
    "naca": {
      "m": 4,
      "p": 4,
      "t": 7,
      "chord_length": 1.0
    }
  },
  "sim_conditions": {
    "aoa_deg": 10.0,
    "mach": 0.3,
    "reynolds": 3000000.0
  },
  "vlm_results": {
    "CL": 0.17960005148784014,
    "CDi": 0.02519824041565764,
    "CM": -0.22651892590860834,
    "L_D": 7.1274838451116835
  },
  "corrected_results": {
    "CL": -0.051463140455671845,
    "CDi": -0.013900277452381688,
    "CM": 0.08613127999780773,
    "L_D": 3.702310305097838
  }
}