{
  "upper_weights": [
    0.17817268573189826,
    0.3192366277217146,
    0.20189040817137477,
    0.4963694846977382,
    0.14087020493813723,
    0.5999999999999999,
    0.4989653702691356,
    -0.06819680937099182
  ],
  "lower_weights": [
    -0.0833894070851535,
    0.3,
    0.3,
    0.3,
    0.3,
    0.3,
    0.3,
    0.3
  ],
  "leading_edge_weight": -0.06690303617392385,
  "TE_thickness": 0.0,
  "name": "iter_0317"
}