{
  "design_name": "Hybrid_AggressiveAnhedralThin",
  "design_params": {
    "le_sweep_deg": 71.23797572368547,
    "root_chord_in": 32.88449414553215,
    "twist_root_deg": -10.0,
    "twist_tip_deg": -10.0,
    "dihedral_deg": -15.0,
    "naca": {
      "m": 2,
      "p": 4,
      "t": 7,
      "chord_length": 1.0
    }
  },
  "sim_conditions": {
    "aoa_deg": 10.0,
    "mach": 0.3,
    "reynolds": 3000000.0
  },
  "vlm_results": {
    "CL": 0.009092021732519268,
    "CDi": 0.005334668432937904,
    "CM": -0.04363332272730558,
    "L_D": 1.7043274285581265
  },
  "corrected_results": {
    "CL": -0.00785702955418583,
    "CDi": -1.8271623358582483e-05,
    "CM": 0.016773281753618616,
    "L_D": 430.01267046670233
  }
}