{
  "design_name": "HighSweep_AggressiveWashout_ThinCamber",
  "design_params": {
    "le_sweep_deg": 78.02135589337156,
    "root_chord_in": 25.734,
    "twist_root_deg": 0.0,
    "twist_tip_deg": 0.0,
    "dihedral_deg": 0.0,
    "naca": {
      "m": 4,
      "p": 4,
      "t": 8,
      "chord_length": 1.0
    }
  },
  "sim_conditions": {
    "aoa_deg": 0.0,
    "mach": 0.3,
    "reynolds": 3000000.0
  },
  "vlm_results": {
    "CL": 0.06503184826651763,
    "CDi": 0.013254173006325153,
    "CM": -0.12317224565059043,
    "L_D": 4.906518742096028
  },
  "corrected_results": {
    "CL": 0.03066362036553209,
    "CDi": 0.006855713007067177,
    "CM": -0.0543539786932486,
    "L_D": 4.4727106187091925
  }
}