{
  "upper_weights": [
    0.16497188160667386,
    0.2067100967252649,
    0.5999999999999999,
    0.458078161927927,
    -0.3,
    0.5999999999999999,
    0.3412916059819823,
    0.1848627136827113
  ],
  "lower_weights": [
    0.07691201904975303,
    0.3,
    -0.3,
    0.3,
    0.3,
    0.3,
    -0.3,
    0.1493065797291157
  ],
  "leading_edge_weight": 0.5,
  "TE_thickness": 0.0,
  "name": "iter_0201"
}