{
  "name": "design",
  "mach": 0.82,
  "aoa": 3.0,
  "SA": 37.30800103797958,
  "AR": 10.990767612161129,
  "TR": 0.2623513297023277,
  "kink": 0.40991125172526904,
  "rootadj": 1.1,
  "DA_kink": 3.6028253877619796,
  "DA_tip": 5.054909445157423,
  "t_root": 0.14,
  "r_t2": 0.600829783763855,
  "r_t3": 0.9443573629967639,
  "r_t4": 0.9612573440105648,
  "r_d1": 0.797162656581492,
  "r_d2": 0.9079959110566269,
  "r_d4": 0.1261460533570131,
  "tw1": -2.1073694817749775,
  "tw2": -2.0,
  "tw3": -1.00025313289595,
  "tw4": -1.6285469550897174,
  "cst_upper": [
    0.27392331383359975,
    -0.21756545203489935,
    0.27437914422453974,
    0.5132260166672129,
    0.0031075737619689625,
    0.26155736251365896,
    0.44819007330351585,
    0.1307878608915955,
    0.33649446901793184,
    0.4856791659407514
  ],
  "cst_lower": [
    0.09858507094100605,
    -0.2981274433078684,
    -0.11985377719387355,
    -0.09176868856604362,
    -0.2690124018013455,
    -0.07069484380184016,
    -0.21573285225564826,
    -0.15848750094364625,
    0.09056890932933315,
    0.3
  ]
}