{
  "upper_weights": [
    0.08766950091485448,
    0.11371246441388766,
    0.3396048511976026,
    0.28966783277749025,
    0.29862147388345867,
    0.39612844993659396,
    0.5999999999999999,
    0.06449464248639353
  ],
  "lower_weights": [
    -0.055893290921811445,
    0.2495937968130389,
    0.09511199539975457,
    0.3,
    0.3,
    0.3,
    0.24123447428479478,
    0.3
  ],
  "leading_edge_weight": 0.5,
  "TE_thickness": 0.00024946279466240434,
  "name": "design"
}