{
  "upper_weights": [
    0.24742037398824296,
    0.3605546157491113,
    0.4575333283774849,
    0.36179531088678146,
    0.11137105115729673,
    -0.019988607603117627,
    -0.07360595687659406,
    -0.10684983418063627
  ],
  "lower_weights": [
    -0.06783346009664867,
    -0.15360433301162685,
    -0.19630059829182658,
    -0.20706880544178335,
    -0.27083085034220594,
    -0.2644250717294054,
    -0.252455450859353,
    -0.25814919981796003
  ],
  "leading_edge_weight": 0.1739034446572391,
  "TE_thickness": 0.0,
  "name": "IncreasedCamber_TunedReflex"
}