{
  "reward": 33.519787,
  "CL": 0.335198,
  "CD": 0.01,
  "L_D": 33.5198,
  "alpha_deg": 0.0,
  "S_real_m2": 21.467632,
  "MAC_m": 1.400344
}