{
  "upper_weights": [
    0.5482200189048247,
    0.3136489744575674,
    0.2110471827282781,
    0.16223453095611823,
    0.08425137434941649,
    0.06293108223948896,
    0.06269466518745836,
    -0.046648187978313715
  ],
  "lower_weights": [
    -0.23734854509135314,
    -0.16552257518006078,
    -0.2283980980784175,
    -0.24126396538517325,
    -0.1499813779485029,
    -0.1376407521531935,
    -0.25989077119312537,
    -0.28724534612464137
  ],
  "leading_edge_weight": -0.12761893754890452,
  "TE_thickness": 6.41259156904058e-06,
  "name": "iter_00627"
}