{
  "design_name": "Hybrid_Sweep_Washout_NACA4012",
  "design_params": {
    "le_sweep_deg": 71.66452458285335,
    "root_chord_in": 35.326162759000376,
    "twist_root_deg": -5.3042589806019205,
    "twist_tip_deg": -8.277900154443028,
    "dihedral_deg": -9.959599910200733,
    "naca": {
      "m": 4,
      "p": 0,
      "t": 10,
      "chord_length": 1.0
    }
  },
  "sim_conditions": {
    "aoa_deg": 10.0,
    "mach": 0.3,
    "reynolds": 3000000.0
  },
  "vlm_results": {
    "CL": 0.16854051379393134,
    "CDi": 0.010023177341458328,
    "CM": -0.1561494016979922,
    "L_D": 16.815078497793937
  },
  "corrected_results": {
    "CL": 0.02173864373568945,
    "CDi": 0.001815958958676477,
    "CM": 0.017118366394493163,
    "L_D": 11.970889337462337
  }
}