{
  "SA": 31.029524884454005,
  "AR": 9.301624679947452,
  "TR": 0.27026822154349456,
  "kink": 0.3927751745305164,
  "rootadj": 0.5998552729049212,
  "DA_kink": 4.1846267487312705,
  "DA_tip": 5.05269066645918,
  "t_root": 0.15314430782959415,
  "r_t2": 0.6572618111069041,
  "r_t3": 0.956441439280352,
  "r_t4": 0.9674007822790581,
  "r_d1": 0.5473226381620007,
  "r_d2": 0.7364807324906065,
  "r_d4": 0.43309884116630004,
  "tw1": -2.473769742341103,
  "tw2": -2.512221014702051,
  "tw3": -2.094333682568767,
  "tw4": -1.6497610574780834,
  "cst_upper": [
    0.1095695073361775,
    0.16533361103707164,
    0.11572624579758024,
    0.11244249638381063,
    0.24925933848187423,
    0.06772678554782506,
    0.20271852706138993,
    0.23216295551044355,
    0.2794392287573223,
    0.22207810846030399
  ],
  "cst_lower": [
    0.0481528521227672,
    0.026872434186533047,
    -0.06765495920286337,
    -0.004329853809721925,
    -0.026406255339570976,
    -0.012139835733175607,
    -0.033887775570430295,
    -0.008865351868630526,
    0.018421955624896205,
    -0.026681476081885768
  ],
  "_score": -0.08191369902384568
}