{
  "upper_weights": [
    0.3693777530450842,
    0.3225128742573225,
    0.21124637676244978,
    0.053531848120851044,
    0.048427638797579,
    -0.019296045770442638,
    -0.13004214214799573,
    -0.05452350923619076
  ],
  "lower_weights": [
    -0.19162844138292218,
    -0.13953960091225423,
    -0.17069372646107164,
    -0.1777522082866354,
    -0.1728534298155615,
    -0.21589597378896935,
    -0.1987600495273258,
    -0.17348981793251586
  ],
  "leading_edge_weight": 0.4448386913382638,
  "TE_thickness": 0.005950604177011269,
  "name": "design"
}