{
  "design_name": "LowSweep_HighCamber_Washin_Dihedral",
  "design_params": {
    "le_sweep_deg": 57.89266158937236,
    "root_chord_in": 40.18539991127353,
    "twist_root_deg": 4.599613470040538,
    "twist_tip_deg": 4.03835249788238,
    "dihedral_deg": 13.70083416867828,
    "naca": {
      "m": 4,
      "p": 4,
      "t": 17,
      "chord_length": 1.0
    }
  },
  "sim_conditions": {
    "aoa_deg": 10.0,
    "mach": 0.3,
    "reynolds": 3000000.0
  },
  "vlm_results": {
    "CL": 1.0383650165400147,
    "CDi": 0.22521433954841913,
    "CM": -1.0215060861189973,
    "L_D": 4.610563513060745
  },
  "corrected_results": {
    "CL": 0.13928139804793033,
    "CDi": 0.024750486687822454,
    "CM": -0.09221344801807016,
    "L_D": 5.627420575792495
  }
}