{
  "name": "design",
  "mach": 0.82,
  "aoa": 3.0,
  "SA": 40.0,
  "AR": 10.994241960888694,
  "TR": 0.21979560720026248,
  "kink": 0.3785920521077309,
  "rootadj": 0.1,
  "DA_kink": 3.9064228371086624,
  "DA_tip": 5.115105578695996,
  "t_root": 0.14,
  "r_t2": 0.6007541788548728,
  "r_t3": 0.9626402668368591,
  "r_t4": 0.9695404905126274,
  "r_d1": 0.7084801766851708,
  "r_d2": 0.6384086061443923,
  "r_d4": 0.15820713694244182,
  "tw1": -2.028358980009249,
  "tw2": -2.1293179092519416,
  "tw3": -1.0650288561965509,
  "tw4": -2.0780308730974646,
  "cst_upper": [
    0.030204775783265247,
    0.5640755417423937,
    0.18275163850338028,
    0.2904833783299277,
    0.3467157905769814,
    0.3682109171683345,
    0.14742996381254486,
    0.20315881385148676,
    0.5203830555925852,
    0.5999999999999999
  ],
  "cst_lower": [
    0.062062785197793346,
    -0.3,
    -0.11082558373776583,
    -0.16360873349033245,
    -0.1464162267954072,
    0.06539417448189516,
    -0.09513419565506309,
    -0.2011952203379937,
    0.21798962076464062,
    0.29702470975924206
  ]
}