{
  "design_name": "Moderate_Sweep_Thick_Positive_Dihedral",
  "le_sweep": 58.960503871429474,
  "root_chord_in": 43.32363834532628,
  "twist_root": -5.199131616920386,
  "twist_tip": -6.038759980841511,
  "dihedral": 15.0,
  "naca": {
    "m": 2,
    "p": 4,
    "t": 20,
    "chord_length": 1.0
  }
}