{
  "design_name": "HighCamber_MaxWashout_ExploratorySweep",
  "le_sweep": 69.32528278263685,
  "root_chord_in": 35.608818927816756,
  "twist_root": -10.0,
  "twist_tip": -10.0,
  "dihedral": -11.683437215664286,
  "naca": {
    "m": 4,
    "p": 4,
    "t": 6,
    "chord_length": 1.0
  }
}