{
  "design_name": "ModerateSweep_SymmetricAirfoil_Washout",
  "le_sweep": 63.131414497131395,
  "root_chord_in": 35.15918488824624,
  "twist_root": -3.1955083798295925,
  "twist_tip": -6.227642144059059,
  "dihedral": -3.2549018158206238,
  "naca": {
    "m": 0,
    "p": 0,
    "t": 11,
    "chord_length": 1.0
  }
}