{
  "design_name": "LowSweep_PosDihedral_LE_Camber_TwistExp",
  "le_sweep": 55.41612036991014,
  "root_chord_in": 34.8467165434746,
  "twist_root": 8.700581877246016,
  "twist_tip": -7.434592393244898,
  "dihedral": 4.822700189048113,
  "naca": {
    "m": 2,
    "p": 0,
    "t": 14,
    "chord_length": 1.0
  }
}