{
  "design_name": "SweptCamberWashout",
  "le_sweep": 70.30137471821726,
  "root_chord_in": 35.437423467144306,
  "twist_root": -7.268703433305276,
  "twist_tip": -10.0,
  "dihedral": -13.100544824170091,
  "naca": {
    "m": 4,
    "p": 4,
    "t": 8,
    "chord_length": 1.0
  }
}