{
  "design_name": "Initial_HighSweep_CamberWashout",
  "le_sweep": 67.3783174710285,
  "root_chord_in": 33.95211407625224,
  "twist_root": 1.8863616398043561,
  "twist_tip": -1.5953009685755706,
  "dihedral": 2.5140603236884433,
  "naca": {
    "m": 4,
    "p": 0,
    "t": 16,
    "chord_length": 1.0
  }
}