{
  "design_name": "Exploitation-HighSweepWashoutAnhedralThin",
  "le_sweep": 65.19602516601658,
  "root_chord_in": 33.0385391280079,
  "twist_root": -10.0,
  "twist_tip": -6.3369015180268295,
  "dihedral": -15.0,
  "naca": {
    "m": 2,
    "p": 4,
    "t": 7,
    "chord_length": 1.0
  }
}