{
  "design_name": "Hybrid_HighSweep_VortexWashout_007",
  "le_sweep": 80.0,
  "root_chord_in": 25.54385178309497,
  "twist_root": -3.648195894326478,
  "twist_tip": -9.004387722879233,
  "dihedral": -15.0,
  "naca": {
    "m": 0,
    "p": 0,
    "t": 11,
    "chord_length": 1.0
  }
}