{
  "design_name": "ExtremeSweep_MinThick_AnhedralWashout",
  "le_sweep": 73.64401899539405,
  "root_chord_in": 25.683771005322143,
  "twist_root": -10.0,
  "twist_tip": -2.299878884916236,
  "dihedral": -14.74461144794141,
  "naca": {
    "m": 0,
    "p": 0,
    "t": 8,
    "chord_length": 1.0
  }
}