{
  "design_name": "Exploitative_HighSweep_MaxWashout_Anhedral",
  "le_sweep": 72.49276333245326,
  "root_chord_in": 28.81678980991821,
  "twist_root": -5.659607226293504,
  "twist_tip": -10.0,
  "dihedral": -14.018263830528921,
  "naca": {
    "m": 2,
    "p": 0,
    "t": 9,
    "chord_length": 1.0
  }
}