{
  "design_name": "ExploitationMaxWashoutAnhedralNACA2409",
  "le_sweep": 71.49527730248363,
  "root_chord_in": 33.15548673926116,
  "twist_root": -6.899412512853351,
  "twist_tip": -7.760108614315727,
  "dihedral": -10.513652662649786,
  "naca": {
    "m": 4,
    "p": 4,
    "t": 7,
    "chord_length": 1.0
  }
}