{
  "design_name": "ModerateSweep_PosRootTwist_PosDihedral_NACA4410",
  "le_sweep": 62.25311081646208,
  "root_chord_in": 35.081730019189514,
  "twist_root": 7.670176733109646,
  "twist_tip": -2.5901106426742917,
  "dihedral": 7.074246164744528,
  "naca": {
    "m": 4,
    "p": 4,
    "t": 8,
    "chord_length": 1.0
  }
}