{
  "design_name": "Hybrid_Sweep_Washout_NACA2407",
  "le_sweep": 77.94323468898816,
  "root_chord_in": 33.09673760063708,
  "twist_root": -5.316529757664547,
  "twist_tip": -9.700661005324884,
  "dihedral": -15.0,
  "naca": {
    "m": 2,
    "p": 4,
    "t": 6,
    "chord_length": 1.0
  }
}