{
  "design_name": "ExtremeSweepCamberedWashout",
  "le_sweep": 80.0,
  "root_chord_in": 31.341405415846847,
  "twist_root": -9.959231073935074,
  "twist_tip": -9.3050137236621,
  "dihedral": -11.823101616742015,
  "naca": {
    "m": 2,
    "p": 4,
    "t": 8,
    "chord_length": 1.0
  }
}