{
  "design_name": "HighSweep_Cambered_StrongWashout_Anhedral",
  "le_sweep": 79.61516785176018,
  "root_chord_in": 29.282378702370476,
  "twist_root": -3.4115969102715673,
  "twist_tip": -8.32510203667489,
  "dihedral": -13.754520088921014,
  "naca": {
    "m": 4,
    "p": 4,
    "t": 7,
    "chord_length": 1.0
  }
}