{
  "design_name": "HighSweepCamberMedWashoutThickerSmallChord",
  "le_sweep": 70.85906952432225,
  "root_chord_in": 24.985274542301077,
  "twist_root": -6.412153261897862,
  "twist_tip": -5.196294594270682,
  "dihedral": -15.0,
  "naca": {
    "m": 4,
    "p": 4,
    "t": 12,
    "chord_length": 1.0
  }
}