{
  "design_name": "Moderate_Sweep_Camber_NeutralDihedral",
  "le_sweep": 65.37090537085572,
  "root_chord_in": 31.249046014214827,
  "twist_root": -2.726273781511491,
  "twist_tip": -10.0,
  "dihedral": 6.527574948865695,
  "naca": {
    "m": 4,
    "p": 4,
    "t": 13,
    "chord_length": 1.0
  }
}