{
  "design_name": "LowerSweep_PosDihedral_Cambered_Delta",
  "le_sweep": 52.47140432588793,
  "root_chord_in": 33.55242201574384,
  "twist_root": -2.3606213157836202,
  "twist_tip": -3.7818149469263265,
  "dihedral": 12.19208540356169,
  "naca": {
    "m": 4,
    "p": 4,
    "t": 13,
    "chord_length": 1.0
  }
}