{
  "design_name": "Refined Vortex Max",
  "le_sweep": 71.22723429482818,
  "root_chord_in": 27.80305569474108,
  "twist_root": -10.0,
  "twist_tip": -7.552013240022983,
  "dihedral": -15.0,
  "naca": {
    "m": 0,
    "p": 0,
    "t": 6,
    "chord_length": 1.0
  }
}