{
  "design_name": "RefinedWashoutCambered",
  "le_sweep": 71.31195873699008,
  "root_chord_in": 32.95013952119979,
  "twist_root": -5.7044673197480895,
  "twist_tip": -9.129223918924767,
  "dihedral": -3.9940311787905136,
  "naca": {
    "m": 2,
    "p": 4,
    "t": 11,
    "chord_length": 1.0
  }
}