{
  "design_name": "ExtremeSweepMaxWashout006",
  "le_sweep": 77.52981467588958,
  "root_chord_in": 28.06453628218445,
  "twist_root": -3.57162111642298,
  "twist_tip": -10.0,
  "dihedral": -15.0,
  "naca": {
    "m": 0,
    "p": 0,
    "t": 6,
    "chord_length": 1.0
  }
}