{
  "design_name": "Hybrid_Sweep_Washout_Anhedral_ThinSymm",
  "le_sweep": 78.90940125833748,
  "root_chord_in": 32.90898987371144,
  "twist_root": -10.0,
  "twist_tip": -10.0,
  "dihedral": -14.61183400789472,
  "naca": {
    "m": 0,
    "p": 0,
    "t": 10,
    "chord_length": 1.0
  }
}