{
  "design_name": "Hybrid_Camber_UltraThin_Anhedral",
  "le_sweep": 66.11446594396233,
  "root_chord_in": 33.34929711065957,
  "twist_root": -6.500637353412129,
  "twist_tip": -10.0,
  "dihedral": -15.0,
  "naca": {
    "m": 4,
    "p": 4,
    "t": 6,
    "chord_length": 1.0
  }
}