{
  "design_name": "ExtremeSweep_AggressiveWashout_MaxChord_NACA0006",
  "le_sweep": 77.22958514239689,
  "root_chord_in": 46.32615464102769,
  "twist_root": -9.223418369135508,
  "twist_tip": -10.0,
  "dihedral": -15.0,
  "naca": {
    "m": 0,
    "p": 0,
    "t": 6,
    "chord_length": 1.0
  }
}