{
  "design_name": "ExtremeSweep_MaxCamber_DeepChord",
  "le_sweep": 78.3702902367213,
  "root_chord_in": 41.2848462433429,
  "twist_root": -9.607594996458893,
  "twist_tip": -1.8890959670900926,
  "dihedral": -15.0,
  "naca": {
    "m": 2,
    "p": 4,
    "t": 13,
    "chord_length": 1.0
  }
}