{
  "design_name": "DifferentialWashout_SymmetricAirfoil",
  "le_sweep": 70.18715161814664,
  "root_chord_in": 37.06593660899283,
  "twist_root": -3.666127539149928,
  "twist_tip": -7.225329703175292,
  "dihedral": -7.170365670125361,
  "naca": {
    "m": 0,
    "p": 0,
    "t": 12,
    "chord_length": 1.0
  }
}