{
  "design_name": "Exploitation_MaxWashout_NACA2409",
  "le_sweep": 71.17429235366873,
  "root_chord_in": 31.12323784361762,
  "twist_root": -8.491165586896674,
  "twist_tip": -3.912608092453784,
  "dihedral": -14.191000302496063,
  "naca": {
    "m": 2,
    "p": 4,
    "t": 7,
    "chord_length": 1.0
  }
}