{
  "design_name": "Exploitation_HighSweep_MaxWashout_MaxAnhedral",
  "le_sweep": 66.71994939555528,
  "root_chord_in": 40.860924006950704,
  "twist_root": -8.756971685821739,
  "twist_tip": -8.51861018058735,
  "dihedral": -15.0,
  "naca": {
    "m": 4,
    "p": 4,
    "t": 8,
    "chord_length": 1.0
  }
}