{
  "design_name": "Hybrid_Sweep_Washout_NACA4012",
  "le_sweep": 71.66452458285335,
  "root_chord_in": 35.326162759000376,
  "twist_root": -5.3042589806019205,
  "twist_tip": -8.277900154443028,
  "dihedral": -9.959599910200733,
  "naca": {
    "m": 4,
    "p": 0,
    "t": 10,
    "chord_length": 1.0
  }
}