{
  "design_name": "HybridCamberedWashoutDelta",
  "le_sweep": 74.92629923985645,
  "root_chord_in": 31.09339916416212,
  "twist_root": -9.288963210879052,
  "twist_tip": -5.839276660005143,
  "dihedral": -14.73537132894678,
  "naca": {
    "m": 2,
    "p": 4,
    "t": 6,
    "chord_length": 1.0
  }
}