{
  "design_name": "LowSweep_WashinRoot_PositiveDihedral_Thick4420",
  "le_sweep": 52.360113319333784,
  "root_chord_in": 44.16777880515896,
  "twist_root": 6.451729885369691,
  "twist_tip": -4.005670539076161,
  "dihedral": 7.322528414051258,
  "naca": {
    "m": 4,
    "p": 4,
    "t": 21,
    "chord_length": 1.0
  }
}