{
  "design_name": "HighSweepCamberWashout",
  "le_sweep": 76.36772177547859,
  "root_chord_in": 30.568554683042695,
  "twist_root": -10.0,
  "twist_tip": -10.0,
  "dihedral": -14.798368343830003,
  "naca": {
    "m": 4,
    "p": 4,
    "t": 8,
    "chord_length": 1.0
  }
}