{
  "design_name": "Hybrid_Cambered_GraduatedTwist_Delta",
  "le_sweep": 70.52386177557543,
  "root_chord_in": 43.29349878551841,
  "twist_root": -6.596621992790002,
  "twist_tip": -8.479443145404035,
  "dihedral": -15.0,
  "naca": {
    "m": 4,
    "p": 4,
    "t": 9,
    "chord_length": 1.0
  }
}