{
  "design_name": "BalancedHighCamberModerateSweep",
  "le_sweep": 70.74583549712783,
  "root_chord_in": 39.69241365720336,
  "twist_root": 1.412774555291967,
  "twist_tip": -6.206501064212551,
  "dihedral": 13.614323306978074,
  "naca": {
    "m": 4,
    "p": 4,
    "t": 11,
    "chord_length": 1.0
  }
}