{
  "design_name": "Hybrid_AggressiveWashout_Anhedral_2409",
  "le_sweep": 71.18022964270581,
  "root_chord_in": 34.255208207771936,
  "twist_root": -7.832954269311513,
  "twist_tip": -10.0,
  "dihedral": -10.91326599430479,
  "naca": {
    "m": 2,
    "p": 0,
    "t": 9,
    "chord_length": 1.0
  }
}