{
  "design_name": "HighSweepCamberWashInWashout",
  "le_sweep": 79.85725145422776,
  "root_chord_in": 26.806109509774643,
  "twist_root": 7.523987688404185,
  "twist_tip": -5.501488270037384,
  "dihedral": 1.1608415276827224,
  "naca": {
    "m": 4,
    "p": 4,
    "t": 6,
    "chord_length": 1.0
  }
}