{
  "design_name": "LowSweepHighChordPosDihedral",
  "le_sweep": 56.40884152211462,
  "root_chord_in": 48.335275515879445,
  "twist_root": -10.0,
  "twist_tip": -6.19594101901675,
  "dihedral": 15.0,
  "naca": {
    "m": 4,
    "p": 4,
    "t": 12,
    "chord_length": 1.0
  }
}