{
  "design_name": "Aggressive Washout Anhedral Camber",
  "le_sweep": 70.30648616580521,
  "root_chord_in": 41.56059870565335,
  "twist_root": 2.3704866410290126,
  "twist_tip": -10.0,
  "dihedral": -3.2127418435650625,
  "naca": {
    "m": 4,
    "p": 0,
    "t": 6,
    "chord_length": 1.0
  }
}