{
  "design_name": "HighSweepModerateWashoutDihedralUp",
  "le_sweep": 67.53924305857795,
  "root_chord_in": 27.959644823741947,
  "twist_root": -5.623536870428943,
  "twist_tip": -6.203823864361395,
  "dihedral": 7.919770816131717,
  "naca": {
    "m": 2,
    "p": 4,
    "t": 6,
    "chord_length": 1.0
  }
}