{
  "design_name": "Balanced_Camber_Washout",
  "le_sweep": 72.3998199464084,
  "root_chord_in": 32.27045765357842,
  "twist_root": 0.9411967838293718,
  "twist_tip": -1.8528298260490885,
  "dihedral": -2.234328111380963,
  "naca": {
    "m": 2,
    "p": 4,
    "t": 14,
    "chord_length": 1.0
  }
}