{
  "design_name": "LowSweep_HighCamber_StrongWashout",
  "le_sweep": 58.04746332998238,
  "root_chord_in": 21.698236340515884,
  "twist_root": -2.6638379629019227,
  "twist_tip": -8.88118152635325,
  "dihedral": -8.799267719689183,
  "naca": {
    "m": 4,
    "p": 0,
    "t": 7,
    "chord_length": 1.0
  }
}