{
  "design_name": "ExtremeSweepWashoutAnhedralThinSymmetric",
  "le_sweep": 78.29698426689973,
  "root_chord_in": 26.97602328595554,
  "twist_root": -7.324915645874955,
  "twist_tip": -7.912236019182597,
  "dihedral": -7.104578390949474,
  "naca": {
    "m": 0,
    "p": 0,
    "t": 7,
    "chord_length": 1.0
  }
}