{
  "design_name": "HighSweepMaxCamberWashout",
  "le_sweep": 78.62086053401424,
  "root_chord_in": 29.263358558164025,
  "twist_root": -10.0,
  "twist_tip": -10.0,
  "dihedral": -12.211165412011436,
  "naca": {
    "m": 4,
    "p": 4,
    "t": 8,
    "chord_length": 1.0
  }
}