{
  "design_name": "HigherSweepDifferentialTwist",
  "le_sweep": 76.972213892114,
  "root_chord_in": 39.07178613704289,
  "twist_root": -5.470560121711496,
  "twist_tip": -9.045937079005215,
  "dihedral": -7.896114592109306,
  "naca": {
    "m": 2,
    "p": 4,
    "t": 11,
    "chord_length": 1.0
  }
}