{
  "design_name": "Exploitation_PeakRefinement_NACA2406",
  "le_sweep": 71.28882382752937,
  "root_chord_in": 40.118759333173955,
  "twist_root": -6.094424326270621,
  "twist_tip": -9.272430726080936,
  "dihedral": -15.0,
  "naca": {
    "m": 2,
    "p": 4,
    "t": 6,
    "chord_length": 1.0
  }
}