{
  "design_name": "Exploitation_NACA2406_ThinCambered",
  "le_sweep": 67.96041071655232,
  "root_chord_in": 29.62896742394912,
  "twist_root": -2.9412667345712897,
  "twist_tip": -10.0,
  "dihedral": -15.0,
  "naca": {
    "m": 2,
    "p": 4,
    "t": 6,
    "chord_length": 1.0
  }
}