{
  "design_name": "Hybrid_Sweep_Washout_Anhedral_NACA2406",
  "le_sweep": 75.675388318998,
  "root_chord_in": 36.47111787555895,
  "twist_root": -10.0,
  "twist_tip": -8.475782259879999,
  "dihedral": -15.0,
  "naca": {
    "m": 2,
    "p": 4,
    "t": 7,
    "chord_length": 1.0
  }
}