{
  "design_name": "High_Sweep_Anhedral_DiffWashout_NoCamber",
  "le_sweep": 76.2884347921839,
  "root_chord_in": 33.15657496495806,
  "twist_root": -5.635605357016862,
  "twist_tip": -6.8691039682955966,
  "dihedral": -13.083659017559423,
  "naca": {
    "m": 2,
    "p": 0,
    "t": 13,
    "chord_length": 1.0
  }
}