{
  "design_name": "Exploitation_MaxWashoutAnhedral_NACA2406",
  "le_sweep": 71.81277879239006,
  "root_chord_in": 39.19234872326799,
  "twist_root": -10.0,
  "twist_tip": -10.0,
  "dihedral": -12.684917592281213,
  "naca": {
    "m": 2,
    "p": 4,
    "t": 6,
    "chord_length": 1.0
  }
}