{
  "design_name": "ExploitativeAggressiveWashoutThinNACA",
  "le_sweep": 68.45700960805601,
  "root_chord_in": 37.59779523758632,
  "twist_root": -10.0,
  "twist_tip": -10.0,
  "dihedral": -11.948181077610439,
  "naca": {
    "m": 2,
    "p": 4,
    "t": 6,
    "chord_length": 1.0
  }
}