{
  "design_name": "AggressiveCamberWashoutDelta",
  "le_sweep": 67.36277443926224,
  "root_chord_in": 37.331371787980274,
  "twist_root": -3.5708346958780623,
  "twist_tip": -9.95243977131471,
  "dihedral": -12.644002564147232,
  "naca": {
    "m": 4,
    "p": 0,
    "t": 6,
    "chord_length": 1.0
  }
}