{
  "design_name": "Moderate Sweep Aggressive Washout",
  "le_sweep": 69.7485376484294,
  "root_chord_in": 34.88765386427891,
  "twist_root": -7.730989665194349,
  "twist_tip": -10.0,
  "dihedral": -5.900922869569385,
  "naca": {
    "m": 4,
    "p": 4,
    "t": 14,
    "chord_length": 1.0
  }
}