{
  "design_name": "HighCamberDeepWashoutDelta",
  "le_sweep": 65.61610337427051,
  "root_chord_in": 41.63785914159389,
  "twist_root": -1.3690696883231288,
  "twist_tip": -8.116610870942175,
  "dihedral": -5.740548819002135,
  "naca": {
    "m": 4,
    "p": 4,
    "t": 11,
    "chord_length": 1.0
  }
}