{
  "design_name": "HighSweep_LE_Camber_MaxWashout_Anhedral",
  "le_sweep": 80.0,
  "root_chord_in": 27.461826790562505,
  "twist_root": -10.0,
  "twist_tip": -9.41064527822805,
  "dihedral": -13.876292366743401,
  "naca": {
    "m": 2,
    "p": 0,
    "t": 6,
    "chord_length": 1.0
  }
}