{
  "design_name": "Hybrid_SweepCamber_Thin",
  "le_sweep": 68.49343122297022,
  "root_chord_in": 33.55106939852043,
  "twist_root": -10.0,
  "twist_tip": -8.381970768484738,
  "dihedral": -8.022508181432917,
  "naca": {
    "m": 2,
    "p": 4,
    "t": 11,
    "chord_length": 1.0
  }
}