{
  "design_name": "Hybrid_HighSweep_MaxWashout_ThinCamber",
  "le_sweep": 74.17806246010525,
  "root_chord_in": 24.676741857661757,
  "twist_root": -10.0,
  "twist_tip": -6.514026604171607,
  "dihedral": -15.0,
  "naca": {
    "m": 2,
    "p": 4,
    "t": 6,
    "chord_length": 1.0
  }
}