{
  "design_name": "MidSweep_HighCamber_Thick_PosDihedral",
  "le_sweep": 64.48561859579783,
  "root_chord_in": 21.033020773017476,
  "twist_root": -9.536991735089305,
  "twist_tip": -6.411405301706278,
  "dihedral": 11.684323664737704,
  "naca": {
    "m": 4,
    "p": 4,
    "t": 17,
    "chord_length": 1.0
  }
}