{
  "design_name": "ExtremeSweep_PosDihedral_ThickCamber_WashInRoot",
  "le_sweep": 77.64545138392307,
  "root_chord_in": 38.83818420456591,
  "twist_root": 10.0,
  "twist_tip": -1.9417133768325274,
  "dihedral": 8.9741609733071,
  "naca": {
    "m": 4,
    "p": 4,
    "t": 16,
    "chord_length": 1.0
  }
}