{
  "design_name": "ExtremeVortex_MaxCamber_4410",
  "le_sweep": 79.391144525416,
  "root_chord_in": 36.46138870712722,
  "twist_root": -10.0,
  "twist_tip": -9.817630636384877,
  "dihedral": -14.367902694933495,
  "naca": {
    "m": 4,
    "p": 4,
    "t": 11,
    "chord_length": 1.0
  }
}