{
  "design_name": "LowerSweep_PosDihedral_PosRootTwist_HighCamber",
  "le_sweep": 54.6235192633884,
  "root_chord_in": 36.17960095738967,
  "twist_root": 3.5973541702805774,
  "twist_tip": -4.191683357890107,
  "dihedral": 9.337306217553222,
  "naca": {
    "m": 4,
    "p": 4,
    "t": 9,
    "chord_length": 1.0
  }
}