{
  "design_name": "HighSweep_LargeChord_PosDihedral_MilderWash_NACA4410",
  "le_sweep": 78.48513813349174,
  "root_chord_in": 45.27747046466791,
  "twist_root": 0.5733573008376549,
  "twist_tip": -8.988320021637836,
  "dihedral": 12.810247051724296,
  "naca": {
    "m": 4,
    "p": 4,
    "t": 13,
    "chord_length": 1.0
  }
}