{
  "design_name": "MaxSweep_MaxCamber_OppositeDihedral",
  "le_sweep": 80.0,
  "root_chord_in": 27.25967974806867,
  "twist_root": -7.255725858486036,
  "twist_tip": -10.0,
  "dihedral": 4.330365144890216,
  "naca": {
    "m": 4,
    "p": 0,
    "t": 6,
    "chord_length": 1.0
  }
}