{
  "design_name": "HighSweep_DiffTwist_NACA4409_Compact",
  "le_sweep": 72.16484745203907,
  "root_chord_in": 26.310693889363268,
  "twist_root": 4.448128118147246,
  "twist_tip": -10.0,
  "dihedral": -13.493012783192988,
  "naca": {
    "m": 4,
    "p": 4,
    "t": 9,
    "chord_length": 1.0
  }
}