{
  "design_name": "Exploitation-HighWashout-V2",
  "le_sweep": 69.7700552246637,
  "root_chord_in": 32.909995928624454,
  "twist_root": -6.108173892296854,
  "twist_tip": -10.0,
  "dihedral": -11.660027289847022,
  "naca": {
    "m": 2,
    "p": 4,
    "t": 8,
    "chord_length": 1.0
  }
}