{
  "design_name": "HybridHighSweepSymmetricAirfoil",
  "le_sweep": 72.47502700767542,
  "root_chord_in": 28.83013710329495,
  "twist_root": -2.303149997673274,
  "twist_tip": -6.844534457907764,
  "dihedral": -15.0,
  "naca": {
    "m": 0,
    "p": 0,
    "t": 6,
    "chord_length": 1.0
  }
}