{
  "design_name": "Moderate Sweep Positive Dihedral",
  "le_sweep": 61.26039533923204,
  "root_chord_in": 26.284785524418115,
  "twist_root": 0.9456070156113592,
  "twist_tip": -5.255971000539985,
  "dihedral": 8.292114917469647,
  "naca": {
    "m": 0,
    "p": 0,
    "t": 8,
    "chord_length": 1.0
  }
}