{
  "design_name": "HighSweepCamberMaxWashoutAnhedral_NACA2409",
  "le_sweep": 72.686286342312,
  "root_chord_in": 28.817400522286324,
  "twist_root": -6.776293448275739,
  "twist_tip": -10.0,
  "dihedral": -15.0,
  "naca": {
    "m": 2,
    "p": 4,
    "t": 9,
    "chord_length": 1.0
  }
}