{
  "design_name": "Hybrid_Washout_Camber9",
  "le_sweep": 70.2502891350304,
  "root_chord_in": 35.76106168224006,
  "twist_root": -10.0,
  "twist_tip": -10.0,
  "dihedral": -13.80140565405475,
  "naca": {
    "m": 2,
    "p": 0,
    "t": 9,
    "chord_length": 1.0
  }
}