{
  "design_name": "HybridHighSweepCamber9",
  "le_sweep": 75.98779955339715,
  "root_chord_in": 33.36737969340408,
  "twist_root": -5.917752884571148,
  "twist_tip": -6.732233396132117,
  "dihedral": -8.761551649931484,
  "naca": {
    "m": 2,
    "p": 4,
    "t": 9,
    "chord_length": 1.0
  }
}