{
  "design_name": "Low_Sweep_Washin_PosDihedral_ThickCamber",
  "le_sweep": 57.79871882298569,
  "root_chord_in": 44.408317108682425,
  "twist_root": 3.4510690392037144,
  "twist_tip": 5.203002661679592,
  "dihedral": 9.97013008330558,
  "naca": {
    "m": 4,
    "p": 4,
    "t": 19,
    "chord_length": 1.0
  }
}