{
  "design_name": "HighSweep_PosDihedral_PosRootTwist_NACA2415",
  "le_sweep": 77.96378674458758,
  "root_chord_in": 25.279799831724414,
  "twist_root": 0.800375181373278,
  "twist_tip": 0.8647811421921259,
  "dihedral": 8.7670445342089,
  "naca": {
    "m": 4,
    "p": 4,
    "t": 13,
    "chord_length": 1.0
  }
}