{
  "design_name": "Hybrid_Sweep70_Washout_2410",
  "le_sweep": 67.27081815355646,
  "root_chord_in": 33.648334215161114,
  "twist_root": -10.0,
  "twist_tip": -10.0,
  "dihedral": -13.438756664443025,
  "naca": {
    "m": 4,
    "p": 4,
    "t": 6,
    "chord_length": 1.0
  }
}