{
  "design_name": "HighSweep_UniformWashout_ThinNACA0007",
  "le_sweep": 79.00790979631982,
  "root_chord_in": 34.87345728877593,
  "twist_root": -6.813179974165971,
  "twist_tip": -9.995632783839715,
  "dihedral": -15.0,
  "naca": {
    "m": 2,
    "p": 0,
    "t": 6,
    "chord_length": 1.0
  }
}