{
  "design_name": "LowerSweepPositiveDihedralNoCamber",
  "le_sweep": 55.395374872140344,
  "root_chord_in": 30.163175283217274,
  "twist_root": 7.852168316109166,
  "twist_tip": -7.160589872996124,
  "dihedral": 5.7640516960445485,
  "naca": {
    "m": 0,
    "p": 0,
    "t": 15,
    "chord_length": 1.0
  }
}