{
  "design_name": "ExploitativeMaxWashoutDihedral",
  "le_sweep": 72.71759674893299,
  "root_chord_in": 35.80659841759332,
  "twist_root": -7.670746742633515,
  "twist_tip": -10.0,
  "dihedral": -14.964362393393149,
  "naca": {
    "m": 4,
    "p": 4,
    "t": 9,
    "chord_length": 1.0
  }
}