{
  "design_name": "Exploitation_HighSweep_MaxWashout_NACA2408",
  "le_sweep": 76.5857920909541,
  "root_chord_in": 37.539771003243786,
  "twist_root": -7.737232426132378,
  "twist_tip": -10.0,
  "dihedral": -15.0,
  "naca": {
    "m": 2,
    "p": 4,
    "t": 7,
    "chord_length": 1.0
  }
}