{
  "design_name": "ZeroCamberWashout",
  "le_sweep": 67.226203639038,
  "root_chord_in": 27.602374095355806,
  "twist_root": -5.604254401470852,
  "twist_tip": -4.660976838419719,
  "dihedral": -11.620153086937536,
  "naca": {
    "m": 0,
    "p": 0,
    "t": 6,
    "chord_length": 1.0
  }
}