{
  "design_name": "ExtremeWashoutDihedral_NACA2409",
  "le_sweep": 70.31156445776095,
  "root_chord_in": 32.69944883944485,
  "twist_root": -7.280990183081965,
  "twist_tip": -9.752121707270746,
  "dihedral": -15.0,
  "naca": {
    "m": 0,
    "p": 0,
    "t": 9,
    "chord_length": 1.0
  }
}