{
  "design_name": "Exploitation_HighSweep_MaxWashout_MaxAnhedral_ThinNACA",
  "le_sweep": 78.15227041933858,
  "root_chord_in": 32.51311118035022,
  "twist_root": -8.35840243635303,
  "twist_tip": -9.61540595793649,
  "dihedral": -15.0,
  "naca": {
    "m": 0,
    "p": 0,
    "t": 6,
    "chord_length": 1.0
  }
}