{
  "design_name": "LowSweep_HighCamber_Washin_Dihedral",
  "le_sweep": 57.89266158937236,
  "root_chord_in": 40.18539991127353,
  "twist_root": 4.599613470040538,
  "twist_tip": 4.03835249788238,
  "dihedral": 13.70083416867828,
  "naca": {
    "m": 4,
    "p": 4,
    "t": 17,
    "chord_length": 1.0
  }
}