{
  "design_name": "LowSweep_PosDihedral_NACA00_Exp",
  "le_sweep": 58.77561050132605,
  "root_chord_in": 47.633822877765844,
  "twist_root": -3.7218059329103133,
  "twist_tip": -10.0,
  "dihedral": 10.81642160277645,
  "naca": {
    "m": 0,
    "p": 0,
    "t": 10,
    "chord_length": 1.0
  }
}