{
  "design_name": "Cambered_PositiveDihedral_ModerateSweep_Exploration",
  "le_sweep": 59.020155991165815,
  "root_chord_in": 46.20003292142851,
  "twist_root": 0.17777063912515734,
  "twist_tip": 2.8311254873162577,
  "dihedral": 12.71107637839339,
  "naca": {
    "m": 4,
    "p": 4,
    "t": 15,
    "chord_length": 1.0
  }
}