{
  "design_name": "Exploitation_HighSweep_MaxWashout_NACA0008",
  "le_sweep": 74.16563936157594,
  "root_chord_in": 30.84630953923489,
  "twist_root": -10.0,
  "twist_tip": -10.0,
  "dihedral": -12.44213630373325,
  "naca": {
    "m": 0,
    "p": 0,
    "t": 6,
    "chord_length": 1.0
  }
}