{
  "design_name": "MidSweep_CamberedThick_WashInRoot_PositiveDihedral",
  "le_sweep": 53.27091257243054,
  "root_chord_in": 47.321791251549215,
  "twist_root": 4.1664842962210304,
  "twist_tip": -4.539669598916317,
  "dihedral": 0.18940978500566175,
  "naca": {
    "m": 4,
    "p": 4,
    "t": 19,
    "chord_length": 1.0
  }
}