{
  "design_name": "HybridSweepChordTwistCamber",
  "le_sweep": 68.56989612805069,
  "root_chord_in": 24.793274341734467,
  "twist_root": -10.0,
  "twist_tip": -10.0,
  "dihedral": -12.158796447149612,
  "naca": {
    "m": 4,
    "p": 4,
    "t": 10,
    "chord_length": 1.0
  }
}