{
  "design_name": "ExtremeSweepWashoutAnhedralSymmetricThin",
  "le_sweep": 76.63983837742381,
  "root_chord_in": 30.750050721870352,
  "twist_root": -10.0,
  "twist_tip": -6.174752693928649,
  "dihedral": -15.0,
  "naca": {
    "m": 0,
    "p": 0,
    "t": 8,
    "chord_length": 1.0
  }
}