{
  "design_name": "ExtremeSweep_VariedWashout_ThinSymmetric",
  "le_sweep": 77.84254244802385,
  "root_chord_in": 27.282343069595616,
  "twist_root": -9.552854257885691,
  "twist_tip": -9.134760690200824,
  "dihedral": -15.0,
  "naca": {
    "m": 0,
    "p": 0,
    "t": 6,
    "chord_length": 1.0
  }
}