{
  "design_name": "Exploit_HighSweep_MaxWashout_Anhedral_2409",
  "le_sweep": 75.69853731289736,
  "root_chord_in": 28.210169061459176,
  "twist_root": -9.447663925657189,
  "twist_tip": -10.0,
  "dihedral": -15.0,
  "naca": {
    "m": 4,
    "p": 4,
    "t": 12,
    "chord_length": 1.0
  }
}