{
  "design_name": "Hybrid_OptimalBlend_01",
  "le_sweep": 69.42924521937574,
  "root_chord_in": 30.974219693914247,
  "twist_root": -5.2412806563079775,
  "twist_tip": -10.0,
  "dihedral": -12.087309051425006,
  "naca": {
    "m": 2,
    "p": 4,
    "t": 9,
    "chord_length": 1.0
  }
}