{
  "design_name": "Exploitation_MaxWashout_NegDihedral_NACA2407",
  "le_sweep": 72.8007638477631,
  "root_chord_in": 32.2001428887026,
  "twist_root": -9.046509803604161,
  "twist_tip": -10.0,
  "dihedral": -15.0,
  "naca": {
    "m": 2,
    "p": 4,
    "t": 9,
    "chord_length": 1.0
  }
}