{
  "design_name": "MidSweep_WashinRoot_Dihedral_CamberThick",
  "le_sweep": 54.49910838929313,
  "root_chord_in": 24.119683506661843,
  "twist_root": 3.729138397570029,
  "twist_tip": -2.2911341073557936,
  "dihedral": 12.069177512038456,
  "naca": {
    "m": 4,
    "p": 4,
    "t": 17,
    "chord_length": 1.0
  }
}