{
  "design_name": "HighSweepCamberWashoutExploration",
  "le_sweep": 71.16935229986028,
  "root_chord_in": 37.080163159169935,
  "twist_root": -1.3039396996551487,
  "twist_tip": -10.0,
  "dihedral": 10.383139245833881,
  "naca": {
    "m": 2,
    "p": 4,
    "t": 12,
    "chord_length": 1.0
  }
}