{
  "design_name": "CamberedVortexExplorer",
  "le_sweep": 72.32874046276929,
  "root_chord_in": 30.45900321413003,
  "twist_root": -10.0,
  "twist_tip": -9.518127021104071,
  "dihedral": -15.0,
  "naca": {
    "m": 4,
    "p": 4,
    "t": 15,
    "chord_length": 1.0
  }
}