{
  "design_name": "Hybrid_HighSweep_MaxWashout_NACA2410",
  "le_sweep": 72.9775054480152,
  "root_chord_in": 35.41731040048122,
  "twist_root": -10.0,
  "twist_tip": -10.0,
  "dihedral": -6.619012409845014,
  "naca": {
    "m": 2,
    "p": 4,
    "t": 10,
    "chord_length": 1.0
  }
}