{
  "design_name": "Exploit_MaxWashout_NegDihedral",
  "le_sweep": 74.3927512204083,
  "root_chord_in": 36.982986787592445,
  "twist_root": -10.0,
  "twist_tip": -5.357108532430347,
  "dihedral": -11.42490944535231,
  "naca": {
    "m": 4,
    "p": 4,
    "t": 8,
    "chord_length": 1.0
  }
}