{
  "design_name": "Hybrid_Cambered_Delta",
  "le_sweep": 72.62402280177311,
  "root_chord_in": 32.84417998811123,
  "twist_root": -8.083213730367843,
  "twist_tip": -10.0,
  "dihedral": -15.0,
  "naca": {
    "m": 0,
    "p": 0,
    "t": 12,
    "chord_length": 1.0
  }
}