{
  "design_name": "HybridHighSweepCamberWashout",
  "le_sweep": 71.63294186206626,
  "root_chord_in": 34.2500281230995,
  "twist_root": -3.074562183180035,
  "twist_tip": -7.916905160618336,
  "dihedral": -4.991149616109622,
  "naca": {
    "m": 4,
    "p": 4,
    "t": 12,
    "chord_length": 1.0
  }
}