{
  "design_name": "Exploit_Delta_Cambered_Twist",
  "le_sweep": 70.64976935740516,
  "root_chord_in": 30.27549176013303,
  "twist_root": -10.0,
  "twist_tip": -10.0,
  "dihedral": -14.609990947965663,
  "naca": {
    "m": 2,
    "p": 4,
    "t": 9,
    "chord_length": 1.0
  }
}