{
  "design_name": "LowSweepExtremeDihedralThinCamber",
  "le_sweep": 52.51042641119081,
  "root_chord_in": 12.970096943202446,
  "twist_root": -10.0,
  "twist_tip": -5.379156261948962,
  "dihedral": 6.109827858418022,
  "naca": {
    "m": 2,
    "p": 4,
    "t": 6,
    "chord_length": 1.0
  }
}