{
  "design_name": "MaxSweep_ExtremeWashout_ThinCambered",
  "le_sweep": 80.0,
  "root_chord_in": 40.71655053647524,
  "twist_root": -10.0,
  "twist_tip": -3.980726075040309,
  "dihedral": -9.525752232165116,
  "naca": {
    "m": 0,
    "p": 0,
    "t": 7,
    "chord_length": 1.0
  }
}