{
  "design_name": "MidSweep_Camber_PosDihedral",
  "le_sweep": 53.74206288632657,
  "root_chord_in": 41.61603456103614,
  "twist_root": 1.539472437292977,
  "twist_tip": -6.774691374124893,
  "dihedral": 7.028923618463905,
  "naca": {
    "m": 4,
    "p": 4,
    "t": 12,
    "chord_length": 1.0
  }
}