{
  "design_name": "HighSweep_Cambered_Twisted_Anhedral_Thin",
  "le_sweep": 73.59331497547852,
  "root_chord_in": 48.6349189413763,
  "twist_root": 5.31822161163038,
  "twist_tip": -9.55071056429987,
  "dihedral": -15.0,
  "naca": {
    "m": 4,
    "p": 4,
    "t": 6,
    "chord_length": 1.0
  }
}