{
  "design_name": "HybridHighSweepWashoutNACA2409",
  "le_sweep": 71.61846558574835,
  "root_chord_in": 31.596168688617755,
  "twist_root": -5.7110284971434595,
  "twist_tip": -8.960922401719383,
  "dihedral": -13.156664758478229,
  "naca": {
    "m": 2,
    "p": 4,
    "t": 15,
    "chord_length": 1.0
  }
}