{
  "design_name": "High_Sweep_Camber_Hybrid_Wing",
  "le_sweep": 75.32757826938865,
  "root_chord_in": 46.8753502202863,
  "twist_root": -3.669935965732332,
  "twist_tip": -7.3047199505511955,
  "dihedral": -15.0,
  "naca": {
    "m": 4,
    "p": 4,
    "t": 15,
    "chord_length": 1.0
  }
}