{
  "design_name": "LowerSweep_PosDihedral_NACA44_Thin",
  "le_sweep": 57.79600374855921,
  "root_chord_in": 30.33856835679424,
  "twist_root": -2.1919835493198514,
  "twist_tip": -10.0,
  "dihedral": 7.421642966583736,
  "naca": {
    "m": 4,
    "p": 4,
    "t": 7,
    "chord_length": 1.0
  }
}