{
  "design_name": "Hybrid_Cambered_MaxAnhedral_MidRootTwist",
  "le_sweep": 66.17988078860873,
  "root_chord_in": 34.54967965715703,
  "twist_root": -5.0443382933132375,
  "twist_tip": -10.0,
  "dihedral": -15.0,
  "naca": {
    "m": 2,
    "p": 4,
    "t": 11,
    "chord_length": 1.0
  }
}