{
  "design_name": "HighSweep_PositiveDihedral_Cambered_Twist",
  "le_sweep": 80.0,
  "root_chord_in": 43.39389226315623,
  "twist_root": 3.5577802063420907,
  "twist_tip": -5.462088615370926,
  "dihedral": 4.529554319584059,
  "naca": {
    "m": 4,
    "p": 4,
    "t": 7,
    "chord_length": 1.0
  }
}