{
  "design_name": "High_Sweep_PositiveDihedral_MildTwist_HighCamber",
  "le_sweep": 80.0,
  "root_chord_in": 43.44831005305698,
  "twist_root": 0.1656383121016738,
  "twist_tip": -1.5080751862661792,
  "dihedral": 5.581237889967939,
  "naca": {
    "m": 4,
    "p": 4,
    "t": 14,
    "chord_length": 1.0
  }
}