{
  "design_name": "HighSweep_WashInRoot_PosDihedral_NACA4408",
  "le_sweep": 77.16768409308384,
  "root_chord_in": 32.32066457915414,
  "twist_root": 7.04091685676692,
  "twist_tip": -10.0,
  "dihedral": 5.569148114751234,
  "naca": {
    "m": 4,
    "p": 4,
    "t": 12,
    "chord_length": 1.0
  }
}