{
  "design_name": "LowSweep_MaxWash_NACA4412_ExtremeAnhedral",
  "le_sweep": 57.235114217008736,
  "root_chord_in": 33.3162342145968,
  "twist_root": -6.229711382168798,
  "twist_tip": -7.67188973186756,
  "dihedral": -15.0,
  "naca": {
    "m": 4,
    "p": 0,
    "t": 15,
    "chord_length": 1.0
  }
}