{
  "design_name": "High Sweep Symmetric Wing",
  "le_sweep": 70.88793154804847,
  "root_chord_in": 38.53067084588771,
  "twist_root": 0.2633780680961113,
  "twist_tip": -10.0,
  "dihedral": -6.39590883708288,
  "naca": {
    "m": 0,
    "p": 0,
    "t": 6,
    "chord_length": 1.0
  }
}