{
  "design_name": "HighSweep_ThickAirfoil_ExtremeTwistDihedral",
  "le_sweep": 80.0,
  "root_chord_in": 34.483239540122746,
  "twist_root": 9.981282359571013,
  "twist_tip": -7.968562462630607,
  "dihedral": 6.706773882801956,
  "naca": {
    "m": 2,
    "p": 4,
    "t": 22,
    "chord_length": 1.0
  }
}