{
  "design_name": "Exploitative_HighSweep_MaxWashout_Anhedral",
  "design_params": {
    "le_sweep_deg": 72.49276333245326,
    "root_chord_in": 28.81678980991821,
    "twist_root_deg": -5.659607226293504,
    "twist_tip_deg": -10.0,
    "dihedral_deg": -14.018263830528921,
    "naca": {
      "m": 2,
      "p": 0,
      "t": 9,
      "chord_length": 1.0
    }
  },
  "sim_conditions": {
    "aoa_deg": 10.0,
    "mach": 0.3,
    "reynolds": 3000000.0
  },
  "vlm_results": {
    "CL": 0.12003108106837962,
    "CDi": 0.0053520675110373854,
    "CM": -0.10846395530659547,
    "L_D": 22.427049139578983
  },
  "corrected_results": {
    "CL": 0.08512218062068418,
    "CDi": 0.0043144298418877755,
    "CM": -0.0641457660258567,
    "L_D": 19.72964765685911
  }
}