{
  "design_name": "AggressiveWashout_HighSweep_ThinCamber",
  "design_params": {
    "le_sweep_deg": 65.22004066220381,
    "root_chord_in": 38.60378306290461,
    "twist_root_deg": -10.0,
    "twist_tip_deg": -9.513009593382774,
    "dihedral_deg": 9.569451148671082,
    "naca": {
      "m": 4,
      "p": 4,
      "t": 11,
      "chord_length": 1.0
    }
  },
  "sim_conditions": {
    "aoa_deg": 10.0,
    "mach": 0.3,
    "reynolds": 3000000.0
  },
  "vlm_results": {
    "CL": 0.17301074143016087,
    "CDi": 0.01615314145450503,
    "CM": -0.23877302738896897,
    "L_D": 10.710655999481082
  },
  "corrected_results": {
    "CL": -0.03181399800892685,
    "CDi": -0.0002567290191337268,
    "CM": 0.04078693326243365,
    "L_D": 123.9205373676723
  }
}