{
  "upper_weights": [
    0.2921511012902297,
    0.4133093621689586,
    0.3414716928624729,
    0.30283136236748803,
    0.2579430313284536,
    0.16849580400637731,
    0.12969937007275117,
    0.05111716448532524
  ],
  "lower_weights": [
    -0.20393861493235807,
    -0.2936151985765421,
    -0.23065226696411995,
    -0.17026141945565587,
    -0.13179147137721164,
    -0.1311912008780256,
    -0.055677818051848356,
    -0.05802568467894356
  ],
  "leading_edge_weight": 0.389584285392654,
  "TE_thickness": 0.00863547629667535,
  "name": "HPA_ExtremeBluntCamber"
}