{
  "SA": 35.55770766773831,
  "AR": 9.370572799815085,
  "TR": 0.28968770701487,
  "kink": 0.38429648633586316,
  "rootadj": 0.2965661165752471,
  "DA_kink": 3.4975525785254704,
  "DA_tip": 4.362581674860074,
  "t_root": 0.15465682976957265,
  "r_t2": 0.6271947493527864,
  "r_t3": 0.9664970133230774,
  "r_t4": 0.9721515029623296,
  "r_d1": 0.5588128159392901,
  "r_d2": 0.8553088898045555,
  "r_d4": 0.2871578696712352,
  "tw1": -2.8188402071099685,
  "tw2": -2.9333965220937617,
  "tw3": -1.91199330622211,
  "tw4": -1.5758821666310774,
  "cst_upper": [
    0.030493690770848517,
    0.16039405186170083,
    0.09042405229578133,
    0.1154383333699393,
    0.14558247839055394,
    0.15336140547395943,
    0.10931266591173874,
    0.23682036032082315,
    0.20459018598912862,
    0.1716762595341294
  ],
  "cst_lower": [
    -9.279631387162553e-06,
    -0.04509301527762765,
    -0.06284604304053366,
    -0.03814046755554731,
    -0.033813939036573995,
    -0.069802253811559,
    -0.03197976598612247,
    -0.04372621717179398,
    -0.0857873813890574,
    -0.060649240258708055
  ],
  "_score": 9.430867534596114
}