{
  "name": "design",
  "mach": 0.82,
  "aoa": 3.0,
  "SA": 27.090219367516532,
  "AR": 10.251406492981904,
  "TR": 0.25855039199000174,
  "kink": 0.4005082768510636,
  "rootadj": 1.0386947462495852,
  "DA_kink": 3.5038289770712288,
  "DA_tip": 4.997429549602181,
  "t_root": 0.14080474210067767,
  "r_t2": 0.626308904801284,
  "r_t3": 0.9398683732223995,
  "r_t4": 0.9740497890722183,
  "r_d1": 0.7017847571508886,
  "r_d2": 0.6554978929459987,
  "r_d4": 0.049398655799227614,
  "tw1": -3.7679841622794945,
  "tw2": -2.4274841206706474,
  "tw3": -2.6860815440016683,
  "tw4": -2.1107926227892673,
  "cst_upper": [
    0.2794444683680794,
    -0.08094057963197651,
    0.28645948306982577,
    0.46600440893648803,
    -0.08053832532115887,
    0.3502942658775557,
    0.5999999999999999,
    -0.11640718439164188,
    0.1276934369440253,
    0.35025239426335025
  ],
  "cst_lower": [
    0.127418704834506,
    -0.09442310560601239,
    -0.26210831349077135,
    -0.10851430567807316,
    -0.16515276363660544,
    -0.08312449574999198,
    -0.13438646130536347,
    0.15694575466423727,
    0.11192847147259916,
    -0.17075903403746595
  ]
}