{
  "design_name": "Balanced_Camber_Washout",
  "design_params": {
    "le_sweep_deg": 72.3998199464084,
    "root_chord_in": 32.27045765357842,
    "twist_root_deg": 0.9411967838293718,
    "twist_tip_deg": -1.8528298260490885,
    "dihedral_deg": -2.234328111380963,
    "naca": {
      "m": 2,
      "p": 4,
      "t": 14,
      "chord_length": 1.0
    }
  },
  "sim_conditions": {
    "aoa_deg": 10.0,
    "mach": 0.3,
    "reynolds": 3000000.0
  },
  "vlm_results": {
    "CL": 0.3846701742550108,
    "CDi": 0.05721904066914927,
    "CM": -0.37715151063924585,
    "L_D": 6.722765180200112
  },
  "corrected_results": {
    "CL": 0.11043119752516335,
    "CDi": 0.015138421549869321,
    "CM": -0.0768726083051309,
    "L_D": 7.294763008242205
  }
}