{
  "design_name": "HighSweep_ModCamber_Thinner",
  "design_params": {
    "le_sweep_deg": 64.0854493483155,
    "root_chord_in": 28.385603067656145,
    "twist_root_deg": -3.964901411851332,
    "twist_tip_deg": -5.127580943475193,
    "dihedral_deg": -4.539240173456442,
    "naca": {
      "m": 2,
      "p": 4,
      "t": 6,
      "chord_length": 1.0
    }
  },
  "sim_conditions": {
    "aoa_deg": 10.0,
    "mach": 0.3,
    "reynolds": 3000000.0
  },
  "vlm_results": {
    "CL": 0.3476346655751336,
    "CDi": 0.028152119853020807,
    "CM": -0.346302943937138,
    "L_D": 12.348436543681146
  },
  "corrected_results": {
    "CL": 0.24520658768448672,
    "CDi": 0.019386651878118766,
    "CM": -0.22410573482255547,
    "L_D": 12.648217403709886
  }
}