{
  "upper_weights": [
    0.3890758523284518,
    0.22416083189943353,
    0.23656626781041173,
    0.22167809435148994,
    0.2196692671883555,
    0.24177131252764877,
    0.28999715402780973,
    0.2936377691185575
  ],
  "lower_weights": [
    -0.1120790836494511,
    -0.1296530555192435,
    -0.1527213677910068,
    -0.22466927340512993,
    -0.3,
    -0.3,
    -0.3,
    -0.3
  ],
  "leading_edge_weight": -0.15173504558136552,
  "TE_thickness": 0.0,
  "name": "iter_0385"
}