{
  "upper_weights": [
    0.19284511776605234,
    0.06279815610383391,
    0.0419622425898802,
    0.10004288034172325,
    0.07462107688408967,
    0.08979912879651067,
    0.06835014593381766,
    -0.03273826656892327
  ],
  "lower_weights": [
    -0.20992693497672021,
    -0.15227036418855203,
    -0.021228348026443633,
    0.04982746814318517,
    0.004837606263693362,
    -0.047231438947438795,
    -0.059432531492626194,
    -0.21478554172986786
  ],
  "leading_edge_weight": 0.16815546806787335,
  "TE_thickness": 0.0030764718424237236,
  "name": "design"
}