{
  "upper_weights": [
    0.35893270872323196,
    0.3731838167444678,
    0.2398394959964943,
    0.19184143618873845,
    0.17006079795695273,
    0.1559112537934499,
    0.13275339631378352,
    0.07969738211383753
  ],
  "lower_weights": [
    -0.09156586214815413,
    -0.11785597885315988,
    -0.10497237060343062,
    -0.11114442158645221,
    -0.04079039921866995,
    0.02227371380764409,
    -0.012797223109612843,
    -0.09202481622381448
  ],
  "leading_edge_weight": -0.3392235955820928,
  "TE_thickness": 0.00558854087990882,
  "name": "design"
}