{
  "design_name": "LowSweep_MaxChord_WashinRoot_NACA0024",
  "design_params": {
    "le_sweep_deg": 51.04333024644322,
    "root_chord_in": 48.295659954700575,
    "twist_root_deg": 8.030357194831442,
    "twist_tip_deg": -10.0,
    "dihedral_deg": 3.772863812130022,
    "naca": {
      "m": 0,
      "p": 0,
      "t": 24,
      "chord_length": 1.0
    }
  },
  "sim_conditions": {
    "aoa_deg": 10.0,
    "mach": 0.3,
    "reynolds": 3000000.0
  },
  "vlm_results": {
    "CL": 0.7347347166199482,
    "CDi": 0.15151855862238817,
    "CM": -0.5837401194066942,
    "L_D": 4.849140087525785
  },
  "corrected_results": {
    "CL": -0.09823819883858523,
    "CDi": -0.01648818315633905,
    "CM": 0.1767778901448204,
    "L_D": 5.9580972571145026
  }
}