{
  "design_name": "ModerateSweepHighCamberWashout",
  "design_params": {
    "le_sweep_deg": 57.522790242438,
    "root_chord_in": 46.212493033557,
    "twist_root_deg": -10.0,
    "twist_tip_deg": 9.5595840050255,
    "dihedral_deg": -2.5306305781593537,
    "naca": {
      "m": 4,
      "p": 4,
      "t": 12,
      "chord_length": 1.0
    }
  },
  "sim_conditions": {
    "aoa_deg": 10.0,
    "mach": 0.3,
    "reynolds": 3000000.0
  },
  "vlm_results": {
    "CL": 0.39573165212040534,
    "CDi": 0.07423768452921488,
    "CM": -0.4816874455820022,
    "L_D": 5.330603380614227
  },
  "corrected_results": {
    "CL": -0.07591245238398098,
    "CDi": -0.019941080148683173,
    "CM": 0.1179273358937779,
    "L_D": 3.8068375342743868
  }
}