{
  "SA": 32.831965384173884,
  "AR": 9.72005813080447,
  "TR": 0.28339012392417967,
  "kink": 0.39076890908237094,
  "rootadj": 0.5764403995361758,
  "DA_kink": 3.128606327897944,
  "DA_tip": 5.101458553624874,
  "t_root": 0.1562170398393055,
  "r_t2": 0.6452551822262619,
  "r_t3": 0.9515201731250008,
  "r_t4": 0.9697063664958788,
  "r_d1": 0.5821974920783695,
  "r_d2": 0.7503261346903884,
  "r_d4": 0.3933015475647324,
  "tw1": -2.897358443125164,
  "tw2": -3.070352766757674,
  "tw3": -1.8334330168455937,
  "tw4": -1.9919683365223155,
  "cst_upper": [
    0.0460761227328894,
    0.08623519398390678,
    0.01942371045469815,
    0.06402739422100318,
    0.05714280221873043,
    0.0833457035345391,
    0.08119237442123829,
    0.036319278480653056,
    0.024724194470210813,
    0.04764194961737188
  ],
  "cst_lower": [
    -0.0003564338928910561,
    -0.04576739619184419,
    -0.05316301557902953,
    -0.07033457548757813,
    -0.08109492300977263,
    -0.02646469034134042,
    -0.023035718242985146,
    -0.007986351681835042,
    -0.012947126357821644,
    0.005255658389026401
  ],
  "_score": -0.035711177806496915
}