{
  "design_name": "DifferentialWashout_SymmetricAirfoil",
  "design_params": {
    "le_sweep_deg": 70.18715161814664,
    "root_chord_in": 37.06593660899283,
    "twist_root_deg": -3.666127539149928,
    "twist_tip_deg": -7.225329703175292,
    "dihedral_deg": -7.170365670125361,
    "naca": {
      "m": 0,
      "p": 0,
      "t": 12,
      "chord_length": 1.0
    }
  },
  "sim_conditions": {
    "aoa_deg": 10.0,
    "mach": 0.3,
    "reynolds": 3000000.0
  },
  "vlm_results": {
    "CL": 0.2543910430839264,
    "CDi": 0.021528663956296826,
    "CM": -0.23644038506992793,
    "L_D": 11.81638784461219
  },
  "corrected_results": {
    "CL": 0.01939623076669789,
    "CDi": 0.002323920712460121,
    "CM": 0.028102515065678634,
    "L_D": 8.346339297507653
  }
}