{
  "upper_weights": [
    0.4496114937439459,
    0.44838710613870353,
    0.33571121501998197,
    0.16424215636579448,
    0.10039454306288786,
    0.0913992753353069,
    -0.029593229163375367,
    -0.18828786204530246
  ],
  "lower_weights": [
    -0.14343836443842164,
    -0.016816254734884017,
    0.0458318398362606,
    -0.06050824537565208,
    -0.22332089747264994,
    -0.2955689867815276,
    -0.3,
    -0.3
  ],
  "leading_edge_weight": -0.407676605887095,
  "TE_thickness": 0.003865712826436294,
  "name": "design"
}