{
  "name": "iter_0202",
  "mach": 0.82,
  "aoa": 3.0,
  "SA": 40.0,
  "AR": 11.0,
  "TR": 0.4,
  "kink": 0.36,
  "rootadj": 0.1,
  "DA_kink": 0.5,
  "DA_tip": 4.0,
  "t_root": 0.14,
  "r_t2": 0.6,
  "r_t3": 0.98,
  "r_t4": 0.9717618975744091,
  "r_d1": 0.8,
  "r_d2": 0.7351751321306359,
  "r_d4": 0.0,
  "tw1": -4.0,
  "tw2": -2.0,
  "tw3": -1.0,
  "tw4": -1.0,
  "cst_upper": [
    0.5999999999999999,
    0.3479038283545351,
    0.5044671792235205,
    0.48198043414252684,
    0.08330830141451667,
    0.5999999999999999,
    0.5999999999999999,
    -0.028991049028800897,
    0.5999999999999999,
    0.5999999999999999
  ],
  "cst_lower": [
    -0.3,
    -0.3,
    -0.3,
    -0.3,
    -0.3,
    0.3,
    -0.3,
    0.2071058179985899,
    0.06283706192524785,
    0.3
  ]
}