{
  "design_name": "ExtremeTwist_MaxDihedral_SymmetricAirfoil",
  "design_params": {
    "le_sweep_deg": 80.0,
    "root_chord_in": 36.738900743784086,
    "twist_root_deg": 10.0,
    "twist_tip_deg": -5.387803420893297,
    "dihedral_deg": 15.0,
    "naca": {
      "m": 0,
      "p": 0,
      "t": 12,
      "chord_length": 1.0
    }
  },
  "sim_conditions": {
    "aoa_deg": 10.0,
    "mach": 0.3,
    "reynolds": 3000000.0
  },
  "vlm_results": {
    "CL": 0.9030791585736888,
    "CDi": 0.22226240894810487,
    "CM": -0.8987369605056558,
    "L_D": 4.063121437618113
  },
  "corrected_results": {
    "CL": 0.14675163183030127,
    "CDi": 0.045642205712291176,
    "CM": -0.09452630613626005,
    "L_D": 3.215261610171962
  }
}