{
  "design_name": "MidHighSweepWashinSmallChordThickNACA",
  "design_params": {
    "le_sweep_deg": 72.23800602403034,
    "root_chord_in": 22.161723256332195,
    "twist_root_deg": -10.0,
    "twist_tip_deg": -8.359833034445886,
    "dihedral_deg": 10.718237680039717,
    "naca": {
      "m": 4,
      "p": 4,
      "t": 24,
      "chord_length": 1.0
    }
  },
  "sim_conditions": {
    "aoa_deg": 10.0,
    "mach": 0.3,
    "reynolds": 3000000.0
  },
  "vlm_results": {
    "CL": 0.09831499444685948,
    "CDi": 0.015019688389941652,
    "CM": -0.16148571674578097,
    "L_D": 6.5457412893265365
  },
  "corrected_results": {
    "CL": 0.10497177604523172,
    "CDi": 0.008623258615681303,
    "CM": -0.13321699696005188,
    "L_D": 12.173098444982466
  }
}