{
  "design_name": "LowSweepHighCamberWashoutTip",
  "design_params": {
    "le_sweep_deg": 58.98164682236042,
    "root_chord_in": 35.99615579362786,
    "twist_root_deg": 0.18731575119162633,
    "twist_tip_deg": -10.0,
    "dihedral_deg": 4.807521909750292,
    "naca": {
      "m": 4,
      "p": 4,
      "t": 13,
      "chord_length": 1.0
    }
  },
  "sim_conditions": {
    "aoa_deg": 10.0,
    "mach": 0.3,
    "reynolds": 3000000.0
  },
  "vlm_results": {
    "CL": 0.5352151637937067,
    "CDi": 0.04694360634427564,
    "CM": -0.5313484188347285,
    "L_D": 11.401236621416315
  },
  "corrected_results": {
    "CL": 0.196501831246723,
    "CDi": 0.013034580501289542,
    "CM": -0.14944697835902507,
    "L_D": 15.075424270637832
  }
}