{
  "name": "iter_0104",
  "mach": 0.82,
  "aoa": 3.0,
  "SA": 40.0,
  "AR": 11.0,
  "TR": 0.4,
  "kink": 0.36,
  "rootadj": 0.8526555939663373,
  "DA_kink": 2.308944911522846,
  "DA_tip": 4.0,
  "t_root": 0.14,
  "r_t2": 0.6,
  "r_t3": 0.98,
  "r_t4": 0.937755707809593,
  "r_d1": 0.8,
  "r_d2": 0.5,
  "r_d4": 0.0,
  "tw1": -4.0,
  "tw2": -2.0,
  "tw3": -1.0,
  "tw4": -3.0,
  "cst_upper": [
    0.5999999999999999,
    0.2860581925093793,
    0.5089745192856558,
    0.5999999999999999,
    0.005930241394928593,
    0.5999999999999999,
    0.5999999999999999,
    0.5197546660428529,
    0.014661404868868522,
    0.5999999999999999
  ],
  "cst_lower": [
    -0.28076778421954096,
    -0.3,
    -0.3,
    -0.3,
    -0.3,
    0.3,
    -0.3,
    0.3,
    -0.0008590563793063333,
    0.3
  ]
}