{
  "SA": 32.3330217268033,
  "AR": 9.589725720206332,
  "TR": 0.2958289441657359,
  "kink": 0.3862185042299734,
  "rootadj": 0.6864248384698637,
  "DA_kink": 1.7608508795403524,
  "DA_tip": 4.856002093355612,
  "t_root": 0.1522278115779768,
  "r_t2": 0.6374649398762824,
  "r_t3": 0.9382803612953683,
  "r_t4": 0.9630859997454535,
  "r_d1": 0.5851329999249654,
  "r_d2": 0.7620438378600204,
  "r_d4": 0.34674452280851625,
  "tw1": -2.9261967124349666,
  "tw2": -2.97514286102983,
  "tw3": -1.8127887664127966,
  "tw4": -1.8446126594136967,
  "cst_upper": [
    0.1513714386264283,
    0.11058362176124324,
    0.09302577822042662,
    0.08537752357058714,
    0.09057728147317949,
    0.12046636627276454,
    0.16150930394669777,
    0.15575617157699642,
    0.15475493555941874,
    0.15977723861659326
  ],
  "cst_lower": [
    -0.0309543187879404,
    -0.05552353545857736,
    -0.10532627383864258,
    -0.04170896148461234,
    0.028388727196067217,
    -0.042174686282374044,
    -0.014268422245556382,
    0.027985877244739017,
    0.031241369785360122,
    0.009970593564536414
  ],
  "_score": 11.560422813859612
}