{
  "upper_weights": [
    0.010950664547808298,
    0.5999999999999999,
    -0.3,
    0.5832688023604025,
    0.5999999999999999,
    -0.10946901782929191,
    0.34418220773663494,
    0.5999999999999999
  ],
  "lower_weights": [
    0.10792323851110724,
    0.3,
    0.3,
    0.25329184407712696,
    -0.09431745355828475,
    -0.12772814129364968,
    0.08256647040007575,
    0.3
  ],
  "leading_edge_weight": 0.3695939183051177,
  "TE_thickness": 0.0029807225387286414,
  "name": "design"
}