{
  "upper_weights": [
    0.5797629831016979,
    0.4507061671529544,
    0.3571127354988245,
    0.3585719323135519,
    0.31274091783142915,
    0.187711793283765,
    0.13280286923432139,
    0.2663643550166124
  ],
  "lower_weights": [
    -0.2667160225284519,
    -0.16591308887619047,
    -0.14966315464561752,
    -0.17164380847773925,
    -0.2496995082662904,
    -0.2376916998368444,
    -0.2667366310066667,
    -0.21908200240142925
  ],
  "leading_edge_weight": 0.38338875353943486,
  "TE_thickness": 0.0,
  "name": "HPA_Robust_Cambered_1"
}