{
  "upper_weights": [
    0.411790094005452,
    0.23140776025927684,
    0.2369509170380898,
    0.32621176861206636,
    0.41538556129508114,
    0.41955774088649217,
    0.40960669252751275,
    0.30314393765852576
  ],
  "lower_weights": [
    -0.11663701494893323,
    -0.05910992255036633,
    0.12631024422898993,
    0.02024373597131711,
    -0.1257480561829222,
    -0.16080632629658206,
    -0.045704935591643986,
    -0.026949563995437083
  ],
  "leading_edge_weight": 0.14127609023529547,
  "TE_thickness": 0.0036854873846584933,
  "name": "design"
}