{
  "upper_weights": [
    0.06989814898471258,
    0.3370011641929475,
    0.29590981562899193,
    0.17836687405653812,
    0.10149238039329089,
    0.10086755246201878,
    0.30508103178802765,
    0.4575970728238039
  ],
  "lower_weights": [
    -0.04334830704932946,
    -0.04057104104853093,
    0.07213376497930887,
    0.07995256318096866,
    0.014144819495234828,
    0.08921033693093111,
    0.17124516848264415,
    0.08549801485595612
  ],
  "leading_edge_weight": -0.0489911852321101,
  "TE_thickness": 0.0058287987370531855,
  "_score": -7.524121755669095
}