{
  "upper_weights": [
    0.35102453291590274,
    0.2799633520709331,
    0.3386921622890014,
    0.365461331369059,
    0.3899049031650065,
    0.4128205129062243,
    0.37933090806634007,
    0.26321637367914535
  ],
  "lower_weights": [
    0.10342732261320378,
    0.10177961865930898,
    0.16191856819326977,
    0.1408449115353133,
    0.0628891825325637,
    0.16738035699597442,
    0.07776090294623518,
    0.11522843848668532
  ],
  "leading_edge_weight": -0.024994142597140917,
  "TE_thickness": 0.00871402179850885,
  "_score": 166.45557792814438
}