{
  "design_name": "HighSweep_MaxWashout_NACA0008",
  "design_params": {
    "le_sweep_deg": 80.0,
    "root_chord_in": 27.37102006894158,
    "twist_root_deg": -10.0,
    "twist_tip_deg": -6.604519352777016,
    "dihedral_deg": -9.588403198012529,
    "naca": {
      "m": 0,
      "p": 0,
      "t": 9,
      "chord_length": 1.0
    }
  },
  "sim_conditions": {
    "aoa_deg": 10.0,
    "mach": 0.3,
    "reynolds": 3000000.0
  },
  "vlm_results": {
    "CL": 0.02293375129936592,
    "CDi": 0.0007503969389198446,
    "CM": -0.025786093378987174,
    "L_D": 30.56215998479125
  },
  "corrected_results": {
    "CL": 0.05846662767520703,
    "CDi": 0.0007877686507528348,
    "CM": -0.04855345922472263,
    "L_D": 74.2180177128566
  }
}