{
  "upper_weights": [
    0.5008206534415052,
    0.5997071249413672,
    0.5120443766368876,
    0.35304481650175695,
    0.22532303858058939,
    0.09320239910092554,
    0.014882855186394928,
    -0.10184650156434827
  ],
  "lower_weights": [
    -0.10824802682166401,
    -0.07927214543734856,
    -0.06857095865590776,
    -0.0035116163696082836,
    0.02501477275693398,
    -0.1158932087212983,
    -0.17965996920307384,
    -0.28646043563056467
  ],
  "leading_edge_weight": -0.04800883593284988,
  "TE_thickness": 0.008761619265097767,
  "name": "iter_00565"
}