{
  "upper_weights": [
    0.5507298637835197,
    0.42994129193672587,
    0.2962918602528152,
    0.1707017301078759,
    0.05933090835945807,
    0.02643850721084117,
    0.05499822169279435,
    0.19698389428790272
  ],
  "lower_weights": [
    -0.05342882584633023,
    0.10901051143317977,
    0.06796658739772818,
    -0.07323271389880998,
    -0.2041883185989245,
    -0.23077336738280124,
    -0.2361068775462119,
    -0.3
  ],
  "leading_edge_weight": -0.1172319781810206,
  "TE_thickness": 0.002623062236309774,
  "name": "design"
}