{
  "upper_weights": [
    0.3751524558356848,
    0.33042887855718356,
    0.3017386396371619,
    0.17179635803051788,
    0.10265487974635144,
    0.05438668557282531,
    -0.007616657172052232,
    -0.08468224002750134
  ],
  "lower_weights": [
    -0.10853531900929021,
    -0.022967613294899204,
    0.035396428627093524,
    0.009444499806122579,
    -0.03487470469172895,
    -0.172550849957679,
    -0.2702522317228467,
    -0.2924257142606601
  ],
  "leading_edge_weight": 0.47146025228189614,
  "TE_thickness": 0.006911368569504328,
  "name": "LessReflex_SharperLE_ThinnerTE"
}