{
  "upper_weights": [
    0.5508842324082788,
    0.39616109748393485,
    0.2658588953779765,
    0.2812111155734682,
    0.39087887264141646,
    0.5567447553630906,
    0.5711902240308138,
    0.5052511785090767
  ],
  "lower_weights": [
    -0.09890679640236558,
    -0.04013854462940436,
    -0.025259387741855932,
    -0.1320267240758405,
    -0.28347504875129476,
    -0.29990072541207363,
    -0.29925001430987186,
    -0.29996005756500005
  ],
  "leading_edge_weight": 0.12484033429018127,
  "TE_thickness": 0.002741599815663232,
  "name": "iter_00696"
}