{
  "design_name": "HighSweepCamberThinWashout",
  "design_params": {
    "le_sweep_deg": 74.27965397235404,
    "root_chord_in": 42.49493500255882,
    "twist_root_deg": -6.971073328948538,
    "twist_tip_deg": -7.937054920088597,
    "dihedral_deg": -15.0,
    "naca": {
      "m": 4,
      "p": 4,
      "t": 7,
      "chord_length": 1.0
    }
  },
  "sim_conditions": {
    "aoa_deg": 10.0,
    "mach": 0.3,
    "reynolds": 3000000.0
  },
  "vlm_results": {
    "CL": 0.07776124850400949,
    "CDi": 0.014783842101755939,
    "CM": -0.1309040978954337,
    "L_D": 5.259880886767146
  },
  "corrected_results": {
    "CL": -0.11781097784329063,
    "CDi": -0.0103528049923628,
    "CM": 0.1493430965578905,
    "L_D": 11.379619139952801
  }
}