{
  "upper_weights": [
    0.3532003743562367,
    0.46482615895806284,
    0.419563420131492,
    0.588961543435752,
    0.5928746493302666,
    0.5821604777044493,
    0.17465293378509567,
    0.41778363932392865
  ],
  "lower_weights": [
    -0.18279849295848166,
    -0.0633939815353301,
    0.15244988045389835,
    0.28071021703049087,
    0.2858107577599001,
    0.25457630714960827,
    0.28539332684490565,
    0.29716951211234005
  ],
  "leading_edge_weight": -0.18999808772419402,
  "TE_thickness": 0.006463613070213503,
  "name": "iter_00501"
}