{
  "design_name": "HighSweepCamberedWashin",
  "design_params": {
    "le_sweep_deg": 71.15032637910649,
    "root_chord_in": 39.52148474501473,
    "twist_root_deg": -5.894135219014093,
    "twist_tip_deg": -5.109181940877598,
    "dihedral_deg": -2.7015231055045374,
    "naca": {
      "m": 4,
      "p": 4,
      "t": 13,
      "chord_length": 1.0
    }
  },
  "sim_conditions": {
    "aoa_deg": 10.0,
    "mach": 0.3,
    "reynolds": 3000000.0
  },
  "vlm_results": {
    "CL": 0.2128381274665213,
    "CDi": 0.019740514069948756,
    "CM": -0.25037081454178806,
    "L_D": 10.781792546655488
  },
  "corrected_results": {
    "CL": -0.03711705393304075,
    "CDi": -0.010467209625637743,
    "CM": 0.06833806694718236,
    "L_D": 3.5460313933264995
  }
}