{
  "upper_weights": [
    0.1957310397603507,
    0.1371766099980618,
    0.14632658062605464,
    0.06902109950197549,
    0.007708068123724057,
    0.009239566131129025,
    0.016808594003948296,
    0.1311130823451181
  ],
  "lower_weights": [
    -0.09804777504198124,
    -0.12523029900687505,
    -0.2038596778872483,
    -0.18415434460807817,
    -0.1470798184139075,
    -0.2791702260737468,
    -0.3,
    -0.2585026460463377
  ],
  "leading_edge_weight": 0.09263582790473407,
  "TE_thickness": 0.0037743659889801326,
  "name": "design"
}