{
  "design_name": "Exploitation_PeakRefinement_NACA2406",
  "design_params": {
    "le_sweep_deg": 71.28882382752937,
    "root_chord_in": 40.118759333173955,
    "twist_root_deg": -6.094424326270621,
    "twist_tip_deg": -9.272430726080936,
    "dihedral_deg": -15.0,
    "naca": {
      "m": 2,
      "p": 4,
      "t": 6,
      "chord_length": 1.0
    }
  },
  "sim_conditions": {
    "aoa_deg": 10.0,
    "mach": 0.3,
    "reynolds": 3000000.0
  },
  "vlm_results": {
    "CL": 0.1333323773362862,
    "CDi": 0.006571883925918526,
    "CM": -0.14847958314183762,
    "L_D": 20.288303755707442
  },
  "corrected_results": {
    "CL": -0.047337388429475026,
    "CDi": -0.006450423129458271,
    "CM": 0.08824612698442365,
    "L_D": 7.338648562958782
  }
}