{
  "upper_weights": [
    0.5978943941228501,
    0.4235784285981115,
    0.3899507754499419,
    0.357695080231795,
    0.46124777015462853,
    0.5734522196295642,
    0.5869986173360076,
    0.5699703993105314
  ],
  "lower_weights": [
    -0.21706353557890726,
    -0.2896100243321744,
    -0.2815728422493042,
    -0.25129091410835763,
    -0.19760967549225966,
    -0.2510459654476897,
    -0.29897578430381766,
    -0.23269471088600163
  ],
  "leading_edge_weight": 0.3484205003403892,
  "TE_thickness": 0.004938568669475524,
  "name": "iter_00688"
}