{
  "design_name": "ExtremeSweepHighCamber",
  "design_params": {
    "le_sweep_deg": 78.69852171218251,
    "root_chord_in": 39.81632065890926,
    "twist_root_deg": -2.4340609069585653,
    "twist_tip_deg": -10.0,
    "dihedral_deg": 7.049971499428257,
    "naca": {
      "m": 4,
      "p": 4,
      "t": 18,
      "chord_length": 1.0
    }
  },
  "sim_conditions": {
    "aoa_deg": 10.0,
    "mach": 0.3,
    "reynolds": 3000000.0
  },
  "vlm_results": {
    "CL": 0.33437231295952513,
    "CDi": 0.01871901456581724,
    "CM": -0.39740917093565165,
    "L_D": 17.862709160455584
  },
  "corrected_results": {
    "CL": -0.03900793283254638,
    "CDi": -0.011207432346433685,
    "CM": 0.07017991644176416,
    "L_D": 3.4805414502420877
  }
}