{
  "upper_weights": [
    0.5156205642126608,
    0.5667871110325062,
    0.4896791447338588,
    0.5142054233830731,
    0.47245532195089174,
    0.47667740337832615,
    0.5291134840527205,
    0.5817902910325725
  ],
  "lower_weights": [
    -0.14619450270498868,
    0.020608944167636534,
    0.2082950227227796,
    0.29994720311959905,
    0.24716381177943542,
    0.09181747006567703,
    0.0022597732684976335,
    -0.07621522082883012
  ],
  "leading_edge_weight": -0.05287177554897493,
  "TE_thickness": 0.007902254649796154,
  "name": "iter_00675"
}