{
  "upper_weights": [
    0.5985484197865985,
    0.45151898408953356,
    0.39502492930226824,
    0.3237377455143094,
    0.2876044252216979,
    0.1905969049744758,
    0.16204449365855605,
    0.1074798803016413
  ],
  "lower_weights": [
    -0.1297505649926423,
    -0.16498306389812709,
    -0.16297506590860691,
    -0.22715248372538038,
    -0.2999977284858674,
    -0.2954888351646947,
    -0.275305708466239,
    -0.06075476076717348
  ],
  "leading_edge_weight": 0.021804038307730478,
  "TE_thickness": 0.009478157287700874,
  "name": "iter_00697"
}