{
  "upper_weights": [
    0.389086678000712,
    0.4768777687090439,
    0.5935018220419452,
    0.5686282516009205,
    0.5420353271384646,
    0.5063616347385254,
    0.41139238243583426,
    0.30915847795066526
  ],
  "lower_weights": [
    -0.2886706003754092,
    -0.13486523692487365,
    -0.12817648896955092,
    -0.044644221415344576,
    0.055365508588243184,
    0.07356902941243143,
    0.03387570302671583,
    -0.044502018694451306
  ],
  "leading_edge_weight": 0.5,
  "TE_thickness": 0.0,
  "name": "iter_0624"
}