{
  "upper_weights": [
    0.4492231602753735,
    0.2577110448037166,
    0.16204094572998573,
    0.041302417629440036,
    -0.06034549188927349,
    -0.05418477392395896,
    -0.09310888720471194,
    -0.031243884054483084
  ],
  "lower_weights": [
    -0.1878135617719882,
    -0.21446738213218394,
    -0.1911376522026297,
    -0.15745042597840953,
    -0.17099221263876693,
    -0.12629244075936102,
    -0.17896425303531294,
    -0.23826684458878356
  ],
  "leading_edge_weight": -0.07276651069702172,
  "TE_thickness": 0.007167835281739476,
  "name": "iter_00672"
}