{
  "upper_weights": [
    0.14906142362146954,
    0.2725314002501065,
    0.39532461133680297,
    0.3463818923904277,
    0.2606812934309392,
    0.10938789329161792,
    0.06032983244951627,
    -0.05730152630428348
  ],
  "lower_weights": [
    -0.17761292592938638,
    -0.24853987229529878,
    -0.269053271899523,
    -0.27929156087477164,
    -0.1947297224612844,
    -0.13741490803514078,
    -0.16576192044580038,
    -0.3
  ],
  "leading_edge_weight": 0.4243962505825717,
  "TE_thickness": 0.0,
  "name": "HPA_Robust_Monotonic_V1"
}