{
  "upper_weights": [
    0.4517984935611847,
    0.3909035674519648,
    0.2796860586830688,
    0.23816877879739923,
    0.24317902670465835,
    0.27317335523535774,
    0.17124891443390916,
    0.10479592444554048
  ],
  "lower_weights": [
    -0.11636801182816203,
    -0.06976077186096091,
    -0.11421856255024446,
    -0.004240476028609552,
    0.0367665466767958,
    0.0815766923011787,
    0.004229530008125537,
    -0.1296802191207921
  ],
  "leading_edge_weight": 0.05970423183273654,
  "TE_thickness": 0.00895672243253669,
  "name": "design"
}