{
  "upper_weights": [
    0.32592845815359517,
    0.35409510129218547,
    0.3768568550546471,
    0.2895126034487716,
    0.23152530735707616,
    0.3033296279572221,
    0.2547804765961598,
    0.09585895452634968
  ],
  "lower_weights": [
    -0.09006832046478232,
    -0.027030629602110078,
    0.06268162973251931,
    0.13354953642930406,
    0.12407216798158477,
    0.07400039563147724,
    0.03848687456122894,
    -0.05755060029187964
  ],
  "leading_edge_weight": 0.21668146302247449,
  "TE_thickness": 0.0024419448167159515,
  "name": "design"
}