{
  "design_name": "Hybrid_Sweep68_PosDihedral_NACA4410",
  "design_params": {
    "le_sweep_deg": 73.01332321301938,
    "root_chord_in": 32.04197491081827,
    "twist_root_deg": -3.768056925147289,
    "twist_tip_deg": -10.0,
    "dihedral_deg": 15.0,
    "naca": {
      "m": 4,
      "p": 4,
      "t": 10,
      "chord_length": 1.0
    }
  },
  "sim_conditions": {
    "aoa_deg": 10.0,
    "mach": 0.3,
    "reynolds": 3000000.0
  },
  "vlm_results": {
    "CL": 0.26697346901085267,
    "CDi": 0.01961953412218662,
    "CM": -0.3030233498886382,
    "L_D": 13.607533560592936
  },
  "corrected_results": {
    "CL": 0.10574042719353018,
    "CDi": 0.003547181750098182,
    "CM": -0.09372030253582722,
    "L_D": 29.809700952200547
  }
}