{
  "upper_weights": [
    0.4496194448280561,
    0.4483804032064806,
    0.3356915570542091,
    0.1642417555508925,
    0.10040118427920952,
    0.09143623264346656,
    -0.029581661472196097,
    -0.18828784562193807
  ],
  "lower_weights": [
    -0.1434206052349247,
    -0.01681072537862055,
    0.04581640252195274,
    -0.060526721112453025,
    -0.22333084264887676,
    -0.2955704932961211,
    -0.3,
    -0.3
  ],
  "leading_edge_weight": -0.4076781872760775,
  "TE_thickness": 0.003865712826436294,
  "name": "design"
}