{
  "name": "design",
  "mach": 0.82,
  "aoa": 3.0,
  "SA": 28.579105925617817,
  "AR": 10.10677331751451,
  "TR": 0.25441025789479166,
  "kink": 0.3977752405023457,
  "rootadj": 0.9997867663532404,
  "DA_kink": 3.4562882616621957,
  "DA_tip": 4.99689360274471,
  "t_root": 0.1400015021573251,
  "r_t2": 0.6225541713019411,
  "r_t3": 0.9394880389037366,
  "r_t4": 0.9744670326575512,
  "r_d1": 0.6852908931283795,
  "r_d2": 0.6176057797964617,
  "r_d4": 0.050332554001545196,
  "tw1": -3.8707886738044355,
  "tw2": -2.571050662689705,
  "tw3": -2.7375516100275084,
  "tw4": -2.0954802406164603,
  "cst_upper": [
    0.14976884088020287,
    0.03950397451584814,
    0.300843802509462,
    0.3301421327121213,
    -0.17435757225452977,
    0.3602341709107137,
    0.5999999999999999,
    -0.011096335071611896,
    0.10686633955195479,
    0.29363122393454605
  ],
  "cst_lower": [
    0.10529693283329056,
    -0.18344818968859367,
    -0.2999616351880586,
    -0.2188692042887393,
    -0.2613888523987039,
    -0.17612740455010337,
    -0.1932655077204623,
    0.11687907248506668,
    0.08536999374674442,
    -0.19431527832941098
  ]
}