{
  "B1": 199.74653530436868,
  "B2": 52.171670024445774,
  "B3": 200.0,
  "C2": 820.8056901779247,
  "C3": 180.0001,
  "C4": 88.19920452894371,
  "S1": 45.03785902253955,
  "S2": 43.69321337956036,
  "S3": 40.0,
  "alpha": 2.135553795017293,
  "name": "high_aspect_ratio_optimized_taper"
}