{
  "design_name": "HighSweep_LowChord_WashinRoot_ThickNACA",
  "design_params": {
    "le_sweep_deg": 77.39471732752362,
    "root_chord_in": 14.065589881194985,
    "twist_root_deg": 4.321766634143182,
    "twist_tip_deg": 3.392707769217288,
    "dihedral_deg": 2.5666242476542345,
    "naca": {
      "m": 0,
      "p": 0,
      "t": 20,
      "chord_length": 1.0
    }
  },
  "sim_conditions": {
    "aoa_deg": 10.0,
    "mach": 0.3,
    "reynolds": 3000000.0
  },
  "vlm_results": {
    "CL": 0.479523536144933,
    "CDi": 0.11856840971897774,
    "CM": -0.465079606639098,
    "L_D": 4.044277369338637
  },
  "corrected_results": {
    "CL": 0.2635687943590924,
    "CDi": 0.06574212023564716,
    "CM": -0.26908688364027183,
    "L_D": 4.00913133641495
  }
}