{
  "upper_weights": [
    0.2729435972049114,
    0.3090425857424803,
    0.2799510970957823,
    0.27890597339291007,
    0.2018500746703426,
    0.2398745387091345,
    0.19548233946453114,
    0.10702703197814017
  ],
  "lower_weights": [
    -0.3,
    -0.18743082736656475,
    -0.09171315880613037,
    -0.07955366522189669,
    0.0027672134209522636,
    0.061611606161245336,
    0.01081756158029823,
    -0.12306458463003564
  ],
  "leading_edge_weight": 0.5,
  "TE_thickness": 0.0,
  "name": "iter_0188"
}