{
  "upper_weights": [
    0.34922454673118003,
    0.27669570163724094,
    0.3835160679124107,
    0.40827479995601473,
    0.29488000550386567,
    0.4013509096347509,
    0.2437312726275253,
    0.3790181635770929
  ],
  "lower_weights": [
    0.08807667257392116,
    0.10412957938726047,
    0.11613670399075698,
    0.1321104016566117,
    0.06244884205302742,
    0.11311254158860218,
    0.12475608736634469,
    0.12292214962750592
  ],
  "leading_edge_weight": 0.23122935103519027,
  "TE_thickness": 0.007756868817991927,
  "_score": 191.3885025465933
}