{
  "name": "iter_0083",
  "mach": 0.82,
  "aoa": 3.0,
  "SA": 35.22574379322624,
  "AR": 9.46208154454554,
  "TR": 0.18846856113437563,
  "kink": 0.3668598906786139,
  "rootadj": 0.9638608983340704,
  "DA_kink": 2.4262833013083474,
  "DA_tip": 4.821466176816471,
  "t_root": 0.15021923049060026,
  "r_t2": 0.6074339171408285,
  "r_t3": 0.9523420781462972,
  "r_t4": 0.9934501373685904,
  "r_d1": 0.7613609457174352,
  "r_d2": 0.5828478934876448,
  "r_d4": 0.3454192787415329,
  "tw1": -2.192291290119388,
  "tw2": -2.227540067781527,
  "tw3": -2.0464020616825103,
  "tw4": -1.658583156501616,
  "cst_upper": [
    0.42220441863517816,
    0.40664144188797585,
    0.33569039507512527,
    0.5999999999999999,
    -0.04672044721999524,
    0.5999999999999999,
    0.2498844506319578,
    0.5191548186504582,
    0.38744781387763044,
    0.5326342374363064
  ],
  "cst_lower": [
    -0.1435909285187342,
    -0.29387985776242903,
    -0.2059861490541124,
    -0.3,
    -0.25229116160503406,
    -0.031152822921058754,
    -0.04163564659478325,
    -0.14953346626578196,
    -0.07456670766671522,
    0.08626945225539667
  ]
}