{
  "upper_weights": [
    0.4391755098262225,
    0.37967865608729295,
    0.5999999999999999,
    0.5999999999999999,
    0.42230878381566234,
    0.3384942094311491,
    -0.3,
    0.5999999999999999
  ],
  "lower_weights": [
    -0.2224049429163904,
    0.3,
    0.3,
    0.3,
    0.3,
    0.3,
    0.3,
    0.3
  ],
  "leading_edge_weight": 0.2974025868967478,
  "TE_thickness": 0.01,
  "name": "iter_0242"
}