{
  "design_name": "OptimizedHybridTwist_NACA12",
  "design_params": {
    "le_sweep_deg": 48.28764893015286,
    "root_chord_in": 25.734,
    "twist_root_deg": 0.0,
    "twist_tip_deg": 0.0,
    "dihedral_deg": 0.0,
    "naca": {
      "m": 2,
      "p": 4,
      "t": 11,
      "chord_length": 1.0
    }
  },
  "sim_conditions": {
    "aoa_deg": 0.0,
    "mach": 0.3,
    "reynolds": 3000000.0
  },
  "vlm_results": {
    "CL": 0.12905255301846608,
    "CDi": 0.0033862788981936405,
    "CM": -0.1537090754870359,
    "L_D": 38.110432394480924
  },
  "corrected_results": {
    "CL": 0.08765129147266762,
    "CDi": 0.0019589103775057635,
    "CM": -0.10507103705721052,
    "L_D": 44.7449217070727
  }
}