{
  "upper_weights": [
    0.28256329934159596,
    0.30716738463453036,
    0.25302732248041815,
    0.28380750184165215,
    0.35821788016985145,
    0.29551606419776977,
    0.2540557681804727,
    0.25299372865771314
  ],
  "lower_weights": [
    0.08987222375980158,
    0.1258974358004783,
    0.12498420831823431,
    0.1497021601086955,
    0.09404403976965708,
    0.15114427090510874,
    0.11776947443205683,
    0.1330717631641155
  ],
  "leading_edge_weight": 0.1000516002612599,
  "TE_thickness": 0.007640186171205279,
  "_score": 187.85954187202412
}