{
  "upper_weights": [
    0.5722155286164359,
    0.4139472402702151,
    0.3165928225191161,
    0.055040480358108185,
    0.16459628889539535,
    -0.0010683766169681838,
    0.10720912538302683,
    -0.16029293498065772
  ],
  "lower_weights": [
    0.09912392156439827,
    -0.12829992897262105,
    -0.05548741856087749,
    -0.2569448744220669,
    -0.26604977044220984,
    -0.2866900881609063,
    -0.215705932753161,
    -0.2202962616041493
  ],
  "leading_edge_weight": 0.39373867997463413,
  "TE_thickness": 0.0029007956126053595,
  "name": "Reflexed_SmoothAft"
}