{
  "upper_weights": [
    0.4508367355673558,
    0.3176114742472098,
    0.2458220801514925,
    0.18273901874754772,
    0.12875602442708656,
    0.2282303903261205,
    0.3690363944713675,
    0.5208711324478915
  ],
  "lower_weights": [
    -0.0860608678479978,
    -0.08811392003580432,
    -0.11030613865588813,
    -0.042693958255471946,
    0.043704201944253535,
    0.09857279410441155,
    0.11011149409640732,
    -0.06409145901866795
  ],
  "leading_edge_weight": -0.25773746299619693,
  "TE_thickness": 0.0,
  "name": "design"
}