{
  "upper_weights": [
    0.13791222402320263,
    0.04627132922779381,
    -0.19857785950908902,
    -0.3,
    -0.3,
    -0.2990131111115341,
    0.41708351607912336,
    0.5999999999999999
  ],
  "lower_weights": [
    -0.3,
    -0.1833601310423434,
    -0.009954004360616164,
    -0.3,
    -0.3,
    -0.3,
    -0.2845116064972521,
    -0.3
  ],
  "leading_edge_weight": 0.5,
  "TE_thickness": 0.0,
  "name": "iter_0215"
}