{
  "upper_weights": [
    0.3461099176051005,
    0.3513842629412533,
    0.24182435965379984,
    0.09378984833738041,
    -0.0021961494847549945,
    0.057821665196729544,
    0.0019028942581311714,
    -0.10871365967780797
  ],
  "lower_weights": [
    -0.15616461854453978,
    -0.13691105234199186,
    -0.06266900939626036,
    -0.14460353589790112,
    -0.22284685809787416,
    -0.2528358065836781,
    -0.2889956701375882,
    -0.2602732951922571
  ],
  "leading_edge_weight": -0.13388497703747448,
  "TE_thickness": 0.005889665458181449,
  "name": "design"
}