{
  "design_name": "ExploitTopPerformer_HighSweepAnhedralWashout_NACA2409",
  "design_params": {
    "le_sweep_deg": 64.77612444871016,
    "root_chord_in": 29.675047201187116,
    "twist_root_deg": -10.0,
    "twist_tip_deg": -9.54530937710779,
    "dihedral_deg": -15.0,
    "naca": {
      "m": 2,
      "p": 4,
      "t": 6,
      "chord_length": 1.0
    }
  },
  "sim_conditions": {
    "aoa_deg": 10.0,
    "mach": 0.3,
    "reynolds": 3000000.0
  },
  "vlm_results": {
    "CL": 0.03224129533463187,
    "CDi": 0.005430512159758105,
    "CM": -0.06846059668589076,
    "L_D": 5.937063464022887
  },
  "corrected_results": {
    "CL": 0.03764742067650916,
    "CDi": 0.0009675254659304075,
    "CM": -0.03950550487457804,
    "L_D": 38.91103852269774
  }
}