{
  "upper_weights": [
    0.44665082194942124,
    0.42141457139471555,
    0.37378025426698375,
    0.14647923557559733,
    0.04977646801839902,
    -0.006000754802200137,
    -0.03399336328327757,
    -0.02993903366201417
  ],
  "lower_weights": [
    -0.13066709297876924,
    -0.01978300791780213,
    0.004565872006540239,
    -0.09640909045680426,
    -0.1081909940542451,
    -0.10988995678748956,
    -0.12998113467285885,
    -0.13357236588935767
  ],
  "leading_edge_weight": -0.06252074771072025,
  "TE_thickness": 0.006303472959828176,
  "name": "design"
}