{
  "design_name": "UncamberedVortexDihedral",
  "design_params": {
    "le_sweep_deg": 55.16677077642256,
    "root_chord_in": 37.90622587261296,
    "twist_root_deg": -3.323836299631623,
    "twist_tip_deg": -4.413768523032536,
    "dihedral_deg": 2.400350005381371,
    "naca": {
      "m": 0,
      "p": 0,
      "t": 17,
      "chord_length": 1.0
    }
  },
  "sim_conditions": {
    "aoa_deg": 10.0,
    "mach": 0.3,
    "reynolds": 3000000.0
  },
  "vlm_results": {
    "CL": 0.33882719956299573,
    "CDi": 0.03691811113054785,
    "CM": -0.2935160186853253,
    "L_D": 9.1778043130336
  },
  "corrected_results": {
    "CL": 0.02999218979753085,
    "CDi": 0.0033977253595788054,
    "CM": 0.020821578117853824,
    "L_D": 8.827137753490703
  }
}