{
  "design_name": "CamberedThinHighSweepHybrid",
  "design_params": {
    "le_sweep_deg": 72.18356281074118,
    "root_chord_in": 23.758885624897324,
    "twist_root_deg": -6.325184818109717,
    "twist_tip_deg": -8.070134045522112,
    "dihedral_deg": -10.40105871368656,
    "naca": {
      "m": 2,
      "p": 4,
      "t": 8,
      "chord_length": 1.0
    }
  },
  "sim_conditions": {
    "aoa_deg": 10.0,
    "mach": 0.3,
    "reynolds": 3000000.0
  },
  "vlm_results": {
    "CL": 0.1501170829859013,
    "CDi": 0.00786858849948951,
    "CM": -0.1659644335620972,
    "L_D": 19.078019265544313
  },
  "corrected_results": {
    "CL": 0.1403047676890571,
    "CDi": 0.006733097015172473,
    "CM": -0.14047671264815909,
    "L_D": 20.838073084776887
  }
}