{
  "name": "iter_0071",
  "mach": 0.82,
  "aoa": 3.0,
  "SA": 40.0,
  "AR": 10.324619962812735,
  "TR": 0.27005577193557084,
  "kink": 0.3960815463937261,
  "rootadj": 0.18215395882663993,
  "DA_kink": 3.9733346128758438,
  "DA_tip": 4.935241151283925,
  "t_root": 0.14938531965665164,
  "r_t2": 0.6372845374167267,
  "r_t3": 0.96160796260732,
  "r_t4": 0.9514594611679056,
  "r_d1": 0.5786809151679799,
  "r_d2": 0.8651651750783802,
  "r_d4": 0.39361345821394556,
  "tw1": -2.306249276767529,
  "tw2": -3.248109234400546,
  "tw3": -1.4160855123981375,
  "tw4": -2.1242179347859134,
  "cst_upper": [
    0.25284995320337705,
    0.17579672646188804,
    0.194239949567044,
    0.21346504729801413,
    0.19767795028920138,
    0.42431278144971735,
    -0.035458743811395854,
    0.494624646829065,
    0.23909532898075464,
    0.48115213428373
  ],
  "cst_lower": [
    0.05895607204863085,
    -0.15329316007737012,
    -0.1819237081786125,
    -0.12182475547543237,
    -0.1859470562900134,
    0.1789958316180052,
    0.05164736092848626,
    -0.09077819416921543,
    0.1679212126963251,
    -0.10243611144900086
  ]
}