{
  "design_name": "HighSweep_AggressiveWashout_ThinCambered",
  "design_params": {
    "le_sweep_deg": 68.10664651337017,
    "root_chord_in": 37.71473451033269,
    "twist_root_deg": -10.0,
    "twist_tip_deg": -10.0,
    "dihedral_deg": -8.486021977379576,
    "naca": {
      "m": 2,
      "p": 4,
      "t": 14,
      "chord_length": 1.0
    }
  },
  "sim_conditions": {
    "aoa_deg": 10.0,
    "mach": 0.3,
    "reynolds": 3000000.0
  },
  "vlm_results": {
    "CL": 0.033727494726653574,
    "CDi": 0.005062015902861935,
    "CM": -0.06815652225606346,
    "L_D": 6.662858310576406
  },
  "corrected_results": {
    "CL": -0.07544064087340349,
    "CDi": -0.001484530459396957,
    "CM": 0.0953803382785372,
    "L_D": 50.817846407845906
  }
}