{
  "upper_weights": [
    0.16641338689114865,
    0.3430711347100024,
    0.4847229397041235,
    0.35955498651801165,
    0.43402428931714293,
    0.06970254209392202,
    0.2238043706621093,
    0.3035608902488032
  ],
  "lower_weights": [
    -0.04974808210763179,
    0.09385368586287536,
    0.039837990573491466,
    0.07304180655996538,
    0.09360411582162816,
    -0.11128821636292428,
    -0.015958433558417466,
    0.04291701034268707
  ],
  "leading_edge_weight": 0.2939026798332261,
  "TE_thickness": 0.0047505306138906946,
  "name": "IntermediateReflexAero"
}