{
  "upper_weights": [
    0.5999463666150149,
    0.5851324088839953,
    0.5617515414314391,
    0.4529438149745389,
    0.5459760608458581,
    0.5442257294720951,
    0.5493796278417484,
    0.5576357598177935
  ],
  "lower_weights": [
    -0.18797976758500207,
    -0.1335243729499379,
    -0.10040533914204511,
    -0.12079639208281154,
    -0.2601643185743835,
    -0.29972909649998114,
    -0.26493397889717596,
    -0.2852894198241924
  ],
  "leading_edge_weight": 0.18732898785306862,
  "TE_thickness": 0.009499628586628076,
  "name": "iter_00665"
}