{
  "upper_weights": [
    0.47011882734544613,
    0.4384197258841688,
    0.5366662627141612,
    0.5318343288011302,
    0.5611773943666951,
    0.5741898415436889,
    0.43693237297466736,
    0.44318136161173094
  ],
  "lower_weights": [
    -0.24499275146518373,
    -0.19429856603345363,
    -0.21388785602329058,
    -0.21515481498715283,
    -0.24212859393036334,
    -0.20176391475253022,
    -0.18437986836945963,
    -0.258915118758001
  ],
  "leading_edge_weight": -0.1054526233741177,
  "TE_thickness": 0.005098784378765899,
  "_score": 137.8921965390378
}