{
  "upper_weights": [
    0.2712569916347675,
    0.2331028453982275,
    0.21973972481757104,
    0.2198457972531745,
    0.23182796374440756,
    0.19290048333723275,
    0.2006794938523218,
    0.23289925318140287
  ],
  "lower_weights": [
    -0.3,
    -0.09178366932056028,
    -0.05173203810395258,
    -0.137439365307333,
    -0.3,
    -0.3,
    -0.3,
    -0.3
  ],
  "leading_edge_weight": 0.5,
  "TE_thickness": 0.007052454349742942,
  "name": "iter_0335"
}