{
  "design_name": "Hybrid_CamberTwist_LargeChord_Thin",
  "design_params": {
    "le_sweep_deg": 63.56993908830374,
    "root_chord_in": 39.52207022800914,
    "twist_root_deg": -7.954052816728179,
    "twist_tip_deg": -0.04096589502718739,
    "dihedral_deg": 4.969526389148333,
    "naca": {
      "m": 2,
      "p": 4,
      "t": 12,
      "chord_length": 1.0
    }
  },
  "sim_conditions": {
    "aoa_deg": 10.0,
    "mach": 0.3,
    "reynolds": 3000000.0
  },
  "vlm_results": {
    "CL": 0.26060380623914037,
    "CDi": 0.02326990292878413,
    "CM": -0.28018002605149295,
    "L_D": 11.199178915215057
  },
  "corrected_results": {
    "CL": -0.006720186223430041,
    "CDi": -0.006643314432501656,
    "CM": 0.046660524121656936,
    "L_D": 1.0115713009988356
  }
}