{
  "upper_weights": [
    0.340096641256609,
    0.3948946238066912,
    0.47157807042916483,
    0.40187143190984054,
    0.22992443957933636,
    0.16065208159514643,
    0.027013326195669544,
    0.011859784963966351
  ],
  "lower_weights": [
    -0.06842001606548676,
    -0.0848754152588412,
    -0.09987143928994603,
    -0.06401435235306963,
    -0.0840203521591748,
    -0.12963745714465158,
    -0.2300523314297817,
    -0.18578285089634275
  ],
  "leading_edge_weight": 0.20619646645290188,
  "TE_thickness": 0.00017181098088323309,
  "name": "Reflexed_Opti_Tweak_001"
}