{
  "upper_weights": [
    0.5010800205828221,
    0.30166481470622614,
    0.1721722218437683,
    0.17750501471864832,
    0.12310036867865193,
    0.03291495862084759,
    0.03655563838289,
    -0.0747603377631382
  ],
  "lower_weights": [
    -0.14283397738617107,
    -0.021188359169024507,
    -0.08423006629282231,
    -0.17267240980300674,
    -0.2567179983946515,
    -0.2783406419437092,
    -0.2918471356991335,
    -0.3
  ],
  "leading_edge_weight": -0.14666937661424323,
  "TE_thickness": 0.0061763549707587705,
  "name": "design"
}