{
  "upper_weights": [
    0.54766960098247,
    -0.004044615151610975,
    0.06761950145404283,
    -0.2806960629541522,
    0.4033524872397454,
    0.5945228276827439,
    0.5833169241662051,
    0.2923114755159055
  ],
  "lower_weights": [
    0.12735197228994977,
    -0.055919806824578255,
    0.016682622087841548,
    -0.2845106764133757,
    0.2775846043473588,
    -0.2951219721861643,
    0.06511043143846496,
    -0.252874717009371
  ],
  "leading_edge_weight": 0.15114344566043902,
  "TE_thickness": 0.006349975490178999,
  "name": "iter_00000"
}