{
  "design_name": "HigherSweepCamberedThinnerWashout",
  "design_params": {
    "le_sweep_deg": 67.27306136572525,
    "root_chord_in": 37.829901034964394,
    "twist_root_deg": -5.450079005972968,
    "twist_tip_deg": -1.5485397686565487,
    "dihedral_deg": 1.0720400915150687,
    "naca": {
      "m": 4,
      "p": 4,
      "t": 11,
      "chord_length": 1.0
    }
  },
  "sim_conditions": {
    "aoa_deg": 10.0,
    "mach": 0.3,
    "reynolds": 3000000.0
  },
  "vlm_results": {
    "CL": 0.31001707388885213,
    "CDi": 0.03231040353116083,
    "CM": -0.3435923337270758,
    "L_D": 9.594961374897876
  },
  "corrected_results": {
    "CL": 0.03691664584254407,
    "CDi": -0.005177839970565707,
    "CM": -0.004185141394809024,
    "L_D": -7.129738665621743
  }
}