{
  "upper_weights": [
    0.38702163121199995,
    0.3120284987841182,
    0.3617699507215921,
    0.33581589667541206,
    0.352759122420068,
    0.24156383506129342,
    0.22224294801932606,
    0.11305631445783781
  ],
  "lower_weights": [
    -0.20444302817345328,
    -0.09167805592248553,
    -0.03583662716540572,
    0.05535028439263946,
    0.08934880424820055,
    0.012874002792791182,
    -0.08494602478183723,
    -0.05717074136736944
  ],
  "leading_edge_weight": -0.034736904840698676,
  "TE_thickness": 0.008850231182425446,
  "name": "design"
}