{
  "design_name": "High_Sweep_MaxCamber_Anhedral_Exploration",
  "design_params": {
    "le_sweep_deg": 75.4332771144381,
    "root_chord_in": 25.734,
    "twist_root_deg": 0.0,
    "twist_tip_deg": 0.0,
    "dihedral_deg": 0.0,
    "naca": {
      "m": 4,
      "p": 4,
      "t": 10,
      "chord_length": 1.0
    }
  },
  "sim_conditions": {
    "aoa_deg": 0.0,
    "mach": 0.3,
    "reynolds": 3000000.0
  },
  "vlm_results": {
    "CL": 0.09153106914927825,
    "CDi": 0.013265338594563896,
    "CM": -0.14761375226255952,
    "L_D": 6.900017553022541
  },
  "corrected_results": {
    "CL": 0.041536650293953425,
    "CDi": 0.006778691692726354,
    "CM": -0.06518700207464247,
    "L_D": 6.127532004224786
  }
}