{
  "upper_weights": [
    0.23561936207689177,
    0.13915871110006534,
    0.06249802521801345,
    0.06022515144501839,
    0.20332902364702138,
    0.08991549232480145,
    0.0981955413839315,
    0.22759773974361236
  ],
  "lower_weights": [
    -0.05164241962254537,
    -0.01385441536459231,
    0.003932194614496787,
    0.02293087567111307,
    0.037502157038625195,
    -0.013250481260383418,
    -0.03800407233094233,
    -0.025216246990959423
  ],
  "leading_edge_weight": -0.07411108827071472,
  "TE_thickness": 0.005383655961587864,
  "_score": -5.731130671652585
}