{
  "design_name": "MaxSweep_ExtremeWashout_ThinCambered",
  "design_params": {
    "le_sweep_deg": 80.0,
    "root_chord_in": 40.71655053647524,
    "twist_root_deg": -10.0,
    "twist_tip_deg": -3.980726075040309,
    "dihedral_deg": -9.525752232165116,
    "naca": {
      "m": 0,
      "p": 0,
      "t": 7,
      "chord_length": 1.0
    }
  },
  "sim_conditions": {
    "aoa_deg": 10.0,
    "mach": 0.3,
    "reynolds": 3000000.0
  },
  "vlm_results": {
    "CL": 0.03945425828810647,
    "CDi": 0.002382739419616096,
    "CM": -0.043572333157499234,
    "L_D": 16.55836050022763
  },
  "corrected_results": {
    "CL": -0.09545571455007608,
    "CDi": -0.0043749322230208654,
    "CM": 0.1426158751183951,
    "L_D": 21.818787054068796
  }
}