{
  "design_name": "SweptWashoutCambered",
  "design_params": {
    "le_sweep_deg": 65.90817441205814,
    "root_chord_in": 36.17549623910277,
    "twist_root_deg": 1.388977243802556,
    "twist_tip_deg": -8.897756721430504,
    "dihedral_deg": 4.31394138271655,
    "naca": {
      "m": 0,
      "p": 0,
      "t": 14,
      "chord_length": 1.0
    }
  },
  "sim_conditions": {
    "aoa_deg": 10.0,
    "mach": 0.3,
    "reynolds": 3000000.0
  },
  "vlm_results": {
    "CL": 0.32268063458063634,
    "CDi": 0.041735939179138704,
    "CM": -0.27182404699105917,
    "L_D": 7.731481330649558
  },
  "corrected_results": {
    "CL": 0.04531297861298643,
    "CDi": 0.007778478065908055,
    "CM": 0.006040124095119973,
    "L_D": 5.825429888603359
  }
}