{
  "upper_weights": [
    0.4154089535638423,
    0.368336264368337,
    0.24053098143935805,
    0.23073276236481852,
    0.14374011867121397,
    0.09560379648645623,
    0.015336142969829263,
    -0.1928499780211458
  ],
  "lower_weights": [
    -0.10914805997539481,
    -0.11331205816687868,
    -0.09473887593077396,
    -0.036925202158015064,
    -0.00949619307766942,
    -0.11474892379186591,
    -0.2693066838792315,
    -0.3
  ],
  "leading_edge_weight": 0.1804431364682176,
  "TE_thickness": 0.01,
  "name": "design"
}