{
  "name": "design",
  "mach": 0.82,
  "aoa": 3.0,
  "SA": 40.0,
  "AR": 10.90512080783136,
  "TR": 0.34592053599997685,
  "kink": 0.3712697074296333,
  "rootadj": 0.1,
  "DA_kink": 4.16526914778318,
  "DA_tip": 4.860244805710199,
  "t_root": 0.14,
  "r_t2": 0.6269363085030757,
  "r_t3": 0.9297684262826332,
  "r_t4": 0.9800531789895718,
  "r_d1": 0.3776189711622838,
  "r_d2": 0.5062235001819231,
  "r_d4": 0.6397095987189694,
  "tw1": -4.0,
  "tw2": -3.874028441841417,
  "tw3": -2.6248978261473743,
  "tw4": -1.187039307464794,
  "cst_upper": [
    0.5761777759934996,
    0.49507775617289856,
    0.34426391327534495,
    0.5795381684542205,
    0.36536524952059907,
    0.5276133699863703,
    0.583222758586295,
    0.5916670678488416,
    0.5636049508813714,
    0.5721172662437883
  ],
  "cst_lower": [
    -0.012081504103556018,
    -0.3,
    -0.29790483515779753,
    -0.287279366703331,
    -0.3,
    -0.11433640219041283,
    -0.25217165171761213,
    0.20486661891746666,
    0.29519170456826543,
    0.28229942320063334
  ]
}