{
  "upper_weights": [
    0.4777318646389555,
    0.30458158735760205,
    0.1970536570931038,
    0.10720028729292952,
    -0.04405160047328471,
    -0.013470977504336124,
    0.025165060652830473,
    0.1927474957291217
  ],
  "lower_weights": [
    -0.22446699399177855,
    -0.256346231731013,
    -0.27304901935492454,
    -0.2622580773398383,
    -0.25213029013165783,
    -0.2897108839500858,
    -0.3,
    -0.19237088531902463
  ],
  "leading_edge_weight": 0.5,
  "TE_thickness": 0.0,
  "name": "iter_0454"
}