{
  "upper_weights": [
    0.3779187942293836,
    0.46833489984414695,
    0.39986702287524245,
    0.23052832316157548,
    0.1453991144414663,
    0.08638198616571198,
    0.0975468368947958,
    0.12577466608793186
  ],
  "lower_weights": [
    -0.1972211023487616,
    -0.013131981573146965,
    0.06203750470958884,
    0.04175064576722076,
    -0.08656606116913329,
    -0.2008286542956719,
    -0.2922403923674807,
    -0.279637535067854
  ],
  "leading_edge_weight": 0.2608490866748145,
  "TE_thickness": 0.007126578676149113,
  "name": "Reflexed_HighLift_V1"
}