{
  "upper_weights": [
    -0.3,
    0.021568060644045983,
    0.007568050240599089,
    0.3240698139393506,
    0.37491860482455414,
    0.5999999999999999,
    0.07609876102629304,
    -0.24959543519464905
  ],
  "lower_weights": [
    -0.3,
    0.26226544257760537,
    0.3,
    -0.103304578802914,
    0.3,
    0.3,
    -0.3,
    -0.3
  ],
  "leading_edge_weight": -0.5,
  "TE_thickness": 0.01,
  "name": "design"
}