{
  "upper_weights": [
    0.5868725462625082,
    0.37509031308974833,
    0.10983815798410324,
    0.057029558878078646,
    0.0479367190224147,
    -0.06313942124369049,
    -0.13500026598124526,
    -0.14681345462402187
  ],
  "lower_weights": [
    -0.1183532397908956,
    -0.1017511119743747,
    -0.17449434018924126,
    -0.21651904463599259,
    -0.15895112721338284,
    -0.13189104035300836,
    -0.184467262901149,
    -0.2519622538953319
  ],
  "leading_edge_weight": -0.2865204455202902,
  "TE_thickness": 0.0071217429562312655,
  "name": "design"
}