{
  "upper_weights": [
    0.4188188180244943,
    0.2664933950942861,
    0.12034788575607494,
    0.023438749515289597,
    0.05722306129565326,
    0.10663978792251605,
    0.15553687804748095,
    0.2580083283371828
  ],
  "lower_weights": [
    -0.12973329216587265,
    -0.23372259201037082,
    -0.18418314614843456,
    -0.14719790780723926,
    -0.054995821251285104,
    -0.07051099325371822,
    -0.1195750147500198,
    -0.26561778336808184
  ],
  "leading_edge_weight": -0.13316871526683113,
  "TE_thickness": 0.004529442838753017,
  "name": "design"
}