{
  "upper_weights": [
    0.4079523402824415,
    0.2990447433228337,
    0.2824857855737194,
    0.21320867215948444,
    0.11521560708659617,
    -0.02091398471810614,
    0.21128858800143388,
    0.08516674250062087
  ],
  "lower_weights": [
    -0.12484798748362419,
    -0.0567186528213641,
    -0.014421830639013263,
    -0.07480625767628374,
    -0.06398280677667008,
    -0.011014133314507412,
    0.08579954210181029,
    0.03443540154931183
  ],
  "leading_edge_weight": 0.42208463895126125,
  "TE_thickness": 0.0,
  "name": "HPA_RobustCamber_Iter57Base"
}