{
  "B1": 100.0,
  "B2": 117.04764784822147,
  "B3": 700.0,
  "C2": 674.4044407414382,
  "C3": 279.94625231240474,
  "C4": 60.0,
  "S1": 40.0,
  "S2": 58.33470078693208,
  "S3": 40.0,
  "alpha": -2.9094,
  "name": "Hybrid_SpanMax_Alpha_Optimized"
}