{
  "upper_weights": [
    0.2623881265569821,
    0.28355052117873086,
    0.29651554306003913,
    0.19888447878738033,
    0.18486440100842835,
    0.12527246019303304,
    0.07343696642190753,
    0.11603248024257416
  ],
  "lower_weights": [
    -0.11980616168336902,
    -0.13410531647465815,
    -0.0988333460634809,
    -0.049990991199025656,
    0.06066452624583532,
    0.12057138613874382,
    0.029239823401571434,
    -0.1354929564730278
  ],
  "leading_edge_weight": 0.5,
  "TE_thickness": 0.008780501101458438,
  "name": "design"
}