{
  "upper_weights": [
    0.3008614770707397,
    0.35307111732041346,
    0.3938835046840084,
    0.5022233140938073,
    0.46383803275590113,
    0.3305643408547218,
    0.28738468340708206,
    0.22206600613286426
  ],
  "lower_weights": [
    -0.20521041393398615,
    -0.06667655291866578,
    -0.03226841732390001,
    -0.059034482492120344,
    -0.1107422847297013,
    -0.03551150512488199,
    0.03263643971612784,
    0.0105882099559797
  ],
  "leading_edge_weight": 0.4620465017390929,
  "TE_thickness": 0.004993406816386693,
  "name": "iter_0399"
}