{
  "upper_weights": [
    0.36196772645913383,
    0.27619799567705045,
    0.18816302535329432,
    0.13167557343071085,
    -0.006518286350620017,
    -0.006198507363939287,
    -0.099466209053864,
    -0.050184465225930175
  ],
  "lower_weights": [
    -0.18691144982085878,
    -0.08631118703602766,
    -0.1678933299084449,
    -0.19958169106435145,
    -0.2378909612362576,
    -0.24531456410084818,
    -0.25291636419853925,
    -0.24187712537843323
  ],
  "leading_edge_weight": 0.052665477012794115,
  "TE_thickness": 0.006612507203219899,
  "name": "design"
}