{
  "upper_weights": [
    0.23636353577110808,
    0.11195410079163637,
    0.0492673369549948,
    0.01638864174783211,
    0.0022168181426481803,
    0.10170219756233939,
    0.2618646683368297,
    0.3853938090794011
  ],
  "lower_weights": [
    -0.11991328972264703,
    -0.06763458897040542,
    -0.07301805965909194,
    -0.07931270212131217,
    -0.11250744391746659,
    -0.15976855199258597,
    -0.22184553516834318,
    -0.25692571067281295
  ],
  "leading_edge_weight": 0.12400322649985973,
  "TE_thickness": 0.003868926511185593,
  "name": "design"
}