{
  "upper_weights": [
    0.5301115061222752,
    0.4452891616641635,
    0.3117019395665425,
    0.14902307267865383,
    0.14646683339385158,
    0.12929589356032029,
    -0.008700781347509678,
    -0.01185840087656298
  ],
  "lower_weights": [
    -0.16795810548796397,
    -0.1665597101638849,
    -0.198921532902311,
    -0.17948859854475016,
    -0.2053078098112911,
    -0.2954007339183973,
    -0.2426046881172882,
    -0.18492276934136578
  ],
  "leading_edge_weight": 0.20901512504441733,
  "TE_thickness": 0.005509782989351325,
  "name": "design"
}