{
  "design_name": "HighSweep_MaxWashout_NACA00",
  "design_params": {
    "le_sweep_deg": 80.0,
    "root_chord_in": 28.360595585401867,
    "twist_root_deg": -9.689241084411595,
    "twist_tip_deg": -5.9494770942400805,
    "dihedral_deg": -15.0,
    "naca": {
      "m": 0,
      "p": 0,
      "t": 10,
      "chord_length": 1.0
    }
  },
  "sim_conditions": {
    "aoa_deg": 10.0,
    "mach": 0.3,
    "reynolds": 3000000.0
  },
  "vlm_results": {
    "CL": 0.026840983667866195,
    "CDi": 0.001019773906168888,
    "CM": -0.029618037855538033,
    "L_D": 26.320524094113242
  },
  "corrected_results": {
    "CL": 0.04893155901833202,
    "CDi": 0.0008249783353546235,
    "CM": -0.037312979288531264,
    "L_D": 59.3125381859857
  }
}