{
  "upper_weights": [
    -0.017165062822802557,
    0.5840328145764968,
    0.21552611205104294,
    0.5850235950697185,
    0.043089079568084165,
    0.5334696179576939,
    -0.05237549468251823,
    0.37743885707571784
  ],
  "lower_weights": [
    0.2947719651786019,
    -0.2989343909434112,
    -0.051030547385949754,
    0.28643128706231386,
    0.2866675918005645,
    0.29614646054412236,
    0.2999625098820005,
    0.2984754780926914
  ],
  "leading_edge_weight": 0.26129790805777675,
  "TE_thickness": 0.009979076032214564,
  "name": "iter_00690"
}