{
  "upper_weights": [
    0.2794768609389316,
    0.21620060123924406,
    0.24096497634535757,
    0.2601045625988812,
    0.31666375111820994,
    0.3013913238384603,
    0.1573997983677602,
    0.0012507107458217814
  ],
  "lower_weights": [
    -0.3,
    -0.2015045425931019,
    -0.1857221830490086,
    -0.23453738899216842,
    -0.3,
    -0.3,
    -0.21966954528752453,
    -0.3
  ],
  "leading_edge_weight": 0.5,
  "TE_thickness": 0.0,
  "name": "iter_0127"
}