{
  "upper_weights": [
    -0.3,
    0.42810224212641307,
    -0.21992141319507164,
    0.48684468305321665,
    -0.09915941768511966,
    0.5999999999999999,
    -0.03318085441512092,
    0.5999999999999999
  ],
  "lower_weights": [
    0.24002483443655004,
    0.3,
    0.3,
    -0.3,
    -0.3,
    0.3,
    0.3,
    0.16478951181996848
  ],
  "leading_edge_weight": 0.19717006744766075,
  "TE_thickness": 0.01,
  "name": "design"
}