{
  "reward": 43.22405,
  "CL": 0.43224,
  "CD": 0.01,
  "L_D": 43.224,
  "alpha_deg": 0.0,
  "S_real_m2": 13.965108,
  "MAC_m": 1.113
}