{
  "upper_weights": [
    0.4496228349520928,
    0.4483775452601512,
    0.3356831754371418,
    0.16424158465441913,
    0.10040401591157233,
    0.09145199022532474,
    -0.02957672932616745,
    -0.18828783861946627
  ],
  "lower_weights": [
    -0.14341303319797785,
    -0.01680836781287015,
    0.045809820474828955,
    -0.060534598659534505,
    -0.22333508299906163,
    -0.29557113563259557,
    -0.3,
    -0.3
  ],
  "leading_edge_weight": -0.4076788615369364,
  "TE_thickness": 0.003865712826436294,
  "name": "design"
}