{
  "upper_weights": [
    0.20025055392624108,
    0.518863542608434,
    0.487807900144759,
    0.5983191091227116,
    0.47476822523210865,
    0.5993285460471447,
    -0.2942237805313648,
    0.5249116492187558
  ],
  "lower_weights": [
    0.18094852560026903,
    0.2916081743927165,
    0.2966182082739985,
    0.17226488320905392,
    0.23598619708481267,
    0.27858764556190435,
    0.2817108518936375,
    0.24159921268536472
  ],
  "leading_edge_weight": 0.48982499493774423,
  "TE_thickness": 0.00365037132937876,
  "name": "iter_00676"
}