{
  "SA": 29.67900297676137,
  "AR": 9.704794334406893,
  "TR": 0.300214282578264,
  "kink": 0.3722791965737451,
  "rootadj": 1.0868438640751628,
  "DA_kink": 1.2733871046581535,
  "DA_tip": 5.021423461549752,
  "t_root": 0.14999715282308282,
  "r_t2": 0.6422867717224588,
  "r_t3": 0.9249420317484102,
  "r_t4": 0.9426036303847865,
  "r_d1": 0.4762546811563109,
  "r_d2": 0.5111368761423388,
  "r_d4": 0.06440932053112905,
  "tw1": -3.165147573156456,
  "tw2": -2.3873345076708805,
  "tw3": -1.7727521546956801,
  "tw4": -1.4092689252134691,
  "cst_upper": [
    0.10324961825401024,
    0.4995381923029844,
    -0.0896367177456385,
    0.5963646072978415,
    -0.03775444751289403,
    0.3519334577133247,
    0.3175990221265809,
    0.07342899045226603,
    0.45270982559999845,
    0.543755174964085
  ],
  "cst_lower": [
    -0.04899357847400737,
    -0.10990920987391853,
    -0.20489626502071484,
    0.11679837922530623,
    -0.2928847786363402,
    0.13921940858049114,
    -0.07694087784174228,
    0.06865906841464237,
    0.29929328294342034,
    -0.1887256229403831
  ],
  "_score": 12.941021430824629
}