{
  "upper_weights": [
    0.20922904924264968,
    0.21836059997594853,
    0.0527627905999154,
    -0.04794061106719316,
    -0.15464212466190608,
    -0.10055243593741112,
    0.05856377819651992,
    0.18664375480500173
  ],
  "lower_weights": [
    -0.1984924884371979,
    -0.2753634744056455,
    -0.28189193041192256,
    -0.29613920303677815,
    -0.24701821217620243,
    -0.28442954026138073,
    -0.2948721857657992,
    -0.29453583085087115
  ],
  "leading_edge_weight": 0.468880487273553,
  "TE_thickness": 0.0077944955385558234,
  "name": "iter_00465"
}