{
  "reward": 32.45594219812029,
  "CL": 0.3245594219812029,
  "CD": 0.01,
  "L_D": 32.45594219812029,
  "S_real_m2": 21.388946,
  "MAC_m": 1.495799
}