{
  "design_name": "Hybrid_Camber_Sweep_Opt",
  "design_params": {
    "le_sweep_deg": 68.93081637638667,
    "root_chord_in": 33.069953505656905,
    "twist_root_deg": -6.582659166735817,
    "twist_tip_deg": -5.423814115088531,
    "dihedral_deg": -9.842690576457791,
    "naca": {
      "m": 4,
      "p": 0,
      "t": 12,
      "chord_length": 1.0
    }
  },
  "sim_conditions": {
    "aoa_deg": 10.0,
    "mach": 0.3,
    "reynolds": 3000000.0
  },
  "vlm_results": {
    "CL": 0.147545015720705,
    "CDi": 0.00978286644225957,
    "CM": -0.13756873680746987,
    "L_D": 15.081982013303065
  },
  "corrected_results": {
    "CL": 0.039528124762960394,
    "CDi": 0.002458210059046494,
    "CM": -0.009515157130900075,
    "L_D": 16.080043533095303
  }
}