{
  "upper_weights": [
    0.2930477993587497,
    0.3431959293740946,
    0.23700117446481128,
    0.10231547218678977,
    0.10242400781291258,
    0.09851645568251449,
    0.04800435839725816,
    -0.011130546952547308
  ],
  "lower_weights": [
    -0.3,
    -0.1004105470011316,
    0.07585105948878418,
    0.09723600031255325,
    0.011912977743296436,
    0.043036832614089734,
    0.013703454999885564,
    -0.282659026057434
  ],
  "leading_edge_weight": 0.028678141658670442,
  "TE_thickness": 0.0038247129779764503,
  "name": "design"
}