{
  "name": "design",
  "mach": 0.82,
  "aoa": 3.0,
  "SA": 40.0,
  "AR": 9.754139660398337,
  "TR": 0.3332245706955455,
  "kink": 0.3613698123928699,
  "rootadj": 0.1,
  "DA_kink": 3.7230101380827834,
  "DA_tip": 5.096061060404981,
  "t_root": 0.14,
  "r_t2": 0.6002791797221597,
  "r_t3": 0.9446283526111751,
  "r_t4": 0.9518898783653305,
  "r_d1": 0.5625036533136436,
  "r_d2": 0.5382346919336009,
  "r_d4": 0.4222198243216655,
  "tw1": -3.347016580270559,
  "tw2": -2.4744790871483335,
  "tw3": -1.5569698288889608,
  "tw4": -2.1534049575974157,
  "cst_upper": [
    0.18298912079509538,
    0.2728303764327182,
    0.22023266042965922,
    0.28639818674473244,
    0.2390854721940086,
    0.3275193150663444,
    0.31734383637746116,
    0.36756149411064004,
    0.21628418321423076,
    0.5991480074551128
  ],
  "cst_lower": [
    -0.3,
    -0.2952826148293258,
    -0.25975479125797046,
    -0.24331095348679116,
    -0.28729684600724353,
    -0.12607376693565028,
    -0.138425432041737,
    -0.07724097718482983,
    0.2339302730943565,
    0.06722665741249811
  ]
}