{
  "upper_weights": [
    0.44930089347920005,
    0.32816298379523573,
    0.45616890178829644,
    0.18807251802501285,
    0.07917864713691442,
    -0.1569762055361176,
    0.24487695322448305,
    0.3258641571809405
  ],
  "lower_weights": [
    -0.14004244862258455,
    0.2182683173663878,
    0.19875345085821639,
    0.20973800661566028,
    0.06276515227990886,
    0.11255373960512588,
    0.024946737868362656,
    0.04250243639250895
  ],
  "leading_edge_weight": -0.20111049073204335,
  "TE_thickness": 0.004320843833175927,
  "_score": 187.14517788931425
}