{
  "design_name": "Hybrid_Camber_UltraThin_Anhedral",
  "design_params": {
    "le_sweep_deg": 66.11446594396233,
    "root_chord_in": 33.34929711065957,
    "twist_root_deg": -6.500637353412129,
    "twist_tip_deg": -10.0,
    "dihedral_deg": -15.0,
    "naca": {
      "m": 4,
      "p": 4,
      "t": 6,
      "chord_length": 1.0
    }
  },
  "sim_conditions": {
    "aoa_deg": 10.0,
    "mach": 0.3,
    "reynolds": 3000000.0
  },
  "vlm_results": {
    "CL": 0.1470080884274087,
    "CDi": 0.016955338486819356,
    "CM": -0.19759455679067617,
    "L_D": 8.670312806889052
  },
  "corrected_results": {
    "CL": 0.04422435253215097,
    "CDi": 0.0027045029886412454,
    "CM": -0.042724381619348224,
    "L_D": 16.352118196167897
  }
}