{
  "design_name": "Hybrid_OptimalSweep_ModerateWashout_NACA2412",
  "design_params": {
    "le_sweep_deg": 68.65653014291017,
    "root_chord_in": 25.734,
    "twist_root_deg": 0.0,
    "twist_tip_deg": 0.0,
    "dihedral_deg": 0.0,
    "naca": {
      "m": 2,
      "p": 4,
      "t": 12,
      "chord_length": 1.0
    }
  },
  "sim_conditions": {
    "aoa_deg": 0.0,
    "mach": 0.3,
    "reynolds": 3000000.0
  },
  "vlm_results": {
    "CL": 0.08083274680311399,
    "CDi": 0.0030932741578427077,
    "CM": -0.10437655693811444,
    "L_D": 26.131775807252684
  },
  "corrected_results": {
    "CL": 0.0394902042549295,
    "CDi": 0.001488160570141222,
    "CM": -0.050597937598516725,
    "L_D": 26.536252234650995
  }
}