{
  "upper_weights": [
    0.36283699368589223,
    0.31409548573079277,
    0.5999999999999999,
    0.5999999999999999,
    0.5999999999999999,
    -0.08495716735546638,
    0.5975878825839505,
    0.5999999999999999
  ],
  "lower_weights": [
    -0.16462227647285554,
    0.3,
    0.26804520753352207,
    0.3,
    0.3,
    0.3,
    0.3,
    0.3
  ],
  "leading_edge_weight": 0.5,
  "TE_thickness": 0.01,
  "name": "design"
}