{
  "upper_weights": [
    0.19035926862976973,
    0.35534900549480875,
    0.47397233869960764,
    0.38124852961199457,
    0.2451002925094158,
    0.13239666314383342,
    0.4638133396125954,
    0.05462173278236071
  ],
  "lower_weights": [
    0.10099681377030781,
    0.006961268382046018,
    -0.1536000939501647,
    -0.06367382818530942,
    0.20381554139731015,
    -0.09281952293509063,
    -0.10248771701568271,
    -0.21803027861166224
  ],
  "leading_edge_weight": 0.5,
  "TE_thickness": 0.007078600361467331,
  "name": "LessReflexed_AftLowerSurface"
}