{
  "upper_weights": [
    0.5999999869386442,
    0.6,
    0.47169361075323585,
    0.3390470986152393,
    0.17952619478104995,
    0.24518623141291981,
    0.07029739887190105,
    0.08965690475074996
  ],
  "lower_weights": [
    -0.16187535822450821,
    -0.18547669655955204,
    -0.11883862555424264,
    -0.206028824697927,
    -0.2999999720457582,
    -0.26889452820204895,
    -0.2543072025516409,
    -0.224694869560383
  ],
  "leading_edge_weight": 0.21375879886403162,
  "TE_thickness": 0.0011394236148687127,
  "name": "ReflexAdjusted_LessPositiveCM"
}