{
  "design_name": "Exp_InverseWashout_Sweep60_NACA4409",
  "design_params": {
    "le_sweep_deg": 57.628977392737916,
    "root_chord_in": 37.528771145834064,
    "twist_root_deg": -7.2630983079180655,
    "twist_tip_deg": 5.406648745707164,
    "dihedral_deg": 7.491248777013153,
    "naca": {
      "m": 2,
      "p": 4,
      "t": 7,
      "chord_length": 1.0
    }
  },
  "sim_conditions": {
    "aoa_deg": 10.0,
    "mach": 0.3,
    "reynolds": 3000000.0
  },
  "vlm_results": {
    "CL": 0.43870466766976435,
    "CDi": 0.05900846300993348,
    "CM": -0.4568550853455026,
    "L_D": 7.434605907222373
  },
  "corrected_results": {
    "CL": 0.13422690214858596,
    "CDi": 0.009497903648687352,
    "CM": -0.08806424145341006,
    "L_D": 14.132266141396016
  }
}