{
  "upper_weights": [
    0.3452022010106091,
    0.37771859766500954,
    0.3508918682674747,
    0.19970500834428162,
    0.0038072056147751554,
    -0.12227904519476596,
    -0.08730756635439965,
    -0.09070660219572788
  ],
  "lower_weights": [
    -0.14421576363215277,
    -0.02530052695284485,
    -0.017111255105220602,
    -0.1043242912440423,
    -0.24050099558328625,
    -0.25895668350147816,
    -0.26386129503730915,
    -0.2649631012105842
  ],
  "leading_edge_weight": -0.467740779169531,
  "TE_thickness": 0.0061763549707587705,
  "name": "design"
}