{
  "design_name": "Hybrid_Washout_Camber9",
  "design_params": {
    "le_sweep_deg": 70.2502891350304,
    "root_chord_in": 35.76106168224006,
    "twist_root_deg": -10.0,
    "twist_tip_deg": -10.0,
    "dihedral_deg": -13.80140565405475,
    "naca": {
      "m": 2,
      "p": 0,
      "t": 9,
      "chord_length": 1.0
    }
  },
  "sim_conditions": {
    "aoa_deg": 10.0,
    "mach": 0.3,
    "reynolds": 3000000.0
  },
  "vlm_results": {
    "CL": -0.011609986472897021,
    "CDi": 8.62893541851621e-05,
    "CM": 0.010531053550102717,
    "L_D": -134.54714758884379
  },
  "corrected_results": {
    "CL": -0.04578180421492376,
    "CDi": 0.0003402658091970139,
    "CM": 0.07520456668318144,
    "L_D": -134.54717746388707
  }
}