{
  "upper_weights": [
    0.33250956808816173,
    0.26768758861734937,
    0.17538647301740884,
    0.22081299965271214,
    0.1456796308502874,
    0.15175347429596664,
    0.03441745174389749,
    -0.026105293783962077
  ],
  "lower_weights": [
    -0.11899572461375729,
    -0.14524023313143689,
    -0.1508127231968973,
    -0.06954406243889186,
    -0.12176132512780782,
    -0.1579140718877445,
    -0.14476840085599244,
    -0.16024412041873734
  ],
  "leading_edge_weight": 0.14994258349817732,
  "TE_thickness": 0.00712287732445022,
  "name": "design"
}