{
  "upper_weights": [
    0.34418793520414215,
    0.304078335886324,
    0.2424801649785357,
    0.09719060174005346,
    0.0587883081808142,
    0.019936972443427764,
    -0.03992927242509729,
    -0.016583780719074463
  ],
  "lower_weights": [
    -0.0825560920367747,
    -0.07702142233784975,
    -0.10850683127439639,
    -0.21716389042050693,
    -0.17528057437707176,
    -0.25373955143242793,
    -0.25261920211590144,
    -0.2414554127765765
  ],
  "leading_edge_weight": 0.0421882368330217,
  "TE_thickness": 0.000690496383410159,
  "name": "Refined_Reflex_High_LD"
}