{
  "upper_weights": [
    0.40769653409454276,
    0.15805559135358022,
    0.12062202510090668,
    0.039726818491526865,
    0.15403719663213072,
    -0.04324331004865827,
    -0.05057134714455015,
    -0.11488898104475258
  ],
  "lower_weights": [
    -0.21323680258998176,
    -0.1881493247605453,
    -0.15937824134249795,
    -0.3,
    -0.0776789119042413,
    -0.16802041019708902,
    0.1043743189356571,
    -0.016052243575151275
  ],
  "leading_edge_weight": 0.5,
  "TE_thickness": 0.0,
  "name": "HPA_HighCamber_LowDrag_Initial"
}