{
  "upper_weights": [
    0.49560665300980705,
    0.48984253092778196,
    0.4050326900797304,
    0.24559223485050471,
    0.0937515899677818,
    0.0763935514149273,
    0.012049912964072367,
    0.05096227921455662
  ],
  "lower_weights": [
    -0.02418063404770935,
    0.11605095490862173,
    0.05914131773157331,
    0.02462891227546374,
    -0.05631278573884181,
    -0.186689857976111,
    -0.2742567552466323,
    -0.2973273570762424
  ],
  "leading_edge_weight": -0.15970327962434588,
  "TE_thickness": 0.01,
  "name": "Reflexed_Explorer_BluntLE"
}