{
  "upper_weights": [
    0.2835182313275008,
    0.24090125691561542,
    0.5146259045203203,
    0.5238603479779198,
    0.5907856058300323,
    0.2425159047060274,
    -0.019845335822903654,
    0.5905655173520132
  ],
  "lower_weights": [
    -0.0547914735267771,
    0.182633554985142,
    0.1407872198371199,
    0.21541034658772623,
    -0.1900589585900702,
    0.27202024767257077,
    0.1429785392832159,
    0.10336866110649306
  ],
  "leading_edge_weight": -0.22730442837673576,
  "TE_thickness": 0.004330291740586604,
  "name": "iter_00587"
}