{
  "design_name": "MidSweep_HighCamber_Thick_PosDihedral",
  "design_params": {
    "le_sweep_deg": 64.48561859579783,
    "root_chord_in": 21.033020773017476,
    "twist_root_deg": -9.536991735089305,
    "twist_tip_deg": -6.411405301706278,
    "dihedral_deg": 11.684323664737704,
    "naca": {
      "m": 4,
      "p": 4,
      "t": 17,
      "chord_length": 1.0
    }
  },
  "sim_conditions": {
    "aoa_deg": 10.0,
    "mach": 0.3,
    "reynolds": 3000000.0
  },
  "vlm_results": {
    "CL": 0.22138653137983919,
    "CDi": 0.01717159338791339,
    "CM": -0.2794961856661305,
    "L_D": 12.892602706028844
  },
  "corrected_results": {
    "CL": 0.21302437191121557,
    "CDi": 0.013028500009092498,
    "CM": -0.24729266827533736,
    "L_D": 16.350644491886815
  }
}