{
  "upper_weights": [
    0.44071924420420777,
    0.44995972325447003,
    0.3381185990073688,
    0.1695922494989628,
    0.10683869772488402,
    0.09924743490451748,
    -0.021335530435810657,
    -0.18026629017719303
  ],
  "lower_weights": [
    -0.13721087429451354,
    -0.012673396274188897,
    0.04090717115647924,
    -0.06425183334374462,
    -0.21729424058131075,
    -0.29568809808231666,
    -0.3,
    -0.3
  ],
  "leading_edge_weight": -0.4011143764984598,
  "TE_thickness": 0.003865712826436294,
  "name": "design"
}