{
  "SA": 33.07861480631393,
  "AR": 9.823244768862885,
  "TR": 0.26601384843551534,
  "kink": 0.381270389095463,
  "rootadj": 0.7469012548205951,
  "DA_kink": 3.9110407490001164,
  "DA_tip": 4.694575299812092,
  "t_root": 0.16177721400552747,
  "r_t2": 0.6695033118199434,
  "r_t3": 0.9417906199633038,
  "r_t4": 0.9610613048316804,
  "r_d1": 0.5961714809263257,
  "r_d2": 0.6781914108119785,
  "r_d4": 0.40400419722187764,
  "tw1": -3.717461181536393,
  "tw2": -2.707848118165688,
  "tw3": -2.520497740813953,
  "tw4": -1.4988600571903337,
  "cst_upper": [
    0.13019279436201298,
    0.13729998108412939,
    0.11233596563492966,
    0.1327176675646754,
    0.23511188070888217,
    0.0007314806078952407,
    0.22661792316529125,
    0.1702814088661025,
    0.07757870112856707,
    0.08548125641704574
  ],
  "cst_lower": [
    0.028738166180712052,
    -0.0757865512711654,
    -0.08145501392534435,
    -0.018982330662780114,
    -0.04076673973765689,
    -0.0755797884509927,
    -0.04409204612532858,
    -0.07797507319018938,
    -0.019977598224838043,
    -0.021053519139823635
  ],
  "_score": 33.33800128563686
}