{
  "upper_weights": [
    0.35048469088511897,
    0.19202428550458556,
    0.17498667386075067,
    0.1630254185516382,
    0.028839677152719456,
    -0.09731565615948592,
    -0.11611387214470231,
    -0.06806240711651618
  ],
  "lower_weights": [
    -0.05142844929437823,
    -0.05304961389163673,
    -0.19279255223844455,
    -0.24808324236548146,
    -0.2331579780600801,
    -0.23108702856289198,
    -0.1764051050660151,
    -0.2094022817424943
  ],
  "leading_edge_weight": -0.0028456170524846502,
  "TE_thickness": 0.005687156005700451,
  "name": "design"
}