{
  "design_name": "HighSweep_MaxCamber_ExtremeWashout_Thin",
  "design_params": {
    "le_sweep_deg": 71.51039731543345,
    "root_chord_in": 28.71000921696186,
    "twist_root_deg": -10.0,
    "twist_tip_deg": -8.38989900603714,
    "dihedral_deg": 2.4255975239328222,
    "naca": {
      "m": 4,
      "p": 4,
      "t": 6,
      "chord_length": 1.0
    }
  },
  "sim_conditions": {
    "aoa_deg": 10.0,
    "mach": 0.3,
    "reynolds": 3000000.0
  },
  "vlm_results": {
    "CL": 0.054662436827736145,
    "CDi": 0.018891582230680833,
    "CM": -0.1269070852784232,
    "L_D": 2.8934811367446893
  },
  "corrected_results": {
    "CL": 0.04300500704101412,
    "CDi": 0.007780321846608273,
    "CM": -0.061780511526711296,
    "L_D": 5.527407206137825
  }
}