{
  "reward": 84.748278,
  "CL": 0.847483,
  "CD": 0.01,
  "L_D": 84.7483,
  "alpha_deg": 0.0,
  "S_real_m2": 18.6,
  "MAC_m": 1.205556
}