{
  "upper_weights": [
    0.14999999999999997,
    -5.551115123125783e-17,
    -0.12,
    -0.17142857142857143,
    -0.21818181818181817,
    -0.23076923076923075,
    -0.24705882352941178,
    -0.25263157894736843
  ],
  "lower_weights": [
    -0.27391304347826084,
    -0.2793103448275862,
    -0.2806451612903226,
    -0.28378378378378377,
    -0.28536585365853656,
    -0.28604651162790695,
    -0.28723404255319146,
    -0.28867924528301886
  ],
  "leading_edge_weight": -0.4830508474576271,
  "TE_thickness": 0.0001639344262295082,
  "_score": -7.884076489373205
}