{
  "upper_weights": [
    0.36867413070716326,
    0.4503431131615158,
    0.37783640184692147,
    0.2441196183660035,
    0.12490517644313985,
    -0.008778969110902961,
    -0.0054547935821315195,
    -0.09818313898536024
  ],
  "lower_weights": [
    -0.06928313704767508,
    -0.05184039055178045,
    -0.029987136109486476,
    -0.0946189109817639,
    -0.14102425910718666,
    -0.21243055359861424,
    -0.2728323131101497,
    -0.3
  ],
  "leading_edge_weight": 0.22426014322654755,
  "TE_thickness": 0.000887154386338106,
  "name": "ReflexBoost_V1"
}