{
  "design_name": "HighSweepAggressiveTipWashout",
  "design_params": {
    "le_sweep_deg": 77.50442736938925,
    "root_chord_in": 27.66399849702022,
    "twist_root_deg": 2.002626698305643,
    "twist_tip_deg": -10.0,
    "dihedral_deg": 5.264190823773907,
    "naca": {
      "m": 4,
      "p": 4,
      "t": 14,
      "chord_length": 1.0
    }
  },
  "sim_conditions": {
    "aoa_deg": 10.0,
    "mach": 0.3,
    "reynolds": 3000000.0
  },
  "vlm_results": {
    "CL": 0.5154156532852052,
    "CDi": 0.043423165408992104,
    "CM": -0.5897201396427248,
    "L_D": 11.86960113180677
  },
  "corrected_results": {
    "CL": 0.22091564037036865,
    "CDi": 0.02717032269594286,
    "CM": -0.21311203260213007,
    "L_D": 8.130769841881794
  }
}