{
  "design_name": "Hybrid_SweepCamber_Thin",
  "design_params": {
    "le_sweep_deg": 68.49343122297022,
    "root_chord_in": 33.55106939852043,
    "twist_root_deg": -10.0,
    "twist_tip_deg": -8.381970768484738,
    "dihedral_deg": -8.022508181432917,
    "naca": {
      "m": 2,
      "p": 4,
      "t": 11,
      "chord_length": 1.0
    }
  },
  "sim_conditions": {
    "aoa_deg": 10.0,
    "mach": 0.3,
    "reynolds": 3000000.0
  },
  "vlm_results": {
    "CL": 0.050640032123198696,
    "CDi": 0.004912878967214477,
    "CM": -0.08389328684641531,
    "L_D": 10.30760832113696
  },
  "corrected_results": {
    "CL": -0.004669513789896135,
    "CDi": -0.0009624731650143626,
    "CM": 0.014933776372933097,
    "L_D": 4.851578163040477
  }
}