{
  "SA": 33.58175180980244,
  "AR": 9.559532330795712,
  "TR": 0.2713036221569718,
  "kink": 0.3759576842296873,
  "rootadj": 0.5705071964887146,
  "DA_kink": 3.814758108993387,
  "DA_tip": 5.409297308882914,
  "t_root": 0.15239587513527286,
  "r_t2": 0.6276865606284335,
  "r_t3": 0.9383371777060091,
  "r_t4": 0.9694919722936454,
  "r_d1": 0.5394759824349532,
  "r_d2": 0.7957026644780244,
  "r_d4": 0.48803180732443435,
  "tw1": -2.843816483852898,
  "tw2": -2.819322822067462,
  "tw3": -1.904445002522846,
  "tw4": -2.641478038403047,
  "cst_upper": [
    0.20817555779666433,
    0.006199576891690151,
    0.11894704472362877,
    0.09773536915890635,
    0.13797866482935564,
    0.06431753544465635,
    0.029402359754291632,
    0.20090429772574667,
    0.20563762209701508,
    0.16545685678165128
  ],
  "cst_lower": [
    -0.09848390054719335,
    -0.09848390054719335,
    -0.039959743104821414,
    -0.039959743104821414,
    -0.039959743104821414,
    -0.030522988592087852,
    -0.030522988592087852,
    -0.013247961827352453,
    0.01605301948387821,
    0.01605301948387821
  ],
  "_score": -0.04772515562912824
}