{
  "upper_weights": [
    0.5828249661053067,
    0.5996769603327654,
    0.5990795263315258,
    0.5399895218928812,
    0.43316932209893594,
    0.45488128988338145,
    0.47353187564470905,
    0.38665390029214447
  ],
  "lower_weights": [
    -0.29641741431820756,
    -0.27798685868864226,
    -0.28550235825606046,
    -0.2996409064928788,
    -0.16769949030291512,
    -0.050422519470417815,
    0.07337622180377984,
    0.2565548748655159
  ],
  "leading_edge_weight": 0.06830594190729466,
  "TE_thickness": 0.005082381347891743,
  "name": "iter_00528"
}