{
  "upper_weights": [
    0.1713277430640869,
    0.22506839053038707,
    0.525431599236781,
    0.5999997454678869,
    0.28423542817138553,
    0.25699697998330173,
    -0.0594092784447614,
    0.40977947303307705
  ],
  "lower_weights": [
    -0.06846071985265095,
    0.08346421383794042,
    0.05392566239955322,
    0.1715752097524367,
    0.061348215244430924,
    0.12362120112880541,
    0.18852229692561406,
    0.21354304657053935
  ],
  "leading_edge_weight": 0.4771707963436718,
  "TE_thickness": 0.0007017082539549419,
  "name": "Mild_Reflex_HighLift_Explorer"
}