{
  "upper_weights": [
    0.5537880486952226,
    0.5113354755184553,
    0.4882759109478793,
    0.37336796573476727,
    0.188839608710681,
    0.16649195166303554,
    0.11130741046366541,
    0.08904720166145363
  ],
  "lower_weights": [
    -0.12434869920058544,
    -0.03276465476423817,
    0.07212713155832341,
    0.14377786742887497,
    0.09865868990476719,
    -0.05029115057241226,
    -0.11805287245956092,
    -0.052044786112235585
  ],
  "leading_edge_weight": -0.32511919451036836,
  "TE_thickness": 0.005196580327172963,
  "name": "design"
}