{
  "upper_weights": [
    0.4383148714499318,
    0.06627443913534642,
    -0.16760236506962975,
    -0.14859747439084287,
    -0.17496446371875313,
    -0.12431655992373802,
    -0.04546998940976332,
    0.1678911758408142
  ],
  "lower_weights": [
    -0.1763644048721063,
    -0.3,
    -0.2446363248116161,
    -0.3,
    -0.3,
    -0.3,
    -0.18510530273756087,
    -0.026899662451481177
  ],
  "leading_edge_weight": -0.5,
  "TE_thickness": 0.01,
  "name": "iter_0140"
}