{
  "upper_weights": [
    0.19913470669934988,
    0.295341268024888,
    0.2248098475531825,
    0.2579904224730421,
    0.17644996155914483,
    0.10380573749932895,
    0.008621437398247295,
    -0.042879031425457945
  ],
  "lower_weights": [
    -0.08124447138462078,
    -0.08191464821512216,
    -0.06444883199092435,
    -0.10786101927718356,
    -0.1061732281743267,
    -0.1005662279755554,
    -0.14688338935682665,
    -0.23251250362365683
  ],
  "leading_edge_weight": 0.19369499171124718,
  "TE_thickness": 0.0043961202270395945,
  "name": "design"
}