{
  "design_name": "HighCamber_TwistDiff_MidSweep",
  "design_params": {
    "le_sweep_deg": 60.8869047057154,
    "root_chord_in": 34.45974172435582,
    "twist_root_deg": -7.469291647152522,
    "twist_tip_deg": -0.24155022831883954,
    "dihedral_deg": -0.2328772720075034,
    "naca": {
      "m": 4,
      "p": 4,
      "t": 11,
      "chord_length": 1.0
    }
  },
  "sim_conditions": {
    "aoa_deg": 10.0,
    "mach": 0.3,
    "reynolds": 3000000.0
  },
  "vlm_results": {
    "CL": 0.32923149717950567,
    "CDi": 0.03382776745492072,
    "CM": -0.3733200553140971,
    "L_D": 9.732581306710335
  },
  "corrected_results": {
    "CL": 0.12275826397337357,
    "CDi": 0.005504312528199423,
    "CM": -0.10628627031209567,
    "L_D": 22.302197294296874
  }
}