{
  "design_name": "Hybrid_SweepTwistChord_NACA4410",
  "design_params": {
    "le_sweep_deg": 67.19834138865227,
    "root_chord_in": 36.49241554120374,
    "twist_root_deg": -7.141256598411266,
    "twist_tip_deg": -0.8314557437075738,
    "dihedral_deg": 8.574812590746482,
    "naca": {
      "m": 4,
      "p": 4,
      "t": 7,
      "chord_length": 1.0
    }
  },
  "sim_conditions": {
    "aoa_deg": 10.0,
    "mach": 0.3,
    "reynolds": 3000000.0
  },
  "vlm_results": {
    "CL": 0.29514323369725215,
    "CDi": 0.030864792090264437,
    "CM": -0.33888279898431234,
    "L_D": 9.562456563261543
  },
  "corrected_results": {
    "CL": 0.0684927682226914,
    "CDi": -0.0014664694812331735,
    "CM": -0.04363059831660196,
    "L_D": -46.7058940531752
  }
}