{
  "upper_weights": [
    0.3759695639346639,
    0.47694194185857514,
    0.3484923849638701,
    0.466431805567106,
    0.4187801880806837,
    0.37072398579295657,
    0.40934635657964097,
    0.40301576592547944
  ],
  "lower_weights": [
    0.1263648786451244,
    0.16645884261007377,
    0.2288097828042644,
    0.13326477950919235,
    0.19158432201989123,
    0.1979952253891223,
    0.2034495850788966,
    0.21777031191863666
  ],
  "leading_edge_weight": 0.24408641885573734,
  "TE_thickness": 0.008328468396458021,
  "_score": 180.09246403306636
}