{
  "upper_weights": [
    0.4642665609884537,
    0.6,
    0.6,
    0.24451292237979502,
    0.3062226353023572,
    0.3802903025988812,
    0.29590658428165983,
    0.6
  ],
  "lower_weights": [
    -0.3,
    -0.2058515419510575,
    -0.2314832422085381,
    -0.1600885580203311,
    -0.018911351967360032,
    0.16740482131216106,
    0.20425760424698397,
    -0.1747447576005718
  ],
  "leading_edge_weight": 0.2611985616789571,
  "TE_thickness": 0.0010408846962529728,
  "name": "HPA_Baseline_CamberMax_Reflex"
}