{
  "upper_weights": [
    0.6,
    0.6,
    0.6,
    0.6,
    0.2599024231820265,
    0.38817670437819585,
    0.3139775820151727,
    0.6
  ],
  "lower_weights": [
    -0.11222367974782559,
    0.3,
    0.3,
    0.2992928313557391,
    0.3,
    0.3,
    0.3,
    0.3
  ],
  "leading_edge_weight": -0.5,
  "TE_thickness": 0.01,
  "name": "design"
}