{
  "upper_weights": [
    0.09761668809383534,
    0.2534662313277507,
    0.2569285529175789,
    0.08382951798208199,
    -0.0577152045520441,
    0.4842586592457017,
    0.1384543292963396,
    0.12581095979715173
  ],
  "lower_weights": [
    -0.005098463708575474,
    0.08489916564025152,
    0.09321389971727198,
    0.08750398747444402,
    -0.042591197154032756,
    -0.10606134178066295,
    0.02515273915829591,
    0.14535945284067095
  ],
  "leading_edge_weight": 0.1921853348410767,
  "TE_thickness": 0.005818621238488765,
  "_score": 89.45768857040592
}