{
  "name": "design",
  "mach": 0.82,
  "aoa": 3.0,
  "SA": 38.87857478238592,
  "AR": 8.572794826485556,
  "TR": 0.23858541295343727,
  "kink": 0.40678529108343964,
  "rootadj": 1.1,
  "DA_kink": 6.0,
  "DA_tip": 5.255750101070385,
  "t_root": 0.16440135791165056,
  "r_t2": 0.637061416477155,
  "r_t3": 0.909841515156815,
  "r_t4": 0.9448618911351961,
  "r_d1": 0.8,
  "r_d2": 0.7418257860164064,
  "r_d4": 0.7056810521410595,
  "tw1": -2.6075920472992284,
  "tw2": -2.222464719306166,
  "tw3": -1.0,
  "tw4": -3.0,
  "cst_upper": [
    0.6,
    0.2539297176248877,
    0.4355634854003982,
    0.1787932079722057,
    0.3400313763669952,
    0.3682726805005779,
    0.168612234503162,
    0.3132525251676939,
    0.4170707907888097,
    0.524334101627359
  ],
  "cst_lower": [
    0.08144002406067088,
    0.010088982950449474,
    0.04992748784539248,
    -0.14844685970885416,
    0.10827381190848975,
    0.1091588919590816,
    -0.0021381249497708058,
    0.07537122056699448,
    0.21985127398401635,
    0.3
  ]
}