{
  "upper_weights": [
    0.22149787492244172,
    0.24219091874311188,
    0.47958453087758773,
    0.5681665352346366,
    0.5676799659430471,
    -0.21717571873740454,
    0.495689559035229,
    0.5613023380964324
  ],
  "lower_weights": [
    -0.18436295462129904,
    0.2553922305906225,
    0.010261494860048959,
    0.0343081100424355,
    0.2308568257386408,
    -0.28750269280177015,
    -0.21777898072553842,
    0.26497961194682124
  ],
  "leading_edge_weight": 0.1061624211384884,
  "TE_thickness": 0.004061305022944144,
  "_score": 176.1563805804079
}