{
  "design_name": "LowSweep_CamberedWashout_Exploration",
  "design_params": {
    "le_sweep_deg": 52.109731174588504,
    "root_chord_in": 46.04243702520692,
    "twist_root_deg": -9.499727515392106,
    "twist_tip_deg": -6.362526796162424,
    "dihedral_deg": -5.549108146348622,
    "naca": {
      "m": 4,
      "p": 4,
      "t": 14,
      "chord_length": 1.0
    }
  },
  "sim_conditions": {
    "aoa_deg": 10.0,
    "mach": 0.3,
    "reynolds": 3000000.0
  },
  "vlm_results": {
    "CL": 0.2456300481314584,
    "CDi": 0.019968201402964784,
    "CM": -0.30678455970671437,
    "L_D": 12.301060229440013
  },
  "corrected_results": {
    "CL": -0.1022065742243997,
    "CDi": -0.009591308783331693,
    "CM": 0.1314099984115155,
    "L_D": 10.656165548753883
  }
}