{
  "upper_weights": [
    0.24503597405645855,
    -0.1724843938544315,
    0.06947702149021096,
    0.5808543795591474,
    0.20824462288694218,
    0.2154554710407463,
    0.3192073969379618,
    0.4664688214652876
  ],
  "lower_weights": [
    -0.06540494634653976,
    -0.2990167048882022,
    -0.12833079139960116,
    0.23232616428327107,
    0.23568931018396594,
    -0.1811154561466258,
    -0.26625568931514326,
    0.10556048888997605
  ],
  "leading_edge_weight": 0.35441487571378183,
  "TE_thickness": 0.005528993468424891,
  "name": "design"
}