{
  "upper_weights": [
    0.20503704996266128,
    0.3328917091089259,
    0.3198749206081839,
    0.23763778371350586,
    0.23991173174662506,
    0.14548184707851933,
    0.09195748441295146,
    -0.02981639232656362
  ],
  "lower_weights": [
    -0.11647635762247541,
    -0.0816939640383723,
    -0.027154403985618143,
    -0.021437904458278992,
    -0.03542394642930777,
    -0.03340246289405803,
    -0.1616660819926676,
    -0.18700146148347394
  ],
  "leading_edge_weight": 0.1003096834562907,
  "TE_thickness": 0.009964621892093567,
  "name": "design"
}