{
  "upper_weights": [
    0.5732285018534531,
    0.4184887018841285,
    0.2665111088680545,
    0.11715954686306909,
    0.06585250716264325,
    0.13308495731951875,
    0.3318246295919694,
    0.5206771762069103
  ],
  "lower_weights": [
    -0.12768532657580964,
    -0.17129380164422386,
    -0.13558262316031786,
    -0.05486013371468382,
    0.015722307626765606,
    0.04721047896805397,
    -0.033773254615796965,
    -0.27550978758191913
  ],
  "leading_edge_weight": -0.2956696095774263,
  "TE_thickness": 0.006900053638645277,
  "name": "design"
}