{
  "upper_weights": [
    0.5038541442160797,
    0.463664549776795,
    0.36995618674180086,
    0.2854598225223831,
    0.16468784367927505,
    0.12238367606416109,
    0.012796548628369044,
    -0.13766815800644444
  ],
  "lower_weights": [
    -0.23297383835276672,
    -0.16662162708012238,
    -0.14656786207283157,
    -0.03343973016536646,
    -0.10020581534579283,
    -0.20198116850844836,
    -0.26868344095553637,
    -0.27242787520849554
  ],
  "leading_edge_weight": 0.4824621918557644,
  "TE_thickness": 0.0008366599455939125,
  "name": "RefinedHPA_SmoothLower"
}