{
  "upper_weights": [
    0.20837515251541522,
    0.506231852141954,
    0.3391479498842777,
    0.5999999999999999,
    0.21436651844772708,
    0.06221911385111617,
    0.5999999999999999,
    0.20297642744828231
  ],
  "lower_weights": [
    0.10687984793142591,
    0.3,
    0.3,
    -0.18735384170617242,
    -0.15174407794034167,
    0.3,
    0.1839308702829568,
    0.2563021028630517
  ],
  "leading_edge_weight": 0.18382575035208615,
  "TE_thickness": 0.004222547756527031,
  "name": "design"
}