{
  "design_name": "HybridHighSweepCamber9",
  "design_params": {
    "le_sweep_deg": 75.98779955339715,
    "root_chord_in": 33.36737969340408,
    "twist_root_deg": -5.917752884571148,
    "twist_tip_deg": -6.732233396132117,
    "dihedral_deg": -8.761551649931484,
    "naca": {
      "m": 2,
      "p": 4,
      "t": 9,
      "chord_length": 1.0
    }
  },
  "sim_conditions": {
    "aoa_deg": 10.0,
    "mach": 0.3,
    "reynolds": 3000000.0
  },
  "vlm_results": {
    "CL": 0.14180289395002305,
    "CDi": 0.008821403787819307,
    "CM": -0.15710279615596848,
    "L_D": 16.07486714822261
  },
  "corrected_results": {
    "CL": 0.035722816252132625,
    "CDi": -0.0006724479046955159,
    "CM": -0.01228476761878794,
    "L_D": -53.12354459384909
  }
}