{
  "name": "design",
  "mach": 0.82,
  "aoa": 3.0,
  "SA": 28.935563250182398,
  "AR": 10.168996281509145,
  "TR": 0.262055156145438,
  "kink": 0.395454745440934,
  "rootadj": 1.0047670700329463,
  "DA_kink": 3.346546028480419,
  "DA_tip": 5.02853859173484,
  "t_root": 0.14,
  "r_t2": 0.6220447848445338,
  "r_t3": 0.9405128183149551,
  "r_t4": 0.9751808132360026,
  "r_d1": 0.6917015484236915,
  "r_d2": 0.6077592611012786,
  "r_d4": 0.03345651142136727,
  "tw1": -3.9547107088613442,
  "tw2": -2.7770556676555307,
  "tw3": -2.828812433702783,
  "tw4": -2.122760925179762,
  "cst_upper": [
    0.1814554229815361,
    0.12903924889796364,
    0.320397226271346,
    0.3354268750284766,
    -0.15221582557407495,
    0.33574073870122073,
    0.5999999999999999,
    -0.0132437945517479,
    0.1805701258274076,
    0.3100255264095934
  ],
  "cst_lower": [
    0.15535490945194613,
    -0.21965059514277074,
    -0.3,
    -0.23808088558248747,
    -0.25983937143379254,
    -0.1753960612332234,
    -0.1940124468949238,
    0.110190544820224,
    0.07738461681278136,
    -0.21576331528711926
  ]
}