{
  "design_name": "HighCamberWashoutDelta",
  "design_params": {
    "le_sweep_deg": 69.40658046983576,
    "root_chord_in": 34.556264207531065,
    "twist_root_deg": -8.321127881737555,
    "twist_tip_deg": -6.038747444736021,
    "dihedral_deg": -7.463568644417543,
    "naca": {
      "m": 4,
      "p": 0,
      "t": 10,
      "chord_length": 1.0
    }
  },
  "sim_conditions": {
    "aoa_deg": 10.0,
    "mach": 0.3,
    "reynolds": 3000000.0
  },
  "vlm_results": {
    "CL": 0.09180026823685253,
    "CDi": 0.004173895041510419,
    "CM": -0.08765942465645649,
    "L_D": 21.993909124181645
  },
  "corrected_results": {
    "CL": 0.004844751914240089,
    "CDi": -1.7098881394212828e-05,
    "CM": 0.025635142484631755,
    "L_D": -283.33736006144886
  }
}