{
  "design_name": "Hybrid_SweepTwist_NACA2412",
  "design_params": {
    "le_sweep_deg": 75.59568313320881,
    "root_chord_in": 25.734,
    "twist_root_deg": 0.0,
    "twist_tip_deg": 0.0,
    "dihedral_deg": 0.0,
    "naca": {
      "m": 2,
      "p": 4,
      "t": 13,
      "chord_length": 1.0
    }
  },
  "sim_conditions": {
    "aoa_deg": 0.0,
    "mach": 0.3,
    "reynolds": 3000000.0
  },
  "vlm_results": {
    "CL": 0.05825373746736693,
    "CDi": 0.0027032079435885944,
    "CM": -0.07938827093697667,
    "L_D": 21.549854351949428
  },
  "corrected_results": {
    "CL": 0.02783065750800159,
    "CDi": 0.0012001485585844249,
    "CM": -0.03631775503612282,
    "L_D": 23.189343776597
  }
}