{
  "design_name": "HighSweep_Washout_Camber_Thin",
  "design_params": {
    "le_sweep_deg": 76.92444522546587,
    "root_chord_in": 25.734,
    "twist_root_deg": 0.0,
    "twist_tip_deg": 0.0,
    "dihedral_deg": 0.0,
    "naca": {
      "m": 2,
      "p": 4,
      "t": 7,
      "chord_length": 1.0
    }
  },
  "sim_conditions": {
    "aoa_deg": 0.0,
    "mach": 0.3,
    "reynolds": 3000000.0
  },
  "vlm_results": {
    "CL": 0.05337810004218097,
    "CDi": 0.002644255711121702,
    "CM": -0.07401783947244255,
    "L_D": 20.18643651507433
  },
  "corrected_results": {
    "CL": 0.028737562783040873,
    "CDi": 0.0011702909582881275,
    "CM": -0.03654349109510372,
    "L_D": 24.555912851858196
  }
}